asset_id,event_id,source,url,local_path,width_x_height,credit,sha256
ast_0001,ev_001,blogs,https://blogger.googleusercontent.com/img/a/AVvXsEgVYKv9twObkqob1Aua_ArKbTmrPJHwzJ0AXc1okBB6wQWDS9OhHVgxN9kuz56JocAOtVQD972f-u9magla9-62kSZF2Rub6nwxH2Gx7WCeNDArP7mxMc2-2B325RZ5xuHjHnYaVNNKRWIKzSo0rSUtIpTguKSen-y2Sk3F5diRj2WOoxInftGmXmJl=s16000,,0x0,fuit.gr,
ast_0002,ev_001,blogs,https://blogger.googleusercontent.com/img/a/AVvXsEiZiy9Ou48cb4np1g1rLtCqeTtVmG_wblyum34RX0UxGdxObToL1zlFk-o3sloAHg_BlzaSuVP2T4_qeEsN-phpKgQ39OImnAQhDXuqj37uCEpuIZazo4aRbfjtaBY-NtMJmirVbgAgv7ZA-hqsvkzsfLDiyjurcu1XuBcy3jBkRBNtfCJlfQu0osKc=w400-h225,,0x0,fuit.gr,
ast_0003,ev_001,blogs,https://blogger.googleusercontent.com/img/a/AVvXsEiWQtzKUhv5ADP-9vu0riex1Q7k4MNg_4glmH3mgpuzj6qPdwbgJTDO2Xez2LhZJA0w69i-7QHQvq22dPqw3sw5t8B4qO-BfkQvJzi5g2Oh0PXXqnxuicU0Bprr9f39LLFIeyXc_zXggOPclh82xZQ9tT6jDHrvC_bpmFmGwKlxtZS6nRkU5w-4Bed1=w283-h400,,0x0,fuit.gr,
ast_0004,ev_002,blogs,https://blogger.googleusercontent.com/img/b/R29vZ2xl/AVvXsEiHXp7XlPC5opngqaoEkjBaYxWm58jWg0i25CmdNc-9qze7dhu_AEueu95w27wqKTcFQTyPfgEzEdQHtxOl-oUMiDqD8B8I-B6jjtfCpk6_92Ba-m6XEIBtj-27oyXOVOIVF2RtmR6_GNGo/s0/1611579496193.jpeg,,0x0,fuit.gr,
ast_0005,ev_002,blogs,https://blogger.googleusercontent.com/img/b/R29vZ2xl/AVvXsEjLUYV4EZJtJzEXaAs_0JBMMgWrXQ-htEiPMUtLhy7_AbeamgBhSDAO3AtECuKZiFI9ORhlsrUTjuTgekgseEm64Py8tCIf_l0BOiBbLZb-Bo9Tne3DJ-6xo-dMdp_99FQs2j_FzmCNnf7n/s0/1611580150481.jpg,,0x0,fuit.gr,
ast_0006,ev_002,blogs,https://blogger.googleusercontent.com/img/b/R29vZ2xl/AVvXsEju_hIA5oyiItPoHovPs5F8mMVaC5yupGpuhqka_HvYfgC2EJXXTHEzmoRXcPc3vHnBzwel4txp7HAuajrcNTizJ7heq3RsYKlORJ7D3FKzA0Ns6AwA9ErXEowWR-EqGhG-VcfpFjqM9_zS/s0/1611579496189.jpeg,,0x0,fuit.gr,
ast_0007,ev_002,blogs,https://blogger.googleusercontent.com/img/b/R29vZ2xl/AVvXsEhGuRwf-TayNpy9v8Pif5RZgIPO300FBXnrE2jPRLuBIfL3orQWzSITVbpGIKAZx8aAqSneZcZddsuhULCfo856746apNcyWy7L4Aw9UXcVxcIK3wEh7HmLedzfQAHDgYkPtbqcP6fDgTnC/s0/134121780_706978486688249_8375058975985737139_n.jpg,,0x0,fuit.gr,
ast_0008,ev_002,blogs,https://blogger.googleusercontent.com/img/b/R29vZ2xl/AVvXsEjMMezd7SjYYum7Yjvtsmn2qyLPbEUGG72_62DCbCerbAVnH4aqMUvNL_eYw5tq_U3mG_6MjDPpMkGdAZ168d1suCG-7v8YIfOrYofYDuMhW4lasQb4xbLKy6aT030DsjyEdALDrIvv_ZHM/s0/67376302_1560846450714929_6377752338337103872_o.jpg,,0x0,fuit.gr,
ast_0009,ev_002,blogs,https://blogger.googleusercontent.com/img/b/R29vZ2xl/AVvXsEj5yA63Mua-qNAtwqeKFdvMkfOm4nw9Yds1-3l1GQ8Y8ZcWQ3380qdFnxChzFA9qto4qSV_X4wRnm2sHIGS-4iciDJ1KEFM6ypABkrBBaGDXlcn58a_Y2aMsmgeqqaSkdQEW6LUmeYnv1bK/s0/67457291_1560847127381528_2921325794259107840_o.jpg,,0x0,fuit.gr,
ast_0010,ev_002,blogs,https://blogger.googleusercontent.com/img/b/R29vZ2xl/AVvXsEiSTZwDyfBRAipnqNiZo0fB9UJqkOMUmgSJxXgHQrPKeMl0ZxEdvxLRu94NIbSBoZ77TdnLK5RR3674o0CCIj9j79FCijb7nYCSAHah0eCg6KYFhbMN6zUb8aEaMcR7Cgj8AosnY20ZGio1/s0/67485744_1560845684048339_5566368943800582144_o.jpg,,0x0,fuit.gr,
ast_0011,ev_002,blogs,https://blogger.googleusercontent.com/img/b/R29vZ2xl/AVvXsEhmYjvXABCD2jyPVa3VARzZgo57FgEV7n-bzBVwedN_695U8dKmfcJAEx9FJUY4FeVqLxirL5Si4gFU3OsbHVW9hP3jtt-AWD9pyiS_86QmkufYbcr2b8aoAQCz3aqQnJ1NJx0zP0L5Adm_/s0/1611580150488.jpg,,0x0,fuit.gr,
ast_0012,ev_002,blogs,https://blogger.googleusercontent.com/img/b/R29vZ2xl/AVvXsEheM8BxNLnbD1-plZ3PXk_33Mr-CrN9_fKyr9xlnPR0idTDR9UC40IhbnK8aQ-2U27943dwixMnHqsD1PnvZqrDNmvH-129PmS5BWPcftxXFBQI6vmJEuGeuCmTEl5fq6jGitjoo0ocVvVv/s0/67837532_1560845394048368_169357213385621504_o.jpg,,0x0,fuit.gr,
ast_0013,ev_003,blogs,https://blogger.googleusercontent.com/img/b/R29vZ2xl/AVvXsEiAowiUyMM3-dbASzCziCEO4e1JntjAOEpZTdAxv4b9nzhUwiG5odR0PWvVS9Dey0RqNNAoarxSUsjSfuu-LsMPo4PLCnkXMeYO9Ol5EdHQ-jVeerobekH5-UdbP5Zanu7tQ7cpDF5CYJLR/s0/134477529_679324712737706_9013372089716451116_n.jpg,/Users/graogro/Dropbox/vlax-archive/raw/blogs/media/2020-12-28_ΑΝΑΣΚΟΠΗΣΗ_2020___Κι_όμως_υπήρ_0.jpg,0x0,fuit.gr,3a8cd356b3306d410d1ff2ac7a83f756912245d6a57d1d5930f3b767ac66a72b
ast_0014,ev_003,blogs,https://blogger.googleusercontent.com/img/b/R29vZ2xl/AVvXsEizKNBmEx0tXxkHyOn13adFuDd3PzWRHv4XXrjjT7JJuP1OztGJjXY3e64f1_zfnBxVntgz_povf3_4TdZEufGQB0BodvOYhsndburR7njdOT5ERvQk4geJfXS78N1y6nVzu3KonixYCyDz/s0/75429480_456781934817524_1974791053206618112_n.jpg,/Users/graogro/Dropbox/vlax-archive/raw/blogs/media/2020-12-28_ΑΝΑΣΚΟΠΗΣΗ_2020___Κι_όμως_υπήρ_1.jpg,0x0,fuit.gr,94a357882b416cc65508fc464eca63f4b5c816ff32b2d249d94a2c0f25c4b75c
ast_0015,ev_003,blogs,https://blogger.googleusercontent.com/img/b/R29vZ2xl/AVvXsEjSXVafsrm6GQtc3h3I60wDHVSMoXHZh9vkwahEyV2pr8J4acSmVOR6wwoT5zOj2cKZ8-DK55NA7b0Thv6qMLUN-qaQWI7Bp32ZhzjcoefLzBexscZpbM_ASYdWPcW6t8xDte2SBFtl6uCB/s0/75289860_431135197524529_4297129288047525888_n.jpg,/Users/graogro/Dropbox/vlax-archive/raw/blogs/media/2020-12-28_ΑΝΑΣΚΟΠΗΣΗ_2020___Κι_όμως_υπήρ_2.jpg,0x0,fuit.gr,8ff5c9e4b84fe49096c5abc5c60a7d4c9cb5376c68de46270bf050b47c416c07
ast_0016,ev_003,blogs,https://blogger.googleusercontent.com/img/b/R29vZ2xl/AVvXsEggK8D595AvYz0PGgxz7qiVb8RrKadshrkqjkAU8Z17N5xwCzgnzFQBUsl6RKkNOY_G1gQKbtnWA2ouY-jiVdz8F6GTgYm3NKmeCVjyzTTWRRpiMkl9iEoNSyhqiNmVprL6dKAAd-qXTq7a/s0/134233427_249886039866711_8771693104279337463_n.jpg,/Users/graogro/Dropbox/vlax-archive/raw/blogs/media/2020-12-28_ΑΝΑΣΚΟΠΗΣΗ_2020___Κι_όμως_υπήρ_3.jpg,0x0,fuit.gr,c8d3db87a2beba0c8e3ff87f8864dac3a6e01e9660aebe51daf07feb8979ba78
ast_0017,ev_003,blogs,https://blogger.googleusercontent.com/img/b/R29vZ2xl/AVvXsEh0_lTPTekJfF0mjEiIn2TYbot6SCizVSb89ovY4MsIHscFRW9T_NUpuqX7d5dhJvKtv-DQHtHOJLGoBG-wAXttgFsneJ_IeDBAO8Eqa32Fh6HJxaiYZRKopWuse1Ksv-0KDJymtx52YlpI/s0/133847556_728864551088007_679626110782785301_n.jpg,/Users/graogro/Dropbox/vlax-archive/raw/blogs/media/2020-12-28_ΑΝΑΣΚΟΠΗΣΗ_2020___Κι_όμως_υπήρ_4.jpg,0x0,fuit.gr,08f703128452499d6702a5cb9ebb21220f61781eb0ca86f30de5477f400807aa
ast_0018,ev_003,blogs,https://blogger.googleusercontent.com/img/b/R29vZ2xl/AVvXsEilJDswInwJxCoJwG3XebRkHA_ZnhcwW4ugG1nNEFW9MFSHegQgZtx4_NJ4REWDJdOb3nD9diYGFA5GBBAa0K1t8R5Y_nfwfo89gtVqV_U7jM6O66WdmQZc11LtnrBKL2P6kO3yyaCgjauZ/s0/133986206_1125236121229290_1654784056261293669_n+%25281%2529.jpg,/Users/graogro/Dropbox/vlax-archive/raw/blogs/media/2020-12-28_ΑΝΑΣΚΟΠΗΣΗ_2020___Κι_όμως_υπήρ_5.jpg,0x0,fuit.gr,88b990a1db2ce2883d0d898e6742b064a73751ce23cacb88509b0aec1e62445b
ast_0019,ev_003,blogs,https://blogger.googleusercontent.com/img/b/R29vZ2xl/AVvXsEiGSRENECkyRpmzKdlJmZWcJobxw-OIlcXWbq1TgOX5KQTOmtpeYBCnvpWsryT-ruN4_UbY5J-z9VY0mn3L2t0_cFttCBksmXVhsNgOH7bNGkVOcXFyCwXfrvzkYPTEIEeEtjFciE5AT10N/s0/133885472_435693027800668_1775201194025670506_n.jpg,/Users/graogro/Dropbox/vlax-archive/raw/blogs/media/2020-12-28_ΑΝΑΣΚΟΠΗΣΗ_2020___Κι_όμως_υπήρ_6.jpg,0x0,fuit.gr,607ee1d86f75d731dc7e8777ac94b8a93a502b3986cccf34e45011ff7f21d643
ast_0020,ev_003,blogs,https://blogger.googleusercontent.com/img/b/R29vZ2xl/AVvXsEiR4rpKu17TSSzAS9Y9ccPhL6nPArZOCw1gUmncyJUk8MbCUld4xf7ifOoTYbiM2Wh5pCY1Px3jdjX0VD72pbAE2G8o5mbbMVXd4EZPnrZIW4Fv2LG0x0D5TK-vE3VHfbydJepijy9ugzzV/s0/133903087_701677317388718_5384835912230472480_n.jpg,/Users/graogro/Dropbox/vlax-archive/raw/blogs/media/2020-12-28_ΑΝΑΣΚΟΠΗΣΗ_2020___Κι_όμως_υπήρ_7.jpg,0x0,fuit.gr,eb8f78434fbd19b85e78f0573c0f8caad6acfe79b26cab97ce06c9fdfbf4aee2
ast_0021,ev_003,blogs,https://blogger.googleusercontent.com/img/b/R29vZ2xl/AVvXsEird16otsK4wcJIjq7yiEIEkfGEicFr-qW9mhY14-7VppjYniDgwJB8b4-o86_ZV4HHRzoMmVGKo1IwiOt1vU_BGJI6O-8WoIOc2e7bfqy_FcNLJS4WmErBRfT4ePwZoGSzJuzy99wmoVdE/s0/133805191_154820052736594_4342225896357514888_n.jpg,/Users/graogro/Dropbox/vlax-archive/raw/blogs/media/2020-12-28_ΑΝΑΣΚΟΠΗΣΗ_2020___Κι_όμως_υπήρ_8.jpg,0x0,fuit.gr,4a9c62f6911bdc3e62a81dd03d8d4b318fa8df20efbd527171644b39801fdf36
ast_0022,ev_003,blogs,https://blogger.googleusercontent.com/img/b/R29vZ2xl/AVvXsEhTZ4_PpCk3ZYwj3Bw4t5lL3TplUTgz6U41H59Yn3NVa3K1OQfHZ2xQAsS-3OBWqrTJ8IRfabuH_uAkzIt0ezPxi4JcCUltd7gfm0GuCazn4-KYRhjs31or9-wwW42gqyb5wdTcuAvH1HZ6/s0/133721922_772692106927021_7444735749748915098_n.jpg,/Users/graogro/Dropbox/vlax-archive/raw/blogs/media/2020-12-28_ΑΝΑΣΚΟΠΗΣΗ_2020___Κι_όμως_υπήρ_9.jpg,0x0,fuit.gr,da445416e93725477ce4a8ea5d977bd0af0ca4884b9906dbbaadb90e6264bf35
ast_0023,ev_003,blogs,https://blogger.googleusercontent.com/img/b/R29vZ2xl/AVvXsEi-ISDWXNYrIGfett3lp4iMse-RsMlFhA3PfrphC7lHcH0RN2M4BjnYMBKhjkUQ7SGFhzBdW7QFg7t_ki3nA2JAM5di7dKuq9jmXowpIo_jNmVFGWpQIeE8yTIX09Q4EDGTKbxqzPcFdmqy/s0/133769936_895596334510581_5040433382396682228_n+%25281%2529.jpg,/Users/graogro/Dropbox/vlax-archive/raw/blogs/media/2020-12-28_ΑΝΑΣΚΟΠΗΣΗ_2020___Κι_όμως_υπήρ_10.jpg,0x0,fuit.gr,b3df350f73deec281b458d87bd63885089fab68fa8bf893fc062fc9e5d7b618d
ast_0024,ev_003,blogs,https://blogger.googleusercontent.com/img/b/R29vZ2xl/AVvXsEiSSIy9SwkPv9hOWc5NWIMmfsSQT99r3IKfe4ZkQ3r6vOsNXd-ykDZldKqA5v7-cw3xJAcYZyR57ALQCRS5jv3K0a0Sfbcxx5G0UljNmrE5YSPi_qEnH6etEsrNNg5_Yc5lXYu3xUBxoZL6/s0/133877773_2860619174153735_6294955169481822610_n.jpg,/Users/graogro/Dropbox/vlax-archive/raw/blogs/media/2020-12-28_ΑΝΑΣΚΟΠΗΣΗ_2020___Κι_όμως_υπήρ_11.jpg,0x0,fuit.gr,58e3763faf3dbbbc5b6e590c65d94c6a4620313a22843436479ffc30e352183e
ast_0025,ev_003,blogs,https://blogger.googleusercontent.com/img/b/R29vZ2xl/AVvXsEg532bHqKCaU2a4nOXwp-AYzVJChWQWnDAdzHu0KxjyPMumQHqNC2Mz4W9LUYuoplEEUrlQVb_uyW7pblpUAiyNYq1Z4PsdV3tLI3qRhB3ny9klAqWO55M07NaGlQZMqDSI2Hw0Q8j4tB4m/s0/134093882_109882860925560_6261390498450919571_n.jpg,/Users/graogro/Dropbox/vlax-archive/raw/blogs/media/2020-12-28_ΑΝΑΣΚΟΠΗΣΗ_2020___Κι_όμως_υπήρ_12.jpg,0x0,fuit.gr,0f0215ae3f1c142c5e3adbb33e932a9d7e9eea40982becb795a9b0911bd89806
ast_0026,ev_003,blogs,https://blogger.googleusercontent.com/img/b/R29vZ2xl/AVvXsEhtNt3LbMM9u1XOabUUQAcYpB7B82YMCiL8EiVDVCytxXi8EBaOu9hQ8E0IP9v1si9ipXav9htITTty4SfjmWBmdhWZqHOE3KHS8YLNogVktoUhL-oo-zM5aKZ4a2SH8lHJaF_QxyKNuCbm/s0/133993505_232557801639492_3694285253554920303_n.jpg,/Users/graogro/Dropbox/vlax-archive/raw/blogs/media/2020-12-28_ΑΝΑΣΚΟΠΗΣΗ_2020___Κι_όμως_υπήρ_13.jpg,0x0,fuit.gr,40d806614fb5bb5785a751b87ad383da85413eb307acbbce6afaedf971d6c705
ast_0027,ev_003,blogs,https://blogger.googleusercontent.com/img/b/R29vZ2xl/AVvXsEg00j0WmfLYTzoo-SJOyLjP5YEIFM5nvfp5-BGCspuB2y2fQ8vVUM0po0OjkCa9sucFN-iJgfMWJQFF305H5xNE_CBLcHWw0vyOe9rkdhefXeFi-gLfpmkiMPG6_25FKYosbSReAgWSnnmx/s0/133755128_333160157665894_7085739563828215421_n.jpg,/Users/graogro/Dropbox/vlax-archive/raw/blogs/media/2020-12-28_ΑΝΑΣΚΟΠΗΣΗ_2020___Κι_όμως_υπήρ_14.jpg,0x0,fuit.gr,fc379002aa517746d85b7ee312ec4ee16cdae74f6c54d958c421babf920f1d3b
ast_0028,ev_003,blogs,https://blogger.googleusercontent.com/img/b/R29vZ2xl/AVvXsEgzEeYWp8RpqCE44z_UUCcdLa5emGgqLhg_8mUPO8eweU4B4G04Zr8bSx-F9eC7xoQbv52gpOyekNlUz-2j_xYr-Vn_kONsJukWeSvmcQfYUo-vNCzGmiiSb-CEpG2hFC2rRVQUSrmFrQIU/s0/133683906_2495241294116667_8415101038636336861_n.jpg,/Users/graogro/Dropbox/vlax-archive/raw/blogs/media/2020-12-28_ΑΝΑΣΚΟΠΗΣΗ_2020___Κι_όμως_υπήρ_15.jpg,0x0,fuit.gr,f59092494e0f9d3688368ce8614af15451181aaa9a71bf3ad957008bcdeed24b
ast_0029,ev_003,blogs,https://blogger.googleusercontent.com/img/b/R29vZ2xl/AVvXsEhdYuG8knI9ST3nhFcw0x4fsBX9By55ResxXPtbQx3XbgoL0NIpKA0qExVU9GPBlpc5LULrbNUcD2I44aDw6GydJKDXen4o-H4Wf8IyuWhDJAWQC5JzXphEthEW1gu4UjPLXUxyl1lcg4b9/s0/133906030_2571811866442383_3519720997981805688_n.jpg,/Users/graogro/Dropbox/vlax-archive/raw/blogs/media/2020-12-28_ΑΝΑΣΚΟΠΗΣΗ_2020___Κι_όμως_υπήρ_16.jpg,0x0,fuit.gr,7d019fbd0c18142a6c89fae5ea1fb60b0af2e9d67cf35d4be350c792985c5606
ast_0030,ev_003,blogs,https://blogger.googleusercontent.com/img/b/R29vZ2xl/AVvXsEj5dXBboXsIMDFWLCAwSc39NgztRX83DI3mNYWx-gNyzbh0I__etE0PsX13V1TlyLFvLJzZ45Wp-JW2karp0b2IWlqjZCK9wL-XNqPi3tjvoaEkVBQVPwlY8RKvAkfMQX5rF3MmFEgUeJf8/s0/134343625_1151159261969487_1185459350678880192_n.jpg,/Users/graogro/Dropbox/vlax-archive/raw/blogs/media/2020-12-28_ΑΝΑΣΚΟΠΗΣΗ_2020___Κι_όμως_υπήρ_17.jpg,0x0,fuit.gr,5bc399a02c03b621d996f6b3654a4b57644d2a1123954ba980bab6b4d4ee13aa
ast_0031,ev_003,blogs,https://blogger.googleusercontent.com/img/b/R29vZ2xl/AVvXsEiOfvlGYJGdZQ1zKR2lBw0dT78IvYDTt0xwlT4aYo8rwoYx7Kg9Rt3vuKNcfvcQuKAeMc8-k8IUXx44m13MZKUHB5qAe7c3PzZe6Irv_pOMfnGQYSeX2iztzvvYSaBHkeUrNAQf_5NEAixb/s0/107397046_202623621074889_3378642835924229113_n.jpg,/Users/graogro/Dropbox/vlax-archive/raw/blogs/media/2020-12-28_ΑΝΑΣΚΟΠΗΣΗ_2020___Κι_όμως_υπήρ_18.jpg,0x0,fuit.gr,2b4055c0bb327ac2c8b463a742abebe0e651dbcc96ed79cb6f9327f692667341
ast_0032,ev_003,blogs,https://blogger.googleusercontent.com/img/b/R29vZ2xl/AVvXsEihPPlqHnURCDyXu-zCnyoQTxUZ5Py_q887wpnUx6-tr8afvj46jTfTFbaZq1YAHFvGSeNakQlhxZV3jNnOs_tz1ohD8o72kQBrhaJMpXKmIFgmyeWQfuS1QMDoAeCla0S-OiRjS_OIQwTU/s0/134035083_848217075791297_9084890308362060889_n.jpg,/Users/graogro/Dropbox/vlax-archive/raw/blogs/media/2020-12-28_ΑΝΑΣΚΟΠΗΣΗ_2020___Κι_όμως_υπήρ_19.jpg,0x0,fuit.gr,f8aed0579d39457d035a0b04aac4ac45700525ea9378896bc3ce29e93412ccc0
ast_0033,ev_003,blogs,https://blogger.googleusercontent.com/img/b/R29vZ2xl/AVvXsEj9uCvS3VSRIe02enACucygKQoO70hnVDF08XGadMJ2uWuZeHyxNslvas5Dg64hIB-3T5byEUBwI52Ibc9nsMxDPtQ6rvOMZWR7WjRWlCVYN956PFf2rAJpFOmvkIQKIwMxDXawLLtAeL_I/s0/107909494_2696161880660551_1909344770438334464_n.jpg,/Users/graogro/Dropbox/vlax-archive/raw/blogs/media/2020-12-28_ΑΝΑΣΚΟΠΗΣΗ_2020___Κι_όμως_υπήρ_20.jpg,0x0,fuit.gr,36b331c9aba84c61ef4896b1646bb9517cd99c5d9c34290edceb4638841a559a
ast_0034,ev_003,blogs,https://blogger.googleusercontent.com/img/b/R29vZ2xl/AVvXsEgz3V4kM1wygFwNvIsGaq0eUjuLuOeAKWttMY4zNxb747mQ4eX9B59CvqsTEQySqGZitBtFz4HS3cs9EFTfDxyHXIFTQLSSn7PZnjNUcbjS46NsFG6pKcfsgHTfdpaY6r6M5M7l5S6yjNUk/s0/117176773_3210101122404202_2355426966639261826_n.jpg,/Users/graogro/Dropbox/vlax-archive/raw/blogs/media/2020-12-28_ΑΝΑΣΚΟΠΗΣΗ_2020___Κι_όμως_υπήρ_21.jpg,0x0,fuit.gr,7b9a13562a37dec905e1a050c55e329114963ad241745acb71c45dcf4e057138
ast_0035,ev_003,blogs,https://blogger.googleusercontent.com/img/b/R29vZ2xl/AVvXsEiCjShsNkCd-ut5aDZAOCOT_ae9vpUdlVmef0viJ6QcVne7qyQDpHb64fLv2Ei8EzDN_v3oCrv_dW1ENf4llZFhTd_kMp6uUTBD2psUSbtMS-T1GM5JteXxShJ7bF3POO32HcmeKnRNKaab/s0/133899151_691981708182727_3537322649493443693_n.jpg,/Users/graogro/Dropbox/vlax-archive/raw/blogs/media/2020-12-28_ΑΝΑΣΚΟΠΗΣΗ_2020___Κι_όμως_υπήρ_22.jpg,0x0,fuit.gr,7023919adfa8ac82f9ae5007c6e07b11fe490cca1c72840c586b0f1aac371d6c
ast_0036,ev_003,blogs,https://blogger.googleusercontent.com/img/b/R29vZ2xl/AVvXsEhLAoLXLggxpbFST7o33VPoReWetZXX8NVATfrfT30DohDlnL_d-Ix9MMw7iIOeLY2NZ80ld3dAR_X_yt632e-M9xE7XjPzr1ArkJDVy68VGbhklow7708ym9UQl8zRnG25AezzB8KK91zT/s0/magda-fyssa.jpg,/Users/graogro/Dropbox/vlax-archive/raw/blogs/media/2020-12-28_ΑΝΑΣΚΟΠΗΣΗ_2020___Κι_όμως_υπήρ_23.jpg,0x0,fuit.gr,a578c5b2d48ab7c237b2faec9504d87716c3ac94438b72e20786e56d369763c1
ast_0037,ev_003,blogs,https://blogger.googleusercontent.com/img/b/R29vZ2xl/AVvXsEhwesDAmNHny9c_58-blOIoy_UBRCrIDdMrHSXJ3vlcFUMUiCMF7mwyjW1GH9gs5LvXO6nIdcXxB5PdXbOelFbTi1diIyrShTqqg6iu5feOqqjICdP-C-Zg-PrKGqmfXT2hOyo0j6KC66jG/s0/creatividad-alusiva-al-fallecimiento-de-diego-armando-maradona--besoccer.png,/Users/graogro/Dropbox/vlax-archive/raw/blogs/media/2020-12-28_ΑΝΑΣΚΟΠΗΣΗ_2020___Κι_όμως_υπήρ_24.png,0x0,fuit.gr,5df4715a4edabaf43e91aedb5731cd08b4f1d0a7d464d864fe939f725458cace
ast_0038,ev_003,blogs,https://blogger.googleusercontent.com/img/b/R29vZ2xl/AVvXsEia2sO5lfY3AyXB6TAxyJXgVFs8KS910zUHyCukp2nZg-V5mLcOvOi1kUk9zkPFgImUmyT95-yrpTUb4_9TzBGW5NHNknH-t8Dl9sTx2UgyXZM47rkcMEVb5cQuxtBdjobZULz_v5D-Iy5L/s0/133783848_422498542222655_5829038956074375081_n.jpg,/Users/graogro/Dropbox/vlax-archive/raw/blogs/media/2020-12-28_ΑΝΑΣΚΟΠΗΣΗ_2020___Κι_όμως_υπήρ_25.jpg,0x0,fuit.gr,159c8c114df98e2e44d63df4fa9d43ddaf86ca075bb7748d0b107a8fd15febe7
ast_0039,ev_003,blogs,https://blogger.googleusercontent.com/img/b/R29vZ2xl/AVvXsEigJkZzDNvVXa-xkFhdZVa4TykBgjAdZS6IEPHSNuE2lUb0O9eWgbpwkRauwILh95wrQfvEDIUOrUrgEMtFZrdEzHndC9pgHRFEj_jkeRVWW1ILLERNyeiz7KqGGuI3p4pMU88aGdBAs7z4/s0/134331064_490024311982254_8701359846751990121_n.jpg,/Users/graogro/Dropbox/vlax-archive/raw/blogs/media/2020-12-28_ΑΝΑΣΚΟΠΗΣΗ_2020___Κι_όμως_υπήρ_26.jpg,0x0,fuit.gr,3f142af342afddc4491c0a6aa1d1f70dd88fc1ab41b72784316ef8b787236f91
ast_0040,ev_004,blogs,https://blogger.googleusercontent.com/img/b/R29vZ2xl/AVvXsEj4F78El6xtIr5yJKHIW9qaOmcmkxCRTBEpPK8Dlfk8KwKF2I-tBrSIBvhwSgfTwbVJtSKLKocRvVvBCx1-FKwf6U47YKfomMsb0XxRdim64mQX6LMpPoW7qS1o58V2srbh4OUtNozkJJk/s0/85b03b46122335.5607c397efb4c.jpg,,0x0,fuit.gr,
ast_0041,ev_004,blogs,https://blogger.googleusercontent.com/img/b/R29vZ2xl/AVvXsEiTKualtLHg78fhWnaJZ7Vxc8_hSeCSMjH922f_z8U3DMSAZLtaaSZRKDbZFpKawGOJkRsiEZBRwA4RsBO_f5mKw1VsbmYMNOtKw3gYoXjIjLP50yFezQMJIT03Xl4YDarmQn1_JUEZLI0/s0/61136492_458184491607904_8570004217169707008_n.jpg,,0x0,fuit.gr,
ast_0042,ev_004,blogs,https://blogger.googleusercontent.com/img/b/R29vZ2xl/AVvXsEg6TFN0NvN1SVM0cG2UccpFq30T7EapLVxJwAqwZenbXwEB29LZiU9GXIhYSUsv89uofilDzmAFxUgrDUfP3dHYgddIh6RrfYeJkVOfDyAjovhLNCM6TAKe6LZefHlxQHvI2hr2oDa-h5E/s0/85b03b46122335.5607c397efb4c.jpg,,0x0,fuit.gr,
ast_0043,ev_004,blogs,https://blogger.googleusercontent.com/img/b/R29vZ2xl/AVvXsEiZxGxMLPivCSDZTb7SAnpE8CS0lVDSHkgzZMruZviA9Rw62kBAw8fFdsKJWlLoQz6WjW4HORFlG7LXGmOQNgnC2Y51_YVA_XCuCEo4CQWy9VGO5mzSypJnGgvL_z8epOoTlEv5zpJup90/s0/3dba6016467269.562ac48f4826f.jpg,,0x0,fuit.gr,
ast_0044,ev_004,blogs,https://blogger.googleusercontent.com/img/b/R29vZ2xl/AVvXsEjVTlV133gDRCVMwtn0541dclQKw-xtbF_cXkwhBQlaaqAm1a7PtYpUx3DUqyRhxkbZVMx8-CNCE8sf3A1mFalXpbjdfsP90ukLDSHSe_gzIdM6FHkUP45fsxPV9nWCx0H5gT4AdCndXdk/s0/8cd10b46122333.5607c397e1a3a.jpg,,0x0,fuit.gr,
ast_0045,ev_004,blogs,https://blogger.googleusercontent.com/img/b/R29vZ2xl/AVvXsEhJRCgNa_JNAnv2fkl9gY9o4orgqdKNi8vGgRsnpuC1DDJybiZ0NhfV0mkhIM0JVZm32Twcbt9BaTmcKOC2EuaBiEv2IajI3bgPLVtW-puBq1Jg19HAkGlin30zbLdrcxOL_gZZLIH_dGY/s0/60796121_622944618186243_974550194249007104_n.jpg,,0x0,fuit.gr,
ast_0046,ev_004,blogs,https://blogger.googleusercontent.com/img/b/R29vZ2xl/AVvXsEijePOkc7UcS-1h4kRyaTxvCVsKKkmfzgi0qkLJax8JQLZaP0cZBAQssNV7_dgxdtBftJHM6FM5YYkubS0_8bAv2T6KPGzib-P5hZi_-X9CoJfBttKNqlu1HCbm3Is1LNKG-moZVJh099E/s0/ac0c8616467269.562ac4fe0d53d.jpg,,0x0,fuit.gr,
ast_0047,ev_004,blogs,https://blogger.googleusercontent.com/img/b/R29vZ2xl/AVvXsEg5ixkq3Si9Jxl8jBnt9e9COV3vUSMhLVrtBEuhZItJaBMMdYEPCQWt1sf5ml4NIpdShOr6DQJo0MSj5TP6Nrau-I994edyahklzSU3_aAXJn0_gdrbfgciCw3yBWQeAjxQ1o9nBifNm7Y/s0/fa99cc16467269.562bcb35f1030.jpg,,0x0,fuit.gr,
ast_0048,ev_004,blogs,https://blogger.googleusercontent.com/img/b/R29vZ2xl/AVvXsEgnrljONTnoh7iPBropA9eI59ZvnEGbHlkpz_RZyE5HGp2EnIkIx9m4KlyxDQ8WSPcUtK8f2pbE9D1rq4s8JqJqckp2NiW8B2FEjbNCGPzAeEWCBpKdgm5n9lfvzmXli1jBiWDPLFKTDVs/s0/61121915_1040417306147852_7687517660522741760_n.jpg,,0x0,fuit.gr,
ast_0049,ev_004,blogs,https://blogger.googleusercontent.com/img/b/R29vZ2xl/AVvXsEjhtnMeDYyxLUGecJNKFfry6LQB46atKCmH3HudUNoRIRMwIciAjYLa_t3nEYsbp6PFOnwrYYucXMayrsFP5JaJTHDHOYOcQtXbgYSZv-OUtulIIJS94WxfIQD6assc1Fu8L0Z6BH7JNss/s0/26173216_10203694111390578_4017777788791745695_o.jpg,,0x0,fuit.gr,
ast_0050,ev_004,blogs,https://blogger.googleusercontent.com/img/b/R29vZ2xl/AVvXsEjxOwfbMii5_Sv7DQVDoGv12Xx8UZOl25pHqYBG7nDxeHDbDXfq4vCpgyNYoKFeMp6f508s2TUhMVkkQ2i_zG2N5LEwqjGNnvrfCNLxuvN9tyMUeeppNWUFHwvhlB1BwLjUTz_JfDrM9Bc/s0/60615476_602468633584683_2253585777051041792_n.jpg,,0x0,fuit.gr,
ast_0051,ev_004,blogs,https://blogger.googleusercontent.com/img/b/R29vZ2xl/AVvXsEhT99Tu_31uzkI7zkG2KotZ3snJ6YGno23cmXWJyTMVLy0wYZax2gtY3XFWWBLPEPGMGA8jEx4CQwjpfQuplNpjEZmz63MW8KZIcph8WdIUrGbdMBuo2s-p2MysbGI9HZlkl_jNY48um-g/s0/60822831_299715290917251_8196301659660353536_n.jpg,,0x0,fuit.gr,
ast_0052,ev_004,blogs,https://blogger.googleusercontent.com/img/b/R29vZ2xl/AVvXsEj0ZCYPzce7wb3Qbi6UPidvtz6vDDx042m1JlK-B5FcH-P9m3MXf4bSUQVCGhW4GIws0JqOYHeTplckEYv9gOlq3dwLwXBtjHswX6SyFxBfgwAItbObLZ0qMOblKax6zIuDC47bU3f57JE/s0/60890301_1784794848289626_7146279423912706048_n.jpg,,0x0,fuit.gr,
ast_0053,ev_004,blogs,https://blogger.googleusercontent.com/img/b/R29vZ2xl/AVvXsEgMVQ8ZXAe6O1QSxDJjQql-wf0RmLK0l_n-_g9BPQUxr4n191lBAt3LCmUXwWmHWjLacp6QMni9Mfkr_a6Azf8Ax_NklKpRzGuQfq7GW8cUx6wQb7ZutBhiOypvHFgfQw_pcRfHuohhUWw/s0/61318305_581673535688658_6659635259631468544_n.jpg,,0x0,fuit.gr,
ast_0054,ev_004,blogs,https://blogger.googleusercontent.com/img/b/R29vZ2xl/AVvXsEixM4HaiAJ81f_w4H0oYmVZNvdnrnWfjS88h4EDWOHhjS6xCmUNpfV17YPgj_vfT9YCJ52nbhpsxmrv8zdHYRGH9atuObgcYTpauoCwnWzEhjQ688YrJ0vv1ayjHdGooQQ7J68sNkXFMLo/s0/60676474_2422484557814179_3320578364888055808_n.jpg,,0x0,fuit.gr,
ast_0055,ev_004,blogs,https://blogger.googleusercontent.com/img/b/R29vZ2xl/AVvXsEins15E4eNFYlfzpcg5SNjdm8FxTxROe-KhqBZSz8eJiLM8FQGmfVW5vJWNxoxWgS3WgRtdF6k_RvtAw5cpyCKjazpKzJCiO8A8cLXFBxFkD7a0UdLPbIUc6UgdkxGRygjZuBMxY40g2QU/s0/60747614_1222462674585731_7625538331798929408_n.jpg,,0x0,fuit.gr,
ast_0056,ev_004,blogs,https://blogger.googleusercontent.com/img/b/R29vZ2xl/AVvXsEjwojX9Ukw3LKgI8jJZlgBY0MxY-1vzGAhhkISRMKk-Sa_m2kqsQ6zm3mHGH6GRwr7Ocg7mhh7iKy_31WQ8gA6TRnq1sM-z7DSG4M33QJFv8Y018_qlVBzJgDEBT3LpdQBvjz9IwnVcbCg/s0/61062542_324226064911120_8318948311973232640_n.jpg,,0x0,fuit.gr,
ast_0057,ev_004,blogs,https://blogger.googleusercontent.com/img/b/R29vZ2xl/AVvXsEgg13AiQxQIo_QVoPbdBKdeng37ETCDCdRj_MGhTOpwgQoib1xWoRoP2EE6aXFyewkngYn7ihAKJt4rg8pRk6TEefgCvkJJ0vUpNkIb7FN99kO3WPR84FTWugci_9cMdvZ6pinvBRF7VEY/s0/0a4ff83ef47c08687e8838bcdb8dd763.jpg,,0x0,fuit.gr,
ast_0058,ev_004,blogs,https://blogger.googleusercontent.com/img/b/R29vZ2xl/AVvXsEhF-TSzrZHTQUGN_HVByahS1irwm0Jh6_pFiefCwBNPh8tihyY_q9ipg9GsM5oWtDUIw2znXmvadXzo2Rr3CNG5u5UBrzIlnkbm1g9pfdPMKgJeuHFP1RIOWTAOBems6j4xLidn_uwQVcw/s0/36698a6206b71bbc295869ba951a1449+%25281%2529.jpg,,0x0,fuit.gr,
ast_0059,ev_004,blogs,https://blogger.googleusercontent.com/img/b/R29vZ2xl/AVvXsEgE8jXJs6aybWnhAUF99zkgOIV3-9TrRaUAT0F5wI_lNRHA4zBnFdfdT7QzFtypUtw-S2hitNhIrewCYP1FRRVISesScU8feD7rmWj8G5vdllm_XS85m-8awlXjitr4F6SY66F-qxbPNyU/s0/60802393_670573280064199_2740452897379581952_n.jpg,,0x0,fuit.gr,
ast_0060,ev_004,blogs,https://blogger.googleusercontent.com/img/b/R29vZ2xl/AVvXsEiDN20V2yqgcPEIU4BLwVR8PEgymoJ58AE5LzQ1qrlIwtBAQdAMZ83BYglFb2eSuqmCh2DHmtlYikFmS-mvpyW_e_lT7Fb74QNJXR0pms209-_aw3HMaaIIM8eI1wqNiELnx9tFKFUTUkE/s0/60729047_687122355041159_3949415079430062080_n+%25281%2529.jpg,,0x0,fuit.gr,
ast_0061,ev_004,blogs,https://blogger.googleusercontent.com/img/b/R29vZ2xl/AVvXsEhrG8mBkGBo9Lns_IZcQXldP5ttOQIUF12ejS3vOzu_EoBRE5ESjhZp8drTzjzj5NPmGgace2GEgNTq-turPmU8zRjtrQyf5MqXbpPPXpqAhap7ZQ9MwIpIfsxbcxQhfEYbseSG1swCp3U/s0/fuit-art-cafe.jpg,,0x0,fuit.gr,
ast_0062,ev_004,blogs,https://blogger.googleusercontent.com/img/b/R29vZ2xl/AVvXsEgW5hKtOeT-ALDvBcO2OHkHhCeUnaQbcBM5Ibajr39TBjx7RPZBAMg26zuG8NaF69Sl1O6DuTbkI3KF-luXmOGDGR7tuOy7zYqjfkeIp9LjNz2z7KRsKTSffNRoGe7caMfGYJ1-OW9J4uQ/s0/f4eda4d219b7fc3a4c07272e4973fca7.jpg,,0x0,fuit.gr,
ast_0063,ev_004,blogs,https://blogger.googleusercontent.com/img/b/R29vZ2xl/AVvXsEhJRCgNa_JNAnv2fkl9gY9o4orgqdKNi8vGgRsnpuC1DDJybiZ0NhfV0mkhIM0JVZm32Twcbt9BaTmcKOC2EuaBiEv2IajI3bgPLVtW-puBq1Jg19HAkGlin30zbLdrcxOL_gZZLIH_dGY/s0/60796121_622944618186243_974550194249007104_n.jpg,,0x0,fuit.gr,
ast_0064,ev_005,blogs,https://blogger.googleusercontent.com/img/b/R29vZ2xl/AVvXsEhu2628PwjbyMmRUzB6QN3pIgEaG4qBgg5f93hcEGdlmCCkDciXX6TS6UOO0ijBB03WnU22A0W0LAH1KSxOA744X8tg0Ic3OhHiWP5tWnnDZ7Y7hwf0aFylPAG8Mi9P7sPJha8TDlHkVEdD/s0/124534147_392753795252486_361152137121021218_n.png,,0x0,fuit.gr,
ast_0065,ev_005,blogs,https://blogger.googleusercontent.com/img/b/R29vZ2xl/AVvXsEhAVcPPLv8URBpC33oQyPhMmFfck_Z-WNAjbz0YhKY6X6GLJYB9lagq8MKXVz6RAYuFaIr4moKM7KzRWEWm_YhuqUf81W602zvzKyYPCLnBYmZobn2B2O2HIZ_qdGSCdNXJIp8lPe05o3fq/s0/124491252_284652189485249_7066828583250642756_n.jpg,,0x0,fuit.gr,
ast_0066,ev_005,blogs,https://blogger.googleusercontent.com/img/b/R29vZ2xl/AVvXsEglzLgkZ_KhWtPFswlHcYXpjTGVdWcwEt_Sz74x1_i0D_OWP2JR4N4bi-MInywkSn_JWU-JRTDLSwitmkiNrVFdTLEiNIgSOJm-BdS1Jah1uGp3oy8Jngv8hJnRUpbZPeK-SQNdwM5Nvn_6/s0/124077238_818788728887346_5572329633174515465_n.jpg,,0x0,fuit.gr,
ast_0067,ev_005,blogs,https://blogger.googleusercontent.com/img/b/R29vZ2xl/AVvXsEh8laDiShxCqZIsVZTdBvNtCJ3cQ40Wb1ytSNDJKjw-5MsE8t2TmRxV_d93ncbUdtBh3e7DPR6sDjYJ40XcOe_u2kd8SYgZhUKNbqxq9pgKAcZCznIg2frfeawla4Lyg4LCHAIzw4Rq7x1M/s0/124111066_802397937207945_423054896325696105_n.png,,0x0,fuit.gr,
ast_0068,ev_005,blogs,https://blogger.googleusercontent.com/img/b/R29vZ2xl/AVvXsEjQGNs8FtkW_33AQLfAeOE9i0d-mR4wU9kIPBZuXegtkvrguFTSt234TFLUKgjnxC-zFMfyQB5kjUqnRDaGWjUybeUelZAWLw3o6i5xE1IJEvOwF0AguzNZDpju3ig5y_G9A-HJ-Dwz54w8/s0/124277000_359861658414494_3581505596392581931_n.jpg,,0x0,fuit.gr,
ast_0069,ev_005,blogs,https://blogger.googleusercontent.com/img/b/R29vZ2xl/AVvXsEjbT8RgUfiXhsy9ZE_qjX0wI8O353SG66s5nVZ8Hv5RpndMOWcmCpqxk86uq9WofdOl-2VkH0uIw-PZMD5xINSUn-ZamV2-f_MothMDfTpAZqWHZ3QGcSUc1Nn4-2lNNRO3xhQkodWXlBi0/s0/124404694_279919883405705_2850356145082721031_n.png,,0x0,fuit.gr,
ast_0070,ev_005,blogs,https://blogger.googleusercontent.com/img/b/R29vZ2xl/AVvXsEhS-ypyi_1MzM4iJ1cK8LzbROhRoNEqIMdGZE_3vu_IQy4F3VP53qaZs1UHQwJdYZ_zT2pJY6Tm-sJrPx_E87MesBh4OvWAyVrU8H15sBffoBwrkXpJk4D5aW_Q2tSY5e5gcb9JtuKYJQ95/s0/124589617_367187901369356_7583449055046547582_n.png,,0x0,fuit.gr,
ast_0071,ev_005,blogs,https://blogger.googleusercontent.com/img/b/R29vZ2xl/AVvXsEgjF8JssjfKwOr_arFHXl7JG4G1_J5_3yu3M5ycZXURSyZMCdKOgbh6GQiku6KOnIoKMnUy11z-LNewFSt7JuVErnunoy656UoxgFH0q7DLKkfqWphMi6dwheDg-Bg1OtGpIZnJrxS1SUbs/s0/124771353_3509761602450862_2952826327385545366_n.png,,0x0,fuit.gr,
ast_0072,ev_006,blogs,https://blogger.googleusercontent.com/img/b/R29vZ2xl/AVvXsEh4oWRI9wnHHM9qS1hvm4aGnq9lqhBfommL-fxTq0qNRT-pQKLg4ThI2yMjMpjvXEYqM3npNVnARbRezxcs55URL8ieVlfxrD7RP4qy8z4pMAK2vZ1GdjysiMgTruGECZEveaIQMM9hMiA/s0/f.jpg,,0x0,fuit.gr,
ast_0073,ev_007,blogs,https://blogger.googleusercontent.com/img/b/R29vZ2xl/AVvXsEgPYRLo9Tt4Cv8qfa6vRS-3P0SaeFaTi-mIhVqdUIE-cgGop06FmqRN6YusC5Sq5oFjJUzt940I8MpvL0HNOAbHGwGSTA-W72ISIC37b0wsEnPc6ufhdRCiJuLGCKlFaJvbyd0KJJg6D3DR/s0/unnamed+%25284%2529.jpg,,0x0,fuit.gr,
ast_0074,ev_007,blogs,https://blogger.googleusercontent.com/img/b/R29vZ2xl/AVvXsEgfHbwqapymaqDHn_DaUVdw1u3DnkkjKzNsip3nLNnrpQLuM3VXjzfy4RibtSaJ92SLeR6x5qazYy6TQXV_3HBkeizEkP_mXa_00T1h_gTFn0QNYZKeY8FlR-VjBFgP8-IgRVTFtcbIlRIT/s0/unnamed+%25286%2529.jpg,,0x0,fuit.gr,
ast_0075,ev_007,blogs,https://blogger.googleusercontent.com/img/b/R29vZ2xl/AVvXsEisbM3VTibi6Wr0DO7If6Dik8JKLm57WtO6dGKp3H0a1vnaSvRBe5gGrV6NJ5ou12xYzl54LuR-_NRWtlH42-6Fy8uF8ip_vzWZWgpWq3q4L2vAfcDEIo4-hLmrSWgM3xzypS7eNk4SY9BM/s0/unnamed+%25282%2529.jpg,,0x0,fuit.gr,
ast_0076,ev_007,blogs,https://blogger.googleusercontent.com/img/b/R29vZ2xl/AVvXsEhOIkUtuA8-wfAIPl9KvOx2ixJ_UPBGmbBh8mIXz4a3kTv-yUN5Rmd5RqA6ovWEJsG45x4SNb-FypTcKpdWvPK-e6oaAzpBkSncPkSUoOrnNTqpJRVuJxieNImIQC20BMvAwyfUcCMQ9WyH/s0/unnamed+%25283%2529.jpg,,0x0,fuit.gr,
ast_0077,ev_007,blogs,https://blogger.googleusercontent.com/img/b/R29vZ2xl/AVvXsEhRFpshhIArm-xn6wLLakMrSQfdLVbbsguA66Gq_Rd9HwRDY5aSScZ2372-iN4Zla92vHSSa5A4u_fiZrOHmtvk6KSjWu9NOJ5PRFf4lDqvueIqqNFIF8Kq1k6kyhvZj1GFCrBH2fPAl7YW/s0/unnamed+%25285%2529.jpg,,0x0,fuit.gr,
ast_0078,ev_007,blogs,https://blogger.googleusercontent.com/img/b/R29vZ2xl/AVvXsEjqZ1183oZ4zlLY79zWWrejTcXpXORLRTNrVyh9zeQs08gnHhaZMXvrlmPLc4giyGu7aZxH4A_gL2PspOe5JrCa-NL-mMY56sRXB5XQthIJlRxcdgfOoisCMVgSzdJHbOlMKKHwAA3hl6Bt/s0/unnamed+%25281%2529.jpg,,0x0,fuit.gr,
ast_0079,ev_007,blogs,https://blogger.googleusercontent.com/img/b/R29vZ2xl/AVvXsEiu6HGybd-oGUWCXsf-fThoXoHwJZPCYtlrPSsvVmDo2CTk-W6podBDhwDyDu-hi_sGIAATidPhs__N2WWyq1vk_CjdvussAtv_7lzwIfCHsSxNnP3ScKjeb0YdlFXU7b4-MR5gWMJBr_16/s0/1-10.jpg,,0x0,fuit.gr,
ast_0080,ev_007,blogs,https://blogger.googleusercontent.com/img/b/R29vZ2xl/AVvXsEiIc0uVgBSx6eBhV5isPplROCp-ZG8UHdVTaya4b9s3mUxojLOJXz7dfKfnnxgL3GzIsWwDC7zEV_pyqv5ycx-3jnLMRxJe3GkLS1uo7gqLSR7x0_RdFQmPO4KNkZHZBppWdOlG8V6ecPIw/s0/%25CE%2595%25CE%2599%25CE%259A%25CE%259F%25CE%259D%25CE%25913.jpg,,0x0,fuit.gr,
ast_0081,ev_008,blogs,https://blogger.googleusercontent.com/img/b/R29vZ2xl/AVvXsEjP4ljYdyBKMqweVKfVq2WXi74W75-UgaVrObcoTdHKTx92SoGVzU10be8dsGlVEwjcEEH10spDF108_6t4sfilpmTC8pFdARvPdUpV0OirXOtghEfY8fjdHcLF52wKRlM0fKy4igqcmJc/s0/22491622_2074709562758905_9036194848165022603_n.jpg,,0x0,fuit.gr,
ast_0082,ev_008,blogs,https://blogger.googleusercontent.com/img/b/R29vZ2xl/AVvXsEh_f3w0BDabBya7G5TLEp7gAXRWlorOhWRG2EZtJB3S6L2JDllpYlvhGa46-9cjk1BHwapI08HAEWYEEFKsVNlEr0v8xpKkHt7WJswxLi3l_qlpk6wBZ0BZEloWmwM-xcPveQ4B_TIFJVA/s0/117313543_3224454157635565_1460223308465166925_o.jpg,,0x0,fuit.gr,
ast_0083,ev_008,blogs,https://blogger.googleusercontent.com/img/b/R29vZ2xl/AVvXsEh4WXIOE_C2sX-ivRnBGSWdyvIYDmldK8acVtq3Wq6vUfovwqgzR9lbBZipd4O_mBqGYPi892_lFsvMq1iHnf5hfLnlCP4Us-JfDMScct-zkRfZOjnku15cjZbVL5q8c-9_26mHqZmXHEU/s0/117313334_10218723612784688_1876749835661380342_n.jpg,,0x0,fuit.gr,
ast_0084,ev_009,blogs,https://blogger.googleusercontent.com/img/b/R29vZ2xl/AVvXsEinrql9haN064b-DP6u8IU9TCx8L-6XigYLu5eOMzyesMx0gOnK0H8D7DgmrRw9bIEysjMn1-PV_BX0Bp6ZVG-LczT5rRe6GcJspFiRewruNlVhCNPB1X3sOaU4hWJPpGSv5A-07SnyWRs/s0/bar-thumb-large+%25281%2529.jpg,,0x0,fuit.gr,
ast_0085,ev_009,blogs,https://blogger.googleusercontent.com/img/b/R29vZ2xl/AVvXsEi65JQE3Us8pBeXSAlYvJZPtflAFzChhHnT_MVz50cOQDZwA9EetgDhQT-QVn7b_U_H7gXySirFvcf-Z3hJQKXBZaSq0fmvo8_IAFFkXsWDMuv1vagSLxHTaQPie175sV15gXTV6tp0nqo/s0/IMG_20200829_140230.jpg,,0x0,fuit.gr,
ast_0086,ev_009,blogs,https://blogger.googleusercontent.com/img/b/R29vZ2xl/AVvXsEjBuD1KvqBo_Vrn-usAH1ypqgsNbu49hYeraGp4xl1URg17aIk67D3MDm2bUrXZymNyl7kL83vSV_nIPoIJL_JHfH2BaVFigNARlec7d5Mlg0NnFM2-yAIEhrTiQ-VFQLwkNDQvEZB9n0E/s0/117168775_314292693270019_3115726610385259849_n.png,,0x0,fuit.gr,
ast_0087,ev_009,blogs,https://blogger.googleusercontent.com/img/b/R29vZ2xl/AVvXsEgdKdjkQOKKUK3sVGXKbef82mRdjZ4G3LrkD2paOtjAgld4mptH1ia3f4T5aCVg8PUAsoxa15LtZRL_5UYdPhNA3ZpggBtIiL8KvUM1QzUuv6LlmkFxeG-Nh-Iig22Exq-FbUItbjbPuEo/s0/116801509_2408461709450956_6982707276283853365_n.png,,0x0,fuit.gr,
ast_0088,ev_010,blogs,https://blogger.googleusercontent.com/img/b/R29vZ2xl/AVvXsEhiXzmMcIRPt9MV44pPXD-HOzQzn_6Jr_NIe9lHWO175Utc__Zn6wTbviNvRi8c5v0kCVKh1XZOoQUhmaZfhhqzDM_qzJdpTaDhDit9GTN8G5zCiBe4fRChHfllb3TbiBVcN3Ze-Dll2Jw/s0/106926916_768762467197589_625517958390912337_n.jpg,,0x0,fuit.gr,
ast_0089,ev_010,blogs,https://blogger.googleusercontent.com/img/b/R29vZ2xl/AVvXsEib3PG3ZlexniP2BbTCQVGVklPtS3C6nS5ayFweqlYeSEGDPCqHHVae0dxiq2tYuwEiO6a1Z_HYhE3aVSQKqxa0j6rPYnhrRUSpgxZU9gqxIH9zqUqbrvxwABUUeWY9FvK_VqkUTmrDR-E/s0/106384083_563862134495656_2749901595816735280_n.jpg,,0x0,fuit.gr,
ast_0090,ev_010,blogs,https://blogger.googleusercontent.com/img/b/R29vZ2xl/AVvXsEiumg_8ZmyqbpKRWd51M7wX_tcocVIdCSONUBlYOqkhLfBmOfXe8BZF7C4HJWYaeeUQJhmM6W55GnE5B42wkPB9KYWOlm0cOebsHpLZNGBhwrHnq01XoBLfQ_Yl4HryIoiZXnRifhIsclQ/s0/106979696_983328005439312_3887483833284422850_n.jpg,,0x0,fuit.gr,
ast_0091,ev_010,blogs,https://blogger.googleusercontent.com/img/b/R29vZ2xl/AVvXsEh2pGXtAV_-B_iXUDOSj8GaFQfwilEmRhTVcQndjNlE5unp05r7d6yfRcLG7uvBeNMvA3_XHl2w2gVOfPSgb1eluYJxIG6sPGfjARCNEg66GdL4jryK0OXUAOBiOkeDuiNQqGY1jMX5hqY/s0/107101573_280964263155903_747695127353464748_n.jpg,,0x0,fuit.gr,
ast_0092,ev_010,blogs,https://blogger.googleusercontent.com/img/b/R29vZ2xl/AVvXsEg_FcQoUkRmntqvwlPpSZshLi_1MarQo25xUeP_6oLQ5pIIZOFeZvAnAD0sAswEhXPURG6X1B5MyhOkJwmo2SFiCWHzGrEu0045sFBsUbXHpSrnJRUZnzM3Qn0rQZej9HW8jLFYLcSXugM/s0/107288110_3113478748740325_6225553193446174203_n.jpg,,0x0,fuit.gr,
ast_0093,ev_010,blogs,https://blogger.googleusercontent.com/img/b/R29vZ2xl/AVvXsEgBFdvWG8eiGE0gw7t6p_rBi1J-xVH-g1ekDj3H9bVJvqCCmV-hfqX8w5f63eBb_AK27U37VvRaQGgrS3jbiWsTnECjDTjLyT7p7h2zvBy1FLGHfnUXM65K9KUb3yQ1um0kFZt_wEAc5u0/s0/107310312_2737279083220165_240043985886189235_n.jpg,,0x0,fuit.gr,
ast_0094,ev_010,blogs,https://blogger.googleusercontent.com/img/b/R29vZ2xl/AVvXsEgk9feBbMRTn6ibZc9RymyKSo0tunGyrBjjdRjIvdCILVZAodNno1ch1n4Mb58EE5RlMRQKsYKuFKQ_PEcELLSmoZdA7_gn6D8SFxmUzjhxbSJQJelc7MZX_ACmyZRNgXawF-pedU8o3aU/s0/107418339_602889883970692_6453676714289289231_n.jpg,,0x0,fuit.gr,
ast_0095,ev_011,blogs,https://blogger.googleusercontent.com/img/b/R29vZ2xl/AVvXsEhQ-f9IBTjZ4LfVXQNv84pGsCfb0eWqvS5rMVD_BVqCW_DvZdmRfMf7piN7gRVMVtjvP0Dreak2gT3s94k1he1O8SBKlUArdxMx130rphyphenhyphenVj3MQph53NYuTEAqZ27-Wq3w6CKGn_tFf3xk/s0/74673219_416556025707572_2374243558858162176_n.jpg,,0x0,fuit.gr,
ast_0096,ev_011,blogs,https://blogger.googleusercontent.com/img/b/R29vZ2xl/AVvXsEgru8W3doVtC_kOXoLBgTNEuk742lxlMHLtrmzgnQgr5rCsHYw6eSgdY-MxSPuBMcq5nd161e-T1tWgH2w9g5O5YADjw-iNyLfG5xPoN786B42k9wMbTI6pgweJ4z7utXfXFkjfuZ6FfHg/s0/skal.jpg,,0x0,fuit.gr,
ast_0097,ev_011,blogs,https://blogger.googleusercontent.com/img/b/R29vZ2xl/AVvXsEiXXZmirZJDGWu7aCzfe3hwPFzxDOE-ojUqMk_SMz1hqqhg6MhBjQF_Akr9rzhyphenhyphens4TUKfoTBikUbJ8EV9KKhtUZleWErpgEH46vklNAx8b97qd9Bg4eslNe799bEFunusuTytHjeaIPIeg/s0/short.jpg,,0x0,fuit.gr,
ast_0098,ev_011,blogs,https://blogger.googleusercontent.com/img/b/R29vZ2xl/AVvXsEj-lmQgEJTAYQcRZKzDiczXfC9WkX3lETDZv6D24RMM1iWKdCMoaAF4l_iMQ1h_LG6jg9eWTiiLA7J9ckrS2jQ67iHDE2L00yz5GAaieZmo3r4Hufav9FeIliIZ0FEyuyJSJTZalZ63Rpk/s0/ac9586131d29a16e334941876b7793dc_XL.jpg,,0x0,fuit.gr,
ast_0099,ev_012,blogs,https://blogger.googleusercontent.com/img/b/R29vZ2xl/AVvXsEi5KH_AKRJqkgGOm0xD9lHlmNenfuvgIqLBwsP8g6d_DUJ5XkoUPf-SE-wjMDxTuwqGhwSf4jS_94H_q_LXfKg-k6fDoktr_v6RmHxwURUw37g4csQ8ribkntTdnGB503rxpvtUoSQiLaE/s0/72205352_508451059707679_4221752161031159808_n.jpg,,0x0,fuit.gr,
ast_0100,ev_012,blogs,https://blogger.googleusercontent.com/img/b/R29vZ2xl/AVvXsEjCIkqAksqFQDgz-uR-LP53lN59N_BQf5b16lGiKU36UzuOquJuKLJtJyv4BssAClypjZfaov9QdhIZk9O7F8bC3p_LDEi0CVN3SJa_oBoc8sXNaAfRAhyq6vBv1X_1-7emyCvONVpf_lA/s0/72172200_1135889780132251_6002247264657997824_n.jpg,,0x0,fuit.gr,
ast_0101,ev_012,blogs,https://blogger.googleusercontent.com/img/b/R29vZ2xl/AVvXsEjHnNNn09vdjMGAREhS3vW9pN-qxtFKm05g15CPwBppHCgc6Rp5qUZBDnVCMYT0WGd4GHAY7UbTwjsdZayePFb-_t8-kZhkPYO5R2pmJhiHFbMDtYk5upSyOBI38izP0OLQ7JOw_i4aK64/s0/72762060_2354370204893783_1269147369790767104_n.jpg,,0x0,fuit.gr,
ast_0102,ev_012,blogs,https://blogger.googleusercontent.com/img/b/R29vZ2xl/AVvXsEjpj7DczTDcv7M-_GNTBeX48NcuobrYWDe0OhgtnK7TpTZRjwnEnxLg_9JQWPSw2_wIvrdGbKWiw-OZljmWFi7PsoNsFySJGhXG7KtuvGja765spj75yb5sd15wub93iN18SXLkCurpC9k/s0/397ca4981b407484617d9a1ec2ab737f_XL.jpg,,0x0,fuit.gr,
ast_0103,ev_012,blogs,https://blogger.googleusercontent.com/img/b/R29vZ2xl/AVvXsEiiNeMbkgOPMvg1Que1pScPbyhCgquwEWxB_XqvPNdxM-Qz32KJZ9Ta7Ewcj8-69DcbEVXWRS_T1MYIu-8A6KCxvvdihPI0vZa9Wl9iin6UpfGMzwxpa5PcoFtBDkxLw83clt1n2atCHDE/s0/81232277_591671688316011_3902928195959128064_n.jpg,,0x0,fuit.gr,
ast_0104,ev_012,blogs,https://blogger.googleusercontent.com/img/b/R29vZ2xl/AVvXsEg4O-q66fJOlUhJjujA9HQ-YM2CdMhzf5oz-b2de0xwBrAp5dnFA4XWTHEz5a4jKNDpzC0gs6cVLyaP8X7XG01nupjUJISML637vwNSI55Pbs5DHz8UbdDRWFrYo_tu-qvX2IycfQzi_Hw/s0/81546788_3057180837840306_2147137735628947456_n.jpg,,0x0,fuit.gr,
ast_0105,ev_012,blogs,https://blogger.googleusercontent.com/img/b/R29vZ2xl/AVvXsEinWhkYBKZGYR23PGx59gMLkGY6ihuIaCikJar7st2pWdxjC0K2Az4LJNKqOgx4rPZcQAwtpwmMUk456os5zE0q9AYx7W6P_0Bx7jJe2VKwU33Hp4oiKeB7ACDi9M42fSgx4-Cw9yfIue4/s0/82179007_570226040497135_5868470702813741056_n.jpg,,0x0,fuit.gr,
ast_0106,ev_012,blogs,https://blogger.googleusercontent.com/img/b/R29vZ2xl/AVvXsEhBRe_dqKfpUc9TK1pBpSdXSrPatiBTMZxzOZz3vUACVL6wcJm7O3G4KiXvR1hDUMMduJE-BYioSVIZhpjqbJ-TCO4rPQORNFWrsV4rFV_SlMiZTIjZ03w85pUF7RiwNAzgOO-iM2SJ_6w/s0/82020918_759933591185028_3646450873803997184_n.jpg,,0x0,fuit.gr,
ast_0107,ev_012,blogs,https://blogger.googleusercontent.com/img/b/R29vZ2xl/AVvXsEgtyWl7Jpn1IzDEA11wMtp8t7HFxiacGwfwOjtskPvjt5KHylwvy8jazDIwuIecKfEoZE7GAj-MR_OX-j2ihbs-RqVHqDJMb5FkldkvdSQTOyWPIlQ18fjZDgPCf08HNM2Hb6PF0Fa84xM/s0/82174602_469793083968354_907769036253691904_n.jpg,,0x0,fuit.gr,
ast_0108,ev_013,blogs,https://blogger.googleusercontent.com/img/b/R29vZ2xl/AVvXsEgNrXSJP4ip2qwK38zNpNn-Q27YK2O6Ve7GO9LovlZsKdUEDcMN_vs4Z3FK28N0MXgrCDAa3CZILIATuvxfvqYTX9EyMghrnGtaiETNLM7nzX_ZZNyDxpiBsel5xJjJdc-4dKIpwgb0vgI/s0/79376451_2511788298857587_8746321038511439872_n.jpg,,0x0,fuit.gr,
ast_0109,ev_013,blogs,https://blogger.googleusercontent.com/img/b/R29vZ2xl/AVvXsEgVeBHeZqoFcPW-E0HRA0WnjsP-2NKotXmvE55CVBmd3jF80MmIdGFFzvpZGngL9AWbZY_LgsFGVwtJ0n6kO53-vPzLoFjhwVCP5H5JWtoIaNbhbaRQNdpzQ1V5yVBGpoz2YzfucQrTnlY/s0/77343060_2431307427185092_26638954832855040_n.jpg,,0x0,fuit.gr,
ast_0110,ev_013,blogs,https://blogger.googleusercontent.com/img/b/R29vZ2xl/AVvXsEgR9wYhjdWIj56jhz20jSpZ5dAeGx0bfnuOMkadoNdYZwiJiW6fDgXfB6ywrx1FwADKKMye4M93UR9vHnrCOfloQRj4sLDc7NhHe4x-Bq9uEN1VO0bx75ucplovQyHnOay4Mn9MDTcNSdo/s0/79644022_965015053869804_231962159930671104_n+%25281%2529.jpg,,0x0,fuit.gr,
ast_0111,ev_014,blogs,https://blogger.googleusercontent.com/img/b/R29vZ2xl/AVvXsEj4t3jojvwq22ZNAusPkM4hKDfAGu9aOUJzTmffahjKcTuCVCUq5A6YuIrUjV165JcDyQVo4LjGnfYq3UmMKJ-fLSfQkyTbr5ramhvy5w9piSyuOSVtsXaj9kb4AFZFz7S2lbXHlOKsffg/s0/81530211_1719765618156344_2695177821751345152_o.jpg,,0x0,fuit.gr,
ast_0112,ev_014,blogs,https://blogger.googleusercontent.com/img/b/R29vZ2xl/AVvXsEiYuQACEoqogSZwXfo5n3_Cu1zrOtdTkUK5oQgjT_McxHZj8CHPhJVx-rL_vmYxIka-GApMmxMqYjrf27lMLFN7FSq7WqCFhUiYLyYerscLxesHmuZZjiwv_6HwBS6ssFyjehd2XRu7CRI/s0/81971657_1722129367919969_6687664838975422464_o.jpg,/Users/graogro/Dropbox/vlax-archive/raw/blogs/media/2020-01-13_ΒΛΑΞ_vol_04__0.jpg,0x0,fuit.gr,6a4d8da1d382313ac2f7d0492ffb285923b0a0d36169efd9fd056d8d76632461
ast_0113,ev_015,blogs,https://blogger.googleusercontent.com/img/b/R29vZ2xl/AVvXsEjnw4GM6E2ZVo9Va0m3J570MB07Jw8Ksxn3noPVH74L0vk6TCHMtxigYOuoXqclpp3HuRcaA98_MJzDFbMB-2aVgddkT57f48WvpFmHkXSTfprlnuzIhiGd-0lGO0VGDddUaSKF-OHO4Os/s0/72788515_702756986855483_7121109519693774848_n.jpg,,0x0,fuit.gr,
ast_0114,ev_015,blogs,https://blogger.googleusercontent.com/img/b/R29vZ2xl/AVvXsEgYCGGQW4YpPwMpDFkustIpo0cI17v9woMniu2xQLpsLVG4sDJv4SorkgKaT_1al9vIKlwfOZWPMrKP_uEWKE_-ncLO5G8ZJFAjwSWTLbp06BTmH8AC1p-SmEg0XEISAqHWokMD7Xm3V5s/s0/74780049_1662726323860274_3422884249655574528_o.jpg,,0x0,fuit.gr,
ast_0115,ev_015,blogs,https://blogger.googleusercontent.com/img/b/R29vZ2xl/AVvXsEhHh1TQCXixEfWIlBtzaqD26NopAfcNpgYZPKoZEfJsIizklBhWtjxVDZ5ASpxOGMWG0rsg_EKFEQDBpJP3k1kL7M1dUR04MM-i_i9kbKEpYxstRFtf_n77a8wwXczk9zf4lnPxEuRdwGc/s0/73381336_2615895501810854_2211557718173417472_n.jpg,,0x0,fuit.gr,
ast_0116,ev_015,blogs,https://blogger.googleusercontent.com/img/b/R29vZ2xl/AVvXsEgaSg1d3ORT1M0ElxLsmhVUPacSZuIwYxtPuHOnjADx4JUfIkEElCWOI1BFncjXUzjixl-qmf7VW2Loa2RCjDoXLbGR2gG6UORUJF-GUjh3dHSca4aS_CF4J2toXbrSkkrzdgO1nVNVvLQ/s0/76178798_2537863916539574_8478788195658498048_n.jpg,,0x0,fuit.gr,
ast_0117,ev_015,blogs,https://blogger.googleusercontent.com/img/b/R29vZ2xl/AVvXsEhCvX1DBsFffOfhfeHx4fzNFuy59SPPFnc8QVUlG5w2xioV1Wwn1I9gdVzxWyKb_gDrCQWyWHAfGn1cpQkQ0yRgmZcpAzKUl-cvonlw5bKEE74X0B4BJrVoOuTQdDH5N1DJ2gj56XOsmwQ/s0/76603180_3137102479693005_4233135228819865600_n.jpg,,0x0,fuit.gr,
ast_0118,ev_016,blogs,https://blogger.googleusercontent.com/img/b/R29vZ2xl/AVvXsEh2swwQ_aYVVxV7VehvPKmAKdx2TjNDsxw2glAwHLxqSG0-dhLkjKCB7lv7rROXIyiUY3m7AWd4Qpem9c2J1RcAgMHWXu0wGYXuQP_JF3fO6-34GFBEzdZAEp6MeX7JHa0i9jdseaM2iEk/s0/74842347_586137241928719_3477624780369166336_o.jpg,,0x0,fuit.gr,
ast_0119,ev_017,blogs,https://blogger.googleusercontent.com/img/b/R29vZ2xl/AVvXsEgSbW2AoBEDmdqnDfYgaALXWs8K9zwfceYvkWslStrdkGIkCnPZXA7QiSpD54Vr1WrLSWCjUcUvVzu4p9b9mRDbsjw84MakP_EQphsY-E1xXyczRth6gwEAMu-zebRgppy2p-Pus2hcOTE/s0/169230000.jpg,,0x0,fuit.gr,
ast_0120,ev_017,blogs,https://blogger.googleusercontent.com/img/b/R29vZ2xl/AVvXsEjrbRqL0xmeMHers84qMYVNUPUdJcrhuXKw6s6zj4lXF1nNokgLqgInB34B1CB0Y4nWsEHzHvMPzEfmIixn-sOxH5bfS_3rMkY8KxpZ6vphlOXxxrkqi5b1-pjAEhXEjNR7cxlfp_TZ_Zs/s0/72103794_2141929439445608_8457030703085780992_n.jpg,,0x0,fuit.gr,
ast_0121,ev_018,blogs,https://blogger.googleusercontent.com/img/b/R29vZ2xl/AVvXsEhspdPN4iq2oeEjT16R8jZxz9AcsO_8srf1zKPNYNayL_BkL7SJHJCKddY7Qnq3nG8XcSLyzNY_PDLwfCBkPtOOdmIjoQzmTSptL3XnZPTVF5tpnSgEJiDfk1oZd6_xlFYxey-aGQ5CmH8/s0/DC-Plant-Aliveri-4.jpg,,0x0,fuit.gr,
ast_0122,ev_018,blogs,https://blogger.googleusercontent.com/img/b/R29vZ2xl/AVvXsEjwxdkEHhEzLEDrlHiTuTVRJpvzTvLXmQQerYsZMYb9G-9Ce6jCkGqF76Iasuml0Pjs6DLO9fCOpe2PjtVsn9rzu_i11YDGrMrd9T0omxoNSwCfPJ5jlxq8vZV3g4bGR8wSAoiYQXMhL2A/s0/tusso+espresso.jpg,,0x0,fuit.gr,
ast_0123,ev_018,blogs,https://blogger.googleusercontent.com/img/b/R29vZ2xl/AVvXsEgN-gRslLP967Cy7cIjiAaIZOZ4PVlCcyDnyCDn8MMhbOv7XHZNa7qajnb4MmRzIRe1O2iURfnqtQ3KKkLYSe-sLZIByVFie34X6iyZYa1PQfVRtjsV0Mp0tm_ml_KnzAVgHr7YPwZb7w4/s0/draculi+coffee2.jpg,,0x0,fuit.gr,
ast_0124,ev_018,blogs,https://blogger.googleusercontent.com/img/b/R29vZ2xl/AVvXsEg7AduWiOb5gtqb7QjGD7anpPlcjPsiw4iJ4zh6Lw37-VwFHU2Q7IBLHVBzHEdaZnl9Q1socyclLrOqqJFNI92g8mLbexJxFCTM7xn1JDEVxeLhXp7Yx3aBrIH5RNSQl-CXn-txMS-7EZo/s0/tusso+sokolata.jpg,,0x0,fuit.gr,
ast_0125,ev_018,blogs,https://blogger.googleusercontent.com/img/b/R29vZ2xl/AVvXsEju7lt535mX_hk75dkWIjNFG-0RVhRLzsMjig9t-qeUgOgDM4_64pD8jPZVPpgmWex9cqZb7fYe_yknfR1cegj_GfW3ztJ_zHpGzzFwJYoJBMJkKgTeZjfwXE3cLVwaNDaR4XmbPOBeGSk/s0/tussoespressov4hd-el-120201064720-phpapp01-thumbnail-4.jpg,,0x0,fuit.gr,
ast_0126,ev_018,blogs,https://blogger.googleusercontent.com/img/b/R29vZ2xl/AVvXsEjC3w8nVTEC2nymRdqIILVQ6ZAkNaQa7FLLn-Mk19NUGm2Qw1CK80TXp4AFwWnic2d3cdorVcvLQrOnBKF5EBy7UljsbhVS_K6nVeN9RtBOFwXbxgVN3b39CjXZxA0x1M2bTZmC48TW4lY/s0/DC-Plant-Aliveri-2.jpg,,0x0,fuit.gr,
ast_0127,ev_018,blogs,https://blogger.googleusercontent.com/img/b/R29vZ2xl/AVvXsEgzMrfSkb7e9PqMca_KaVjaOhNqMigPGP7WaGhShflMhPSy6MBoJp1m0DjT4LXmJoHK1jjEVdOuyeI3nPH6Ex5r4e1zSGjguZ2PKtfhU2jE6bJvtYmZ8oMfUCXicEVLfaWrfUlndWR6FZk/s0/draculi+coffee.jpg,,0x0,fuit.gr,
ast_0128,ev_018,blogs,https://blogger.googleusercontent.com/img/b/R29vZ2xl/AVvXsEjnbhaI-oU8AX0LVOVNlNr6xCFay7le6Q4q_-qgFTyrzO4203R09SaL12hM_I_5EvttLEpyppYdGxUH5oY9YNZvPcJwMBzygak9RI80IslKULeRMwYTFrZkyo25Q4ocxsRdx0c_sPvo73Q/s0/smyrneikos+draculi+coffee.jpg,,0x0,fuit.gr,
ast_0129,ev_018,blogs,https://blogger.googleusercontent.com/img/b/R29vZ2xl/AVvXsEiqdwsoEBIUQxL022SvxpFQLmQTPFN1EqXm5qfn8IJPZS_M7WHyJ5qtcEqQPcOvix3hGDv7yH-30B9qwIFDDypjNKQHWZykH3BKoOuQXA64nD0_6OKbGOoEYllxQkE4ofycBi6OIJfGJ6s/s0/tusso.jpg,,0x0,fuit.gr,
ast_0130,ev_019,blogs,https://blogger.googleusercontent.com/img/b/R29vZ2xl/AVvXsEj83uoSad72SyxS4XA6ru9tYatbtWMdoNRCOANPTnESYenX82kVyx9Df-SvoO9hY784GQAWedCuIHv_6ErFKWE7XbkjQbZzN4F2r9URfHExEBoXpKmX3KlNnzVcwrD8O0Y_FlzJdF7Reyg/s0/70312526_911479109214759_7454126637987135488_n.jpg,,0x0,fuit.gr,
ast_0131,ev_019,blogs,https://blogger.googleusercontent.com/img/b/R29vZ2xl/AVvXsEgpM3Wwajw9uHMnpNOCBvfhu0QL3KcCx9aLF7mP9wbQ7-wzxg5x-YPR9KelddCjwcSViiOfytpnON9bYtyAkEN3k_3La80Ddry8pqlFFulE6z0TPDnKMN4dwNR-G1DP5wk6diNgAKngYR0/s0/70576618_2431304156936776_4681567807802966016_n.jpg,,0x0,fuit.gr,
ast_0132,ev_019,blogs,https://blogger.googleusercontent.com/img/b/R29vZ2xl/AVvXsEgDujVClwLxfry4XF1H1YIbiklV4vts8fYBC17TqE5xL4vsXeC1SDB8FkgiYPwnH0XGjKbdjLrcBD4LwceW7vaCaR-bjJJMTPCw-zdL_nOTuerlysYaxL0g9qWnD13aKMgZecpjl05DBvQ/s0/69237365_2258905264207653_8609016989962207232_n.jpg,,0x0,fuit.gr,
ast_0133,ev_020,blogs,https://blogger.googleusercontent.com/img/b/R29vZ2xl/AVvXsEi5YAMbgA8DKvExE2APYfo3ykZ_H3n0yiVGOxXs9zzmp6lWq-J5R2VrW0FQLMdPNDZt7VP8zNDDGec5Zx6oX1VAXVP6pawXT431dxRD5S_tPH1t3Tb_4F1cnZYFXg7BICOJM2l7Mk-mDTs/s0/68649223_893601577686244_8109367145017638912_n.jpg,,0x0,fuit.gr,
ast_0134,ev_020,blogs,https://blogger.googleusercontent.com/img/b/R29vZ2xl/AVvXsEhWx3ixEy-dGPLREgPnrmmB4yzwVClwB23CvjZM55S6MPgDK_uMlCQjs64JxeF9j_frmw03tr1kwh_t6mvwhqNTd_Ds0zydvbQ2jI1jqPmtkzKQqxn3JcTR6vXCn9rEuFAuXxnwPKV9VY4/s0/%25CE%259D%25CE%25AD%25CE%25B1+%25CE%25B5%25CE%25B9%25CE%25BA%25CF%258C%25CE%25BD%25CE%25B1+bitmap.bmp,,0x0,fuit.gr,
ast_0135,ev_020,blogs,https://blogger.googleusercontent.com/img/b/R29vZ2xl/AVvXsEh2qgxYeOO5JZKQxJk-qt1VhXulZFutj3E1CNtd0w5PEfUEUuvALDAnCCBofH9lVQJsZ8QWFWudlXeo8O022hpL3shfo5jiky5Exes68r6IKM2umenNim5iOz9mVSbbikCIQWDbrD0skDc/s0/fuit-art-cafe.jpg,,0x0,fuit.gr,
ast_0136,ev_020,blogs,https://blogger.googleusercontent.com/img/b/R29vZ2xl/AVvXsEgFuChl0rqdU1RobOBXi8etLvINeo09BpKKeVw9UX33g_KAFf81VYicJiECMhxNEbjKYZu4ZL8SFN3lUQeqgXFPmWU5vfIEdqN3c9t6g0sUEYlCG4i8m-QPHL4pi466d2RbnCQGnzDiib0/s0/69278168_2366428443645468_317243107869458432_n.jpg,,0x0,fuit.gr,
ast_0137,ev_021,blogs,https://blogger.googleusercontent.com/img/b/R29vZ2xl/AVvXsEgYbD0T0-t_Z5_yIi8p3mGkK6HaUgIo5w7Vb6zJgMt2eYLwha6S9T9hnM_x3f7fCh0QuCEKU97iwcya5gxyQ31PhFqbGwc2yfVjx-8Wy2eRmQvg66DkNPhsCxBPPzscl6zaX7lJ1njdUUM/s0/39188275_10215287616656121_142316086405103616_n.jpg,,0x0,fuit.gr,
ast_0138,ev_021,blogs,https://blogger.googleusercontent.com/img/b/R29vZ2xl/AVvXsEgu5JhG1MWKN67eNegH0i0RtSkGiCPsjspjC9UZOgLQIxNdbnVGqSnk55d4EenFmTQ8raKJj3acMQhujlsz4XPfPX5wD_roLL810y-A8F6zK1RBqe0D-GSS1dQSJSI4M1Z3EIJZIJ3FwjU/s0/67824349_1566174033515504_7292753124559683584_n.jpg,,0x0,fuit.gr,
ast_0139,ev_022,blogs,https://blogger.googleusercontent.com/img/b/R29vZ2xl/AVvXsEgWO9rBJc82Zo5gflKuJQHZ9lT7haGwXijkPoveJEShRZEgdCbRQLbtc7l5oWbXuJC7unQ_oYWmPRL_DxsOlpFogasKREjXc5l-JIv7VjtyyyIycVL_w3p9muBBHU3C8y4eGdVDgpEQpfg/s0/67614793_1560845350715039_7572366533595234304_o.jpg,,0x0,fuit.gr,
ast_0140,ev_023,blogs,https://blogger.googleusercontent.com/img/b/R29vZ2xl/AVvXsEjP35iMMgFqAvU6mAO7QVLgI1YrEdlq3MmrBMuqQ-e4Wz3sKL4jXUeJrDONv9agPUwfZP1zMMe-H9Aicr4f6-WAnOwN6JnLpLnAQh3EAL4xEJvDgOoaT-whb3a5uLERqsjx36dWt1mu2NA/s0/IMG-9d096e968c89da05aaadb81c595c060a-V.jpg,,0x0,fuit.gr,
ast_0141,ev_023,blogs,https://blogger.googleusercontent.com/img/b/R29vZ2xl/AVvXsEjdiFCoFSmacQnSdqjs_oAx0W35vU-2q5o0PvJ55wATU_PJ5UctZzmhHbetHL3p3NOrC8kjap9e7qOGXZVgia9gRQMNLXj0lSeYqztRQOdjedl0eGDN5Z7yMCX-r8oRoL6U5rZX3e9UzSY/s0/image+%25285%2529.jpg,,0x0,fuit.gr,
ast_0142,ev_023,blogs,https://blogger.googleusercontent.com/img/b/R29vZ2xl/AVvXsEingV3dqaTq8EtOO-pbsX55IoHQtBQliOCw2ky7AUMVDqoISG17pUWd58_o_63ACs36pXOcWFcb3iQ5Q1JbUVr3t_hGUSvV38kFcKmeDkQEjoezY4v23TqJWz_DppyLQqehsNwJ3c_85HA/s0/66753909_2326464780741126_5501764466640945152_o.jpg,,0x0,fuit.gr,
ast_0143,ev_023,blogs,https://blogger.googleusercontent.com/img/b/R29vZ2xl/AVvXsEi5HZYzWxggMu6auQbKdiensLdYV6z0cpJahAdEQnsBbo5Gy0bQHIJrpOQfTg5V4k3lzwGaLZvQ9MGyUXj-kINbJgFbd7wKxAUD3jhPxYvipeQqlGXvtaaft7RvQgIlUxTJn2oPHUH8t-4/s0/image+%25281%2529.jpg,,0x0,fuit.gr,
ast_0144,ev_023,blogs,https://blogger.googleusercontent.com/img/b/R29vZ2xl/AVvXsEgjHQTnUMNBUlXZ2EQD3dpK9xxFPAMqAHTXFdVhGcvhA_zomORtlkkHq_nQP7AR5GWD4IAItb6Y4Y1W0KCZYqru1OCxPCSMkuH59YoXt6nd0eTBZh0bBUl06bOjSWqzTYOnSxbqHOOQyH8/s0/27539950_1619222898158707_5638755546199115525_n.jpg,,0x0,fuit.gr,
ast_0145,ev_023,blogs,https://blogger.googleusercontent.com/img/b/R29vZ2xl/AVvXsEhj2CH4avfvEa0JmxFo1WW61FU-XiY63B2dxFrzXKKLQie1E74_BqXaXqrtQXQUCdRyuFCoFygrkal01DG1gEy0mB-vtRAhzEyEgsRukvUU9zpD4iGJRtTx3sZuI3bUwOhL5gbQmHCjw10/s0/2684392.jpg,,0x0,fuit.gr,
ast_0146,ev_023,blogs,https://blogger.googleusercontent.com/img/b/R29vZ2xl/AVvXsEjlPY62Oh5ZP-Aum67XAHkFIgB_Q_MG_IBoZ4-B11CtIMDh7cuTd-aANQkYqGobb15woLd8JAWJ56v1hCvePjaGkrh5xRSYNATbKLalzF3kQUhzCV98vHIGDSe8-7QjVoWCle1DmvATBYE/s0/IMG-445d4bb0503279f5ca6107d40ce1d362-V.jpg,,0x0,fuit.gr,
ast_0147,ev_023,blogs,https://blogger.googleusercontent.com/img/b/R29vZ2xl/AVvXsEjksdkpYcoRn2UzXOUICJeIReBV-XPe9oQkK99ul2jEychjmz6GRS3q7-u2ezcWsN06afxp2fFMQw0xvftGqjIKYT4Q09LNHRDK2eV4S6awRLCF_tJXRdy2CjSwbVVww59BMVTBYmsSMHM/s0/image+%25281%2529+%25282%2529.jpg,,0x0,fuit.gr,
ast_0148,ev_023,blogs,https://blogger.googleusercontent.com/img/b/R29vZ2xl/AVvXsEjvES7pEWHgHgJ3l_5emDMKxiWrAFuRvVvKBPORrXKG38vFcSMureyprEBaJ8icLaIAXEGoNZAxla2BxhF-1sWKqoRlbaXsQU46tudGswgyMmHfHOUlH2Nmym7uYnd3E8_JK_-wyGO5FxY/s0/64633055_305361927013638_3361986578380488704_n.jpg,,0x0,fuit.gr,
ast_0149,ev_023,blogs,https://blogger.googleusercontent.com/img/b/R29vZ2xl/AVvXsEh98mCYggUNakqqkT4xH2BzUSAbXQ0uDY2UfDy3uK0pow7J5C8Hs_mgmRBFia_h8kDTfMUMPHCXjdxUcceGaE2L_MOolssbILZJU5NbXj_T8LUyY67fINcxFIAB_CVZC76h_Cvb77YqmpU/s0/67339081_794621827636812_5120442525479337984_n.jpg,,0x0,fuit.gr,
ast_0150,ev_023,blogs,https://blogger.googleusercontent.com/img/b/R29vZ2xl/AVvXsEi33UltZGO1sfy7QX_GD0__zTjXrIyRC3OXoOnUGy9eUJiOB_Xy5cfQzcIQlop6DvFmSF5m951YllTruDLhBgAygO99G6e-8nmqAQnNBsSnZ1n3uwsDZkASFEv2QXET4eZKNn-kvxTu4tk/s0/65231089_715882885527449_6594229577797599232_n.jpg,,0x0,fuit.gr,
ast_0151,ev_023,blogs,https://blogger.googleusercontent.com/img/b/R29vZ2xl/AVvXsEgSLJB3JtX2PSGavzANHOg3LVEh3AqAZEo-WuLSRoReDfdajRlFjldpsUbAIfMxBJzYQAuqfQyD9MupvwvKUqHatfu9vdTWHNpvNW7jTIu1ecQ_2oP6_gLtERBuO9zcjTL0zhepRz5NwhM/s0/67168105_416090032332920_3831272305917427712_n.jpg,,0x0,fuit.gr,
ast_0152,ev_023,blogs,https://blogger.googleusercontent.com/img/b/R29vZ2xl/AVvXsEhL2osSnCtogsjwZV7U1FwTenMIF4BUaXG4UzLwXTSJawjrtwnB6oLUB38JUFl4ZrW_75D-fhWvMtmv2n_O2de3VhmtzIhO6amh0kQ5XzsdTCxm72yUCDsRTjHgby9tvtxfZQp8YH1PpaM/s0/67441175_493413874728312_7952394087577944064_n.jpg,,0x0,fuit.gr,
ast_0153,ev_023,blogs,https://blogger.googleusercontent.com/img/b/R29vZ2xl/AVvXsEi9FWZ9VrG_nu76LrFfDXFITPwm1aQZnI-ZMvxONXbmDKXjUbCfiJxPUGa-WnKNgMuyArt-AmjRBnRKwQe9KD8LUnCTwo2EoeF3bzvpc9uluLznbFFrYl7EZ4EOpCaEObZLt5QWERrIWSw/s0/67319669_2293578130960028_4715405527255875584_n+%25281%2529.jpg,,0x0,fuit.gr,
ast_0154,ev_023,blogs,https://blogger.googleusercontent.com/img/b/R29vZ2xl/AVvXsEjpQXS6dZBWAOS8AFXScVMoLY2Cm-PB9i_-iZBIFj_vZFK7I0k_2-_Uu3vBmUAVMdYHqg0Vb507kJurF7QG0LCTwl_He5AZmpcYMWgzoHtrdLZn65glBd8NGTsxOuKoSYLKreXzRmYTS14/s0/67257079_493413714728328_1949746862680440832_n.jpg,,0x0,fuit.gr,
ast_0155,ev_023,blogs,https://blogger.googleusercontent.com/img/b/R29vZ2xl/AVvXsEipll_Sxq8vvUkitOI7hqo6ZursiZE51tk2bzL3SR8kyqlT4C2iUijYmN0nG9cxRZriPga6gs-uVBlpCVMtJOUeZbglbc_E4NSg-gG6Hy5piFgRgMQYKryzWA0Rgj3mBL5XHJxRyVhhTsM/s0/66832999_2359498920797764_3921329313323941888_n.jpg,,0x0,fuit.gr,
ast_0156,ev_023,blogs,https://blogger.googleusercontent.com/img/b/R29vZ2xl/AVvXsEhQuLYc14Mi2IZNz6jJ4KpmWQRm9NR99zULbMmAP4PXuGjNXiFoUbiqr7x4saZ5zvWKPdtsWhuO988X7uNHuiu1otN0hQpYpAV089p4uWVS9S3kaV71VfHaWzX1EiVcZV0OsM6J_mrnGOQ/s0/67441175_493413874728312_7952394087577944064_n.jpg,,0x0,fuit.gr,
ast_0157,ev_023,blogs,https://blogger.googleusercontent.com/img/b/R29vZ2xl/AVvXsEgazG5oMR44QNknVXB65QfanqY8BIvys1xRJruhUVerQEoQ98GqckCr0Zo4wjCrx3Mn-eyrbzxkcPx0SGljKFa-sPqcvekmp_PGOEyZBH56g5pogbJKYjH2ait3PfJfcvSPwgdrDMm8p3c/s0/66447562_493413938061639_2889404609472757760_n.jpg,,0x0,fuit.gr,
ast_0158,ev_023,blogs,https://blogger.googleusercontent.com/img/b/R29vZ2xl/AVvXsEhEZVHBhxGUXvNFrF8X5vsKp0uRWwHs2SYszQdEIqaiPhQ0_daidlqGQtg_ssCVhKQ4frvBitt1KyJVzop8SvTvg9dea2JFgYDTIPkq4UIC0vbQKi-l4FpVM1rSX-iFDvk-tnnZTWphvxQ/s0/67338813_493414248061608_7496933069492846592_n.jpg,,0x0,fuit.gr,
ast_0159,ev_023,blogs,https://blogger.googleusercontent.com/img/b/R29vZ2xl/AVvXsEhfGJyGoVuD1pwqB7BMEHyTlZnrqrV8i6R__I7tThg1Jcvc896B4zNx2oJxiZyibgq4n7AwzaBheh6cFIrakaU1MDxmf9So-4mKo2K4FBksQcnkLSwy9NMK-Opfs06xMfbkp2rcZ_MJZHU/s0/67168105_416090032332920_3831272305917427712_n.jpg,,0x0,fuit.gr,
ast_0160,ev_023,blogs,https://blogger.googleusercontent.com/img/b/R29vZ2xl/AVvXsEgcad3UJM-dMPiS5nGuoxQZ4UDIa0G4uLdXPaED-XSsftEsyUmNx64HBSHjNmxtOrDIpQEs3B36Sb_sp2pnMjJWAU4oLxhQgUOYq3VRRmYYFzQUHv60U0xthtCw-k2OuUFfbk7R2thqACM/s0/67072255_493413974728302_1302696725139423232_n.jpg,,0x0,fuit.gr,
ast_0161,ev_023,blogs,https://blogger.googleusercontent.com/img/b/R29vZ2xl/AVvXsEjLYwp0UTT8Fxyt11ApIImN6P-n7NGdn_zV6zZHgJFXZTAtC_z_p2c0Wmv_9rn8ro65TOoV4257JGE6JoCvwIHWLjFyP93fR5L2zzr0yx8-wLEvycUKmJUjJBQ5S4pe5OK3YHtU7shDh-I/s0/66788860_493414391394927_8519771778619277312_n.jpg,,0x0,fuit.gr,
ast_0162,ev_023,blogs,https://blogger.googleusercontent.com/img/b/R29vZ2xl/AVvXsEgYppNFCmFvdW0YJmdB-hT1hpYo5eHAVOsBdB5ly2hKylO8ARrzBSTVjuySJoGJP1Ei1vtVX_T01yTloDdHmD7gLco87pjZxdwd-We9W-lXFKxhaoEqgOYTJubUrbzbi3N9orpKUYYcpGA/s0/66722965_493414028061630_5619231985395302400_n.jpg,,0x0,fuit.gr,
ast_0163,ev_023,blogs,https://blogger.googleusercontent.com/img/b/R29vZ2xl/AVvXsEibWgoRf2pdrfJd8_ahs_ohAwGlq2Wy3N9AGF1BbtPBNpVHufUyoOiYfEqjb0hu5j7GKgWH37KYxMRqI9nUD7ayeWnnGnN9DFaPMWwlylwElHJkFKjG38aKvXbfKhKXHmlOEcbFcQlko6A/s0/66777324_493414164728283_9100735542139551744_n.jpg,,0x0,fuit.gr,
ast_0164,ev_023,blogs,https://blogger.googleusercontent.com/img/b/R29vZ2xl/AVvXsEgAKI3Xe3NVKB-To86FfmtE9e8pMuq8jQBOQlhQV43U-CvZkkCcHTLHBcRICgdziXbksfANnqACv-VVU4foluql4HUpT4qZRxTqa6BeDmu_lZ_n5qfz1aW-euFhTUInd8OcPGngnn53bf4/s0/66747123_493414124728287_1880605353868001280_n.jpg,,0x0,fuit.gr,
ast_0165,ev_023,blogs,https://blogger.googleusercontent.com/img/b/R29vZ2xl/AVvXsEgTZF6bSTSSaY_w5qeaG5b1VH1XWeOktzb02yXnKGRME1Ewfd_iTwHSI71OyQyAHc4Oo9NwM4zFwZ4EXW_U7fPawYiJxHkXCT1dL6E_h_blLY-bhn2kvgC7l3T1IFFwWFlKOZ_Gum97IGc/s0/67181574_2436548046581319_8195785181253074944_n.jpg,,0x0,fuit.gr,
ast_0166,ev_024,blogs,https://blogger.googleusercontent.com/img/b/R29vZ2xl/AVvXsEir5vXcAT3L0ZU__I0lZwtXkYow98aglfoZ3RpsXIzBSI3bum6fYYqPIvS5EZ9YkqXn7WzH5lF_1Mk07SnujzwEXctfoabT_MMDysWA-AqPmtRnMT1uD_wQvXpkhBmgszuI7pOtAA32BZQ/s0/64807772_375357366666787_97800077526958080_n.jpg,,0x0,fuit.gr,
ast_0167,ev_024,blogs,https://blogger.googleusercontent.com/img/b/R29vZ2xl/AVvXsEjknt8bjbk1YZammMygk8Wre1FScicj7ilT4kRhOA7smdxo9HEEDPKvHmhXW_YFmXu7qxNA9CoMV3-iZ0pxxHvZJxqzonKrH-G0fjwGHGLJs3qInbbFL-KoYnncXmKLF9kIifUyPW4xt1M/s0/64802629_1911232522242321_2860395305138913280_n.jpg,,0x0,fuit.gr,
ast_0168,ev_024,blogs,https://blogger.googleusercontent.com/img/b/R29vZ2xl/AVvXsEjq0wgNugTmtSLG8m7FBM7W_LAIuNzAXS-ms4tIay9vqBcms7atpK-aT2AEMWnqcYB_2gX4FNJ6jilfWuQgG_9DYYYSMjoMoRHw375Lo8c1Kt7jVE5KgqClIYvRrsIZB-Jrw8ntBhnd1-g/s0/64915748_324161221840224_6915229643884724224_n.jpg,,0x0,fuit.gr,
ast_0169,ev_024,blogs,https://blogger.googleusercontent.com/img/b/R29vZ2xl/AVvXsEjeykEXx-iCSm21fxLKJfLOikquL0TD3XkvogesG0rl7cnCgk1cYUda2GHL7vaVWUBq0hOWYuJIPLp_Vd-3JAKVSRD0XinuCS7vgSVr8mQ0sVNaUIaueRdRMxVoAsM6gtpjRnTLaYiMuaw/s0/64746454_375996936368240_5030487523546103808_n.jpg,,0x0,fuit.gr,
ast_0170,ev_024,blogs,https://blogger.googleusercontent.com/img/b/R29vZ2xl/AVvXsEjzdhoTVoGWzuTsAuG_LuhOorm8srkyfxQ52k8cxc_L99hbcequW10vXVetxtUr5rzRdymr5aZCEaFNDmzPHDDpIPeOv8L9sAxLQJkUks48197ZrtQnzkh9fyyNDMrROp0VSUq8a4S6XwI/s0/44944753_1955069254574068_8508603515029946368_n.jpg,,0x0,fuit.gr,
ast_0171,ev_024,blogs,https://blogger.googleusercontent.com/img/b/R29vZ2xl/AVvXsEhyCATbTdOdNCDlF_yeHOdNT1vsGIV0cMd3uKcuJ1Q_ysIk0y8lpAvufMkqjOjYTC2zYyAUtup8M4DgPNjbCLGtoGm17obk0t_XfV6I8sZbja7I-AusTXhC0-VmziO9G-o6vXxNJJlftEc/s0/48382765_10213356759862617_8421343338786979840_o.jpg,,0x0,fuit.gr,
ast_0172,ev_024,blogs,https://blogger.googleusercontent.com/img/b/R29vZ2xl/AVvXsEh6QbrPe-jfZA4Qo5L52uB0kSByWwWt6EJHSlz_xZnLXvOs1286LpY3tsej79sycPXN_55pxsdSQFPTmopZuE6qc5iFrKfv6NzTrRvhX7yDHjASX4fzDAAOJhJn2bG-NeZ0i8kaPOvDvmo/s0/22553080_10155798526794184_3502325872909758785_o.jpg,,0x0,fuit.gr,
ast_0173,ev_025,blogs,https://blogger.googleusercontent.com/img/b/R29vZ2xl/AVvXsEihelMrGls7X12aGzF5IXxKQPUQHXEBvQXgXROh9ejKPZESGa7ZFngmE5JE_qKl1CJRauwMrBBQVOJg_uyXQaFPOQ3DD5RCbF1upcjHHBuhFJGCT7yc2LnhYwRoBolwiaTa6ajgZs1Vbio/s0/Konstantinos-petrakis-parasolympic-games-beatergr-8.jpg,,0x0,fuit.gr,
ast_0174,ev_025,blogs,https://blogger.googleusercontent.com/img/b/R29vZ2xl/AVvXsEiOKBgXdivcz1Nsw6CWY2nUbBTTzYQJ6iHscJ4xOgC5nA6rfbbn3w02oCocZs-UwIfjSqiNqKIkRkQxC74LROQJe3fhQ3PbUeT8VSbfRsgoBYCzuzZPFK7yXAl0tuuAxuvV_elfNRxz5CI/s0/Konstantinos-petrakis-parasolympic-games-beatergr-7.jpg,,0x0,fuit.gr,
ast_0175,ev_025,blogs,https://blogger.googleusercontent.com/img/b/R29vZ2xl/AVvXsEh-E91XZsaw387bX6NBs15WBcP2NnOFsyk382UvX8owuWEgHMy34nwrVuYT8be4G4yHxtgns5xb7U-5HIAbLptG9ZwKPi0382LaJQnZULL2tjDqRakZ24eg4yEgrI5myjyTa8NteXH23oM/s0/Konstantinos-petrakis-parasolympic-games-beatergr-14.jpg,,0x0,fuit.gr,
ast_0176,ev_025,blogs,https://blogger.googleusercontent.com/img/b/R29vZ2xl/AVvXsEhLauS2HteZ73-JkjVqzxvQ_2_97a9rhb76w8pDp-x9d7XfarTOOi3iYTMO4SbZWoTxGcN0YX5CF0nB6bi0B2cxLfdkj6LaNzBS7CN5S6bMZMRBBZYNJPEilFNhn_GKHw5lNzv_XCFP29o/s0/34750853_1729909360409476_1776647886671446016_n.jpg,,0x0,fuit.gr,
ast_0177,ev_025,blogs,https://blogger.googleusercontent.com/img/b/R29vZ2xl/AVvXsEjdOjop6WI5Dwc5rPaQIXX6tefqZ3QWPHFM6_8QyeyWtSEGLu1XeIEdMk_sv5NRrMcFn3wfHO0llTLbonfEsA4-q0ML1y2xRaRe0pnxvfXeqelxmfEHJcI8UP0u3TEIFMemojb0r3k7VLs/s0/35882383_1749868468413565_1615541314051375104_n.jpg,,0x0,fuit.gr,
ast_0178,ev_025,blogs,https://blogger.googleusercontent.com/img/b/R29vZ2xl/AVvXsEi6OomkojsL0gNC7Siqg-O-_AQeut72VatS2kMoYD2nYxf4aEdWK7dLi1zpGFGuCOwt_0p48l10oJaairT1U5PrmnKBSjfzlTwUf2aY_MMOM-9CeeDigWROhOLMwYGetN00nE09FTNMX2I/s0/36032585_1749868595080219_4310113240471306240_n.jpg,,0x0,fuit.gr,
ast_0179,ev_025,blogs,https://blogger.googleusercontent.com/img/b/R29vZ2xl/AVvXsEhQUJekprCVA-s9WPc9RTDHd5TEhtfMmzXodmmKdbaDtOmB-05j0bhmHMLRkArNat8N_YE_rYjdf2ZwBFfBpTdM9tvk8aPFjamloVn5Pu8RZDqWRVlIERMH5bevwMU63H655xSMSl2SukU/s0/35884275_1749868338413578_1574169891248799744_n.jpg,,0x0,fuit.gr,
ast_0180,ev_025,blogs,https://blogger.googleusercontent.com/img/b/R29vZ2xl/AVvXsEhTdHvwNKOFvmOhW47OIVgZJ3UNhcCbaWDFfTu1iDTO_ObOoXDRIb44M-LjPbnjmN4UUW97eY3W8QkHWuiUPTBTQPRbn72OCb6iucS_JOupJOoS0DWIHBbMf34jmPCu7wctqp87hIEC_y4/s0/%25CE%25A0%25CE%25B5%25CF%2584%25CF%2581%25CE%25AC%25CE%25BA%25CE%25B7%25CF%2582.jpg,,0x0,fuit.gr,
ast_0181,ev_025,blogs,https://blogger.googleusercontent.com/img/b/R29vZ2xl/AVvXsEhyiIYcuNvgGB43Vy_r_4rQz2yeAWxw3cxeysFWSMtBEzyEoW1K-LHYnIQLZiC0rmP9Rf7sVVxaP5KdOX76m_7A2O3ezL86G1fLE5v8H41oWlDSC0mElCxGbwmwvS-4BnqNcrXzQlw1GF4/s0/Konstantinos-petrakis-parasolympic-games-beatergr-4-1.jpg,,0x0,fuit.gr,
ast_0182,ev_025,blogs,https://blogger.googleusercontent.com/img/b/R29vZ2xl/AVvXsEi-IoLDmhGq7XIi7b-RKELgRU9_cIlA6FoB5iyDg91jO__frFA-ZcNPrNMEoZuPXcWE0f3uALBIM8qN4mnRBhCIzzVX6h_GG-WEqmadbJR59XavfGMSj4RiFp3aZd6RS1ia5uQtUSHfMHw/s0/28576119_1180492828750295_3159513606107238524_n.jpg,,0x0,fuit.gr,
ast_0183,ev_025,blogs,https://blogger.googleusercontent.com/img/b/R29vZ2xl/AVvXsEiTgwsXR9DcYyviQNaqXDXWnNi2z1YmT_ylw_6fjTrbjaOurf2toYxaCzEnAnt9Z1t3KCANXpK7Mv7FhLIhtbFzc5CVQJC5crYUX3ALDwuRf4Z5wRUgxINrHK7nsGkpe5smM-KLSRjqBks/s0/cover-bigger-petrakis.jpg,,0x0,fuit.gr,
ast_0184,ev_026,blogs,https://blogger.googleusercontent.com/img/b/R29vZ2xl/AVvXsEhGUwedUXRcoPtdAKojHhnJBz5z08hzCN9WkzkcIMRvgYnTjEL3CQ7H83i04OkMcXKXMLxvliCeeZcnLD1cuhTgFywpelOgOyGeJ9kE8mQm2KPWUdgGo5fFo48Dl38s8d5MJOMYFgpYgWM/s0/62426687_474637143308244_7739362056133935104_n.jpg,,0x0,fuit.gr,
ast_0185,ev_026,blogs,https://blogger.googleusercontent.com/img/b/R29vZ2xl/AVvXsEiKlUm_0pJTQFYBWqAl5LFmnf1gEfGcfT130ch5vMkpMOJ8st0v9bZhd7qkrCyFdjr17LqB3_06r1WU0gNSz0xjBZkY_l3IdkbIT6jHLb2eUiKnXNyyMpstkaz0xTJbmP9hkH_wAXZkytU/s0/p05.jpg,,0x0,fuit.gr,
ast_0186,ev_026,blogs,https://blogger.googleusercontent.com/img/b/R29vZ2xl/AVvXsEhgFgdT_1edjOXuQiOQkOGtpoFBRtTSVO21Ep93aEwRrRGloqz25mdWzN2oztr8Vnak5NvGS0C9-v3_NwiDurWLImoHrISIGXli918q7UQGeguilgWaavpN8l6BjVZtyYoetI_-BJgwr3Y/s0/p01.jpg,,0x0,fuit.gr,
ast_0187,ev_026,blogs,https://blogger.googleusercontent.com/img/b/R29vZ2xl/AVvXsEhFDUr903VWhHXCI7XsBikfzrM_kJiyTx14EM_qXzFiufkOthoR8Aff-LAmEcT9ico4wAr47HlO15RmdzwXLgI6YRY1RDbZSSg1SqjxYSfDtiJbvF4Rl7QHJZL82eJm93xNz6x_rEzsBK4/s0/64305087_705438389895169_601752981485912064_n.jpg,,0x0,fuit.gr,
ast_0188,ev_026,blogs,https://blogger.googleusercontent.com/img/b/R29vZ2xl/AVvXsEgwVMN_Fuv1eiwVP4ed0jnlSG2L638Qig7FGow2_ZmkewnI-D_5Yy2YbwTA9O_zZ2D9xqYKvjWJfO29BAsXLc33CDISp3bgdJsQdEtp4otEtDU4ex1kow1nVe0hyphenhypheni1KlsBLqx3cwh2cdOw/s0/p02.jpg,,0x0,fuit.gr,
ast_0189,ev_026,blogs,https://blogger.googleusercontent.com/img/b/R29vZ2xl/AVvXsEg9v_lVq7YUiLgBJt-wHGIQCIzwJOztMGCO2xtQh8EDl5CHswdHrd9VBi7M_oAogmC6uifqW-tnaloXtRfBNnrgsRqtUfQLR3kJc-ywcBK3GrBqzZ74WK8Iu3GfXQit_cwI4hN1i-sZzSU/s0/62539234_716963415373549_8250331850027827200_n.jpg,,0x0,fuit.gr,
ast_0190,ev_026,blogs,https://blogger.googleusercontent.com/img/b/R29vZ2xl/AVvXsEg1-5uNAHTakPekp9l34y-iZ_1u4AfyygZ3s6GjqKOPxKKKelCh6w_3r7HvDcrgxlWNemGDSt1huJctyNQQbmI40FZS1bc8iiDWvHho7Imrmhxn2q7lLI0xYtIWCoM3GfD8hzT1F7u1Oh4/s0/62473172_812615615790272_4668074807265329152_n.jpg,,0x0,fuit.gr,
ast_0191,ev_026,blogs,https://blogger.googleusercontent.com/img/b/R29vZ2xl/AVvXsEj2KvyV0Db1R9RTel2vrxQbHmnyHONgx14PhQWHf48gD8S8XdaywQmNqh2dl7RAx4KOz1EzZvfGJxLFIAL2r4T5edFmTd1IQCjC1bPBrBRS7NoBeHtZ_GKJDQUKalGtikDRgz-Jodk_2L8/s0/p04.jpg,,0x0,fuit.gr,
ast_0192,ev_026,blogs,https://blogger.googleusercontent.com/img/b/R29vZ2xl/AVvXsEiM1VVVtwnZllARRszmgLofkkVVlHG37ZuUiVBxlwX0L82hahUK9x7dw0yvCXGa7fiBCaAo2O-mQzeFsZFgOuQil5_6xWygeY9rgeB-NZRNc-NJyfpZEt75TKOj1knb-laPwqMblJcfRmg/s0/p03.jpg,,0x0,fuit.gr,
ast_0193,ev_027,blogs,https://blogger.googleusercontent.com/img/b/R29vZ2xl/AVvXsEh0TeUioFp7ti49qq8wJ5sx7JFhG4Y6wTJfRPcjbT3q915aRSFlmbLfEbGpsPWd9EGfsOzpS5HGBbR8Hf0Rc55JRljfmyw3cI_wLzsNcnySx4JxvfG821EYVazNfQ1SYgFN_29VNTbCLMc/s0/62052415_1520051378127770_9015009008523673600_n.jpg,,0x0,fuit.gr,
ast_0194,ev_027,blogs,https://blogger.googleusercontent.com/img/b/R29vZ2xl/AVvXsEhF9q_zEumjgD5kJcZOkVFaAQ7Qw_ftTHI7Z5NV39GXpQmqPbVrMrUQ85gz57RUQpWhapzOvUzFa6te5J5bJxdh3P5apeC_jsZXYCyLgUBaMh9MNKdtK0m9Kqdph2KY68Du4Px3CyDbkVw/s0/62004605_337840746902585_8108032849002627072_n.jpg,,0x0,fuit.gr,
ast_0195,ev_027,blogs,https://blogger.googleusercontent.com/img/b/R29vZ2xl/AVvXsEjddY_MQic6nlgyocMm6wV3fdYGGK8AByHgmfCPMFVzFDlL27BuS5EhxLAqzoS1qIQ7fhmKIow2WkzWn5Y7Q4nyBkSY5SG91zSR-UYg9VjiV4Dazf8n4-UTS4Q9p1gC1lzH6H1P3Fogzbs/s0/61834928_563932947464849_5417911423529385984_n.jpg,,0x0,fuit.gr,
ast_0196,ev_027,blogs,https://blogger.googleusercontent.com/img/b/R29vZ2xl/AVvXsEj3liOXGD-4NT_Q18iY1r6fValAwaDaSygscbsqTfmvO3bvf0ehhizjqBuDM5OA1ONDHKpvvBkWjfRLyJjHhJa4xsm0yygMzbO-uP-w88jw90l-flFuYxCIjVLKcNVFWbTbsnINprpZSA0/s0/62022406_674226286730756_878668373670494208_n.jpg,,0x0,fuit.gr,
ast_0197,ev_028,blogs,https://blogger.googleusercontent.com/img/b/R29vZ2xl/AVvXsEirL7bDF3YnbjMwAdk0l08oOZYgddGkACJmOCkHnkFpkJ0YhX91Kxjy0bo9bRWOwxDroh14Kta_Q2AK3yIpnL1AriSM9ECK9uOmit3QRgBs_kQRBR5DSX0BKhBTJo_sLPsxpibGtOVMORw/s0/61839210_2292615897617764_4037650161709613056_n+%25281%2529.jpg,,0x0,fuit.gr,
ast_0198,ev_028,blogs,https://blogger.googleusercontent.com/img/b/R29vZ2xl/AVvXsEhlxg2glXlnW3X2ImRRWSSZQkeXqkIjmORXLaLvGYkszWbLgfOu4KAy4Aa08ORApR69YE80BfoWcri8hx2l35dDtsFjU2D4KsWQwffRPBs_Rca8vAPjv_ELmk0lAJjc-Of0fcIZIyEj-p4/s0/55576633_1091629421039042_7097986459449163776_n.jpg,,0x0,fuit.gr,
ast_0199,ev_028,blogs,https://blogger.googleusercontent.com/img/b/R29vZ2xl/AVvXsEj_oyAygfQrqyIdus7rQ94KoB5c6LioRpYppu711pcEEXgZYnMQ7ZoJUlpdEoQLy2aNkrqzYq0Ue7zkxGyHg9BTF8HQ20d_K87AhSA_Ge-nfxgVElisDrElSRw-K2_m3GJ6HlzXxRjnVhk/s0/61532931_2532598203439286_7693101934051328000_n.jpg,,0x0,fuit.gr,
ast_0200,ev_028,blogs,https://blogger.googleusercontent.com/img/b/R29vZ2xl/AVvXsEj2mo1WJOzpqDmsJWPMv2m6Du0t2cZmbKcY3yoTp6R6Zj8AXrrlUiusUzDj3r6W4rSoM1_4F3KOGfDxZUsUmC9-m7dCpU-QanUOXbSXtDzbO1FAzfZOIugzWEcc6qDcuxBKagFw3slxpsE/s0/61376985_329520297941310_2724620316486664192_n.jpg,,0x0,fuit.gr,
ast_0201,ev_028,blogs,https://blogger.googleusercontent.com/img/b/R29vZ2xl/AVvXsEg5zlS1OViq4ChYjp5Ep5Ry-eHjNozvScarhuyelOjYcJab_eofWNPbX7I6NWAyOTXq1vuJyrzZTeOPpJMmdUVb3XlSMmqfN2cNohdW7-NlrHMA73J1mq62lL5He3MC3b-BQb_Clt7N8DM/s0/%25CE%25A3%25CF%2585%25CE%25BD%25CF%2584%25CE%25B1%25CE%25BA%25CF%2584_140608230552.jpg,,0x0,fuit.gr,
ast_0202,ev_029,blogs,https://blogger.googleusercontent.com/img/b/R29vZ2xl/AVvXsEhvTr6G4OyOb9W7qohXXc4-MSDQhBZJxq9ibuDb-H2V_Wr6EXBlZADh9pHLA55q7OlyPyxdvCePmJioLeZZ66AkzSO7njwEoNICSWRPBBTUY1lDdQAAGATkxGZ7ajm5ZS3HImlqMLj5riw/s0/caa7a40d2c2b53eb03a090e5336a54c4_XL+%25281%2529.jpg,,0x0,fuit.gr,
ast_0203,ev_029,blogs,https://blogger.googleusercontent.com/img/b/R29vZ2xl/AVvXsEhmMsVHOSoXCzr-nU_e0ONTD16GmfgHo6hoMVKq1cYtfCg-KFvhyphenhyphengT4EG4hKhavdI9zpVkyCKFYeN7bmKno95XThWbKP5Os0H76x7MOffDXuus8uLPFMgYLH6pVgFT4sVQEzmxi4xJxDvQ/s0/61062684_2269258063155184_6467426191711141888_n.jpg,,0x0,fuit.gr,
ast_0204,ev_030,blogs,https://blogger.googleusercontent.com/img/b/R29vZ2xl/AVvXsEhDFu9L4TtWCNJjUTsM-N6E1cymVKWaBrYzHed-eRrZt_Xdx0cqBCgHi-JXe6iX4KYAlXK0YAeCjtpL0n2zZAVuAW0VxIayHICtb2PFGsoJc4iF7RGgvUcNcXBPmDgCy6XBVCP0v8eLvz8/s0/61183958_1308558355966625_4341940661826617344_n.jpg,,0x0,fuit.gr,
ast_0205,ev_030,blogs,https://blogger.googleusercontent.com/img/b/R29vZ2xl/AVvXsEgfjw8Thp3RoY0qDAv8aUzPyz13uDh6ZOwmvCVsK8Fu0_7xsW2CdH_-TXa7_nb-BLsckTpqsRrQjperQ8nZBF0GfLb5Oe9kI0NYCeOtdei-DEOAw2qqPktafFPZtXlJTkHcvjSpjRfqCtI/s0/1541579698752-1-sakis-tolis-dayal-patterson.jpeg,,0x0,fuit.gr,
ast_0206,ev_030,blogs,https://blogger.googleusercontent.com/img/b/R29vZ2xl/AVvXsEhcFXMLmUv1Ng2aBh6rYVBOstey-N0kpMmJs-aP6b8AB0PJTPiN7FqvNbAuaqZLH2FlbGzLi3UQEMtJNJeYt-lVEIGLok4HzlDmhtjGZPEUqijyQKW7maRyukETi_uy6plJ7ifzzE4msP4/s0/fos23_SakisTolis_1X4A4597-960x640.jpg,,0x0,fuit.gr,
ast_0207,ev_030,blogs,https://blogger.googleusercontent.com/img/b/R29vZ2xl/AVvXsEjAP1IZJgJfjkLi0K6eZCPv04enWI1Qt-mEIbTl2rVg53RRDJF9yL8gJRH6whvk4AlN2iph5pleaKqRLDlIaGUDVbBd4ba16UrCGgcg4mcJ5y34LCeHWWby5TFCsEmEVLI1vu8ciFE5f4Q/s0/51140304_424770458063587_1620500420730290176_n.jpg,,0x0,fuit.gr,
ast_0208,ev_031,blogs,https://blogger.googleusercontent.com/img/b/R29vZ2xl/AVvXsEgi1lF8s0cHEIYVFfcLd4fnvYx2u7ga0y7N-o9xYPHVCYFAbT2jocT9JVF_pH28GFUj-_yeCrCvYSebhyDBifK5eALyTv9ZP3jcnjODwP-gl0ygzNVFia5EhYI9BdlM4z9oNfGeDmsH900/s0/60695492_1557879541008716_6981492253298524160_n.jpg,,0x0,fuit.gr,
ast_0209,ev_031,blogs,https://blogger.googleusercontent.com/img/b/R29vZ2xl/AVvXsEgRDaz2qOaMtVj4B4PKuPRFb-qXnshiisvG4gen-PN17tW5GtpMEpVTEAXsUpyNBLEHyO7WEiF5cXRcflcJ6AiTGIm4SBt72xyZ36Ux-9zDVN16EWsAyg-IIxxFVaq8sl0MRFO3qxY2DYU/s0/received_216048275943934.jpeg,,0x0,fuit.gr,
ast_0210,ev_031,blogs,https://blogger.googleusercontent.com/img/b/R29vZ2xl/AVvXsEhf9l-SX4JicprdB9Z2lRRUs1uGsx-prI-Uxj9UyKJRPKgnoWF3dMOHPSxAC1QY7jpOexwJFTA3Jn0PU0PXWslG1oGgvXTIrJvCDVA60KtoL1Xw-QBNpVMliW1hVDC1lexeQCRZnO6kmB4/s0/eklogeskitsioulhs72.jpg,,0x0,fuit.gr,
ast_0211,ev_031,blogs,https://blogger.googleusercontent.com/img/b/R29vZ2xl/AVvXsEgl5_9J2soA_WHzvn9CzZyUzTvh7tnJhbAEM25dASVGwTKMb_qTUDZDOzAPgQ1brNDRXeakU0pHoVpmRRZbu9XKoWnYPK9AJhTfpw7hM2bXvxq6jFBVjsO66_CpISXLaq0NWPL8Ai0oQYs/s0/60576613_295124724724625_826904014774861824_n.jpg,,0x0,fuit.gr,
ast_0212,ev_031,blogs,https://blogger.googleusercontent.com/img/b/R29vZ2xl/AVvXsEj5N0ISUCFUz1LaELR0fvIiQFjhuGqnlDrKBR-wTshj1Afr6p0e4a2hyphenhyphenrUqMh_J5vDX1f9004AWGjEINAk22romVB4EjGT4tIoe2BlI89Y2nWCUVVvQBy8I_0fKiIfSgqhp11BRFLzVHjI/s0/57415217_2212194088861582_1478788120827658240_n.jpg,,0x0,fuit.gr,
ast_0213,ev_032,blogs,https://blogger.googleusercontent.com/img/b/R29vZ2xl/AVvXsEj7KatxwtO9AAT34UjYQiVjH4VQy2F_PVrXEdZe6c5b3Sgbt54Fo4Eq1_qvcmm0CT_irqQrwtJM4rU0FupScSwYN9u751Njp_azn7RWyMQyWJUgZS_snRYpfQ9gTsaFMWemrSGrHuOvxZQ/s0/60971593_606096649871212_732188690134073344_n.jpg,,0x0,fuit.gr,
ast_0214,ev_032,blogs,https://blogger.googleusercontent.com/img/b/R29vZ2xl/AVvXsEjg_xeWtDyqocCTRGKiuO7K6Nlv3Pd5qILITEVyYmXFMlW11AXj1vx5NaDlc0tSpDDMp4Q7m1YgOjTq_kr02XcQ-JRKkTxmMY0-cl4Tx6tHmAEVzivwQx1hRVKuhOB4QCH2IQgK7zt0Wfo/s0/img-a84e21e3ab546debedadf6cc6709901a-v.jpg,,0x0,fuit.gr,
ast_0215,ev_032,blogs,http://www.gazzetta.gr/sites/default/files/sitefiles_2019-01/img-4bc705b0cba71ed1dfc38b0e9e101825-v.jpg,,0x0,fuit.gr,
ast_0216,ev_032,blogs,http://www.gazzetta.gr/sites/default/files/sitefiles_2019-01/img-8527bf8b65b374e60a7cd098ab55d1f1-v.jpg,,0x0,fuit.gr,
ast_0217,ev_032,blogs,http://www.gazzetta.gr/sites/default/files/sitefiles_2019-01/img-488de9f9a42191124ca5199fc69102f7-v.jpg,,0x0,fuit.gr,
ast_0218,ev_032,blogs,http://www.gazzetta.gr/sites/default/files/sitefiles_2019-01/img-222719eb4e6b29e2218a5d7e9be31e60-v.jpg,,0x0,fuit.gr,
ast_0219,ev_032,blogs,http://www.gazzetta.gr/sites/default/files/sitefiles_2019-01/img-7c927967f061f4fc6bf087e09a5fd85a-v.jpg,,0x0,fuit.gr,
ast_0220,ev_032,blogs,http://www.gazzetta.gr/sites/default/files/sitefiles_2019-01/img-626e50f6ce9602d999b038998b2ca51d-v_1_0.jpg,,0x0,fuit.gr,
ast_0221,ev_032,blogs,http://www.gazzetta.gr/sites/default/files/sitefiles_2019-01/img-c888bfb46ee88b414a5765b2837e176b-v.jpg,,0x0,fuit.gr,
ast_0222,ev_032,blogs,http://www.gazzetta.gr/sites/default/files/sitefiles_2019-01/img-20d0255b7d14ad2c6e9f9cd3ab270bf2-v.jpg,,0x0,fuit.gr,
ast_0223,ev_032,blogs,http://www.gazzetta.gr/sites/default/files/sitefiles_2019-01/img-c9f6d0317a203ff0812761d10b0b6ae5-v.jpg,,0x0,fuit.gr,
ast_0224,ev_032,blogs,http://www.gazzetta.gr/sites/default/files/sitefiles_2019-01/img-42095c26feb75df8735f85bff08a83ce-v.jpg,,0x0,fuit.gr,
ast_0225,ev_032,blogs,https://blogger.googleusercontent.com/img/b/R29vZ2xl/AVvXsEgICpNK7LX8tWx0nctc-nOK-kkrpzRI8e5hIVgx3oJDfF1DNXebl3Yo4KNUytf3TYkky-UmoBCdmV8Fxi4jlYL2I4MOZbss1rEhMDvJamJZAbMa1_87YU1N1oxIfgQKcbkEWcHbMyNiDxUQ/s0/36.jpg,,0x0,fuit.gr,
ast_0226,ev_032,blogs,https://blogger.googleusercontent.com/img/b/R29vZ2xl/AVvXsEiZ9o8KiLTrGCpOMKDvkP5LBprMhjOkU5cn2Q-uxQt2pdefPHEF19DpVl48S6qLyD2qL-pKLe2Y5r8PoPMHI1FqBO9JtdtNa8j0YLxBRFwqYRhQakccUWCaHtznEIiFVSJix9Ti64hAs5o/s0/60329431_1504288549704053_3204804622321451008_o.jpg,,0x0,fuit.gr,
ast_0227,ev_033,blogs,https://blogger.googleusercontent.com/img/b/R29vZ2xl/AVvXsEhb8GwdOKP61iFyAsnvVU5M1fVS1JAkoe_55fqfzp3C1fwCsSpTE322qb6n6e9HhuVjXYFg3tBskBnndOemUwYr7HcpkPPyll9YPsG-KSuS5fqumk81G8hJHHrEwXFJJSWR0YIidXGkF2g/s0/img_6170_1.jpg,,0x0,fuit.gr,
ast_0228,ev_033,blogs,https://blogger.googleusercontent.com/img/b/R29vZ2xl/AVvXsEiE699ruHctWdlVLlhtXTYw7ZTx6NQq2tu1z2pM8bANn8vh2p7eObgZRANwZ0ovyYWUCL-zkVTdwbU7GGQEG8MobYG-IbXNRLVncVZzMHT2p9jq2PaxmgctQnd7c0Xu3GWWCbR0oZB0f-81/s0/DSC00900.jpg,,0x0,fuit.gr,
ast_0229,ev_033,blogs,https://blogger.googleusercontent.com/img/b/R29vZ2xl/AVvXsEj89XomtPVdw6QQM5KqQYvtlAMYIrt2h3jx49VbgHov7vAZB5z269vtu0PzUxT3coFoVJ0uqQO3XaALYRFaRrwZas4Rw-RXYA8WtZywivYpTDN3oym5l83OvmmJ63xxYBc2mUouoD3FlGJf/s0/DSC00912.jpg,,0x0,fuit.gr,
ast_0230,ev_033,blogs,https://blogger.googleusercontent.com/img/b/R29vZ2xl/AVvXsEjCK6jk9dazYXcHIUhNxDnrY_2WxOnUDKEi9xRBnzTglThf6NaJHaCwRslRsz7N7i5gS-tG6c9j2KOHttRm25XLifU8ctAZApPwOt1G7pY-Trxfh3YElGekTqa9T_xNUGhDpTibhx2EZ6ma/s0/DSC00883.jpg,,0x0,fuit.gr,
ast_0231,ev_033,blogs,https://blogger.googleusercontent.com/img/b/R29vZ2xl/AVvXsEgj96ntSEEPbgzw8DG81XwCe6483Yk_84yR_cBOoRLyI8xxxY2CV7miL5LEdk0-ytcxL-tFDVDYDVoqGlNh4Sdq-ZoRBJkrryMF-qwwXcpYEZL5bwTGq5SnhF2IPGAB3RjNnLCaUyViDeB3/s0/DSC00991.jpg,,0x0,fuit.gr,
ast_0232,ev_033,blogs,https://blogger.googleusercontent.com/img/b/R29vZ2xl/AVvXsEiYLe9UIiiLBDESL30WswCW39UcqPQX7E3fd3EpglURISYk9JG3mErRBf7WOgSGgGjUn_ldn2kzs0IpulauicDL9VQ4llbljlxRIr7fwl8PKOyz-GauuZPHa7dEOnaqrJJHkIS01SDlxEtH/s0/DSC01004.jpg,,0x0,fuit.gr,
ast_0233,ev_033,blogs,https://blogger.googleusercontent.com/img/b/R29vZ2xl/AVvXsEj9Hyc-ex96AT5CI3Nd808Ea8Tg_0PnfpgOyeUpAFa9riOf3_GsuUrqoprEqqoR3_WADmPf-G-4COCNWTT2DUbzCdXWqCVHmGjD1uLe6MZsgcf92G5_ejZjS89vCsrQKPt9Rcmfzqv_VkNZ/s0/DSC00886.jpg,,0x0,fuit.gr,
ast_0234,ev_033,blogs,https://blogger.googleusercontent.com/img/b/R29vZ2xl/AVvXsEgH9HSSLdmBJDa-9wgZEEznDQH3hnUEGs1I28ZqAkg7Oyl6JCnjAydQPjK4T_aHlnyfye0EzV580pUUMg47pURxUP-PheD-8Veeikes8R8-ejw-Ntbhb9CqWLqA31ubdUqA2FY42d4HhH71/s0/DSC00890.jpg,,0x0,fuit.gr,
ast_0235,ev_033,blogs,https://blogger.googleusercontent.com/img/b/R29vZ2xl/AVvXsEgWYTvJ9QyFCGV2SJzuHjhvOinB7HaTCV_-d9JxFrNTZjj-fA35rmpa0ynWgv0kDxZJiheefxGSGdGcNQ02gMNsbMlKAZHz8cJHpc6onwq7-6xIStXrRYZb7FPxc29-WCW9GTot85GQluKR/s0/DSC00906.jpg,,0x0,fuit.gr,
ast_0236,ev_033,blogs,https://blogger.googleusercontent.com/img/b/R29vZ2xl/AVvXsEgvARlqsG5GOQGR7XZbCA1Tqi2W8aqgVmqBJt69eG2eoQp5W6FBTghkbyUfSWgF-_AnoSOLyz_Mi8eq3ZfsykYZ-XcgY8IOyOGH_SG_COrLo7BdrM4tKeFHR1oqHqaJrBlnmT2XZC27hhw6/s0/DSC00943.jpg,,0x0,fuit.gr,
ast_0237,ev_033,blogs,https://blogger.googleusercontent.com/img/b/R29vZ2xl/AVvXsEiu_GSB949VHHJ-GNAbs9RHm7uyvrUkNZ8jyqLte4jEiDPpZg243dNhyphenhyphenPnvqsYGm0-vM8UGk1IiZQHc7KRyuLJGAnGgJ0AYeNmsDx5FrRpGNIsRdQyfAFVjzYeew-cT8IFALPe3rGbrtlNH/s0/DSC00950.jpg,,0x0,fuit.gr,
ast_0238,ev_033,blogs,https://blogger.googleusercontent.com/img/b/R29vZ2xl/AVvXsEiTvemvJUmRoMxLtfely2JliwR1rABWDmjXLn_cbitRCChRUz3NEKDLt72qXyJfOOEP1LAYwoi0cVyk1AEDZgxCjNyxibag9_7FLr1DEx1Pm4YZ7chNS-kfgweQ_45w9RA2lJc45GzkMIdN/s0/DSC00881.jpg,,0x0,fuit.gr,
ast_0239,ev_033,blogs,https://blogger.googleusercontent.com/img/b/R29vZ2xl/AVvXsEiAyoBB_C1uaqIOvpmJ6IKjim8XRs8mAuH9XukPK3l3S7XMdZ4gq1W1ZOJDMDlLgTzQi5iJCt8F2-2R_V1JOJ_nbGUUEpP3WNSS7-8E9PoRUD8oaOzZuXSy-84M14SFKUG6907e9I_G8AE/s0/11821832_1035607799833806_1470884361_n.jpg,,0x0,fuit.gr,
ast_0240,ev_033,blogs,https://blogger.googleusercontent.com/img/b/R29vZ2xl/AVvXsEiHKX9FlZtoh-pQx8iIiDGnOgEEiYdUtLwd4puDxARPgVKZ-mMaoqv2eyobqL6q889tMOpabcuTfN3WqbSAHSJt9biAB0H3ah9EJFZ99RduG18AHQAvoDVcT4r8ZcQ23i8PpedM5CMhCaQ/s0/hantava.jpg,,0x0,fuit.gr,
ast_0241,ev_033,blogs,https://blogger.googleusercontent.com/img/b/R29vZ2xl/AVvXsEhUNoSqfHNbqUZ6NRFOj3T8tbq7DSYBh2PMUxUjeuuvhZDp0gWWGAiUHyC-c_Nw4HVsv1a1UNDWUQQCjYsnJMRWHPslz7A30F8qiBGKArempc-sH8PVt6Zz5iB1pSq76VlLclWVBy1iUhA/s0/IMG_2501.jpg,,0x0,fuit.gr,
ast_0242,ev_033,blogs,https://blogger.googleusercontent.com/img/b/R29vZ2xl/AVvXsEjW1Rj9F-nSHRvF5qPeAfRP_BrjV9pGj1zoS5KJajHKQZEaHnNEOSWE6HyYlkAg-n6N9ow6Kl8Yul_tyAuY8YuJnR20Orq9Xgmj_bC_OP_ptUDklJrVUSKk8D2-EJDe-qki2J9Z9DPQJYw/s0/3AF2EF65-8B74-4D7D-8DD7-849D1A821535.JPG,,0x0,fuit.gr,
ast_0243,ev_033,blogs,https://blogger.googleusercontent.com/img/b/R29vZ2xl/AVvXsEi981SSnp6FYNYCuYZRtiIl0zLJHXW_qhzvqQBV_Kj1B6AKa1yvXZLTOG4Hqy2uAwcTkAYJNUJ5aqxqL7bIafr13q5OMEqnVIKf4_TjyefaBI0EBRsAAMiIk4CxOKMXjD1em68d2KsKy44/s0/8.png,,0x0,fuit.gr,
ast_0244,ev_033,blogs,https://blogger.googleusercontent.com/img/b/R29vZ2xl/AVvXsEjCAuBuJ1geSHnUXtIEZc2oI5mlkuWjpDY74GhNA32vTIr3-8MiO6HvIDNfF1UFSRbpojLiEMZXKe3c-7AltOXlfCDusFfDPxU46GfeRPQ5WBLE-VB0uwk3nqflNeG6owtNIzj1umoH-E4/s0/IMG_2496.jpg,,0x0,fuit.gr,
ast_0245,ev_033,blogs,https://blogger.googleusercontent.com/img/b/R29vZ2xl/AVvXsEi_mDZ9BDmPbSCFFWbIBmT3cl15qAwVOcPgC3XB-gndKg3Q8OtOWfImotfKsF0JerUXI_OABa4UBeFhuEeQHBWM5jj4OMVJISfQLwmT6P6q6SnFmhocdePvZFgkSz5PAmW5Ta69ZOpreXE/s0/ImageHandler2.jpg,,0x0,fuit.gr,
ast_0246,ev_033,blogs,https://blogger.googleusercontent.com/img/b/R29vZ2xl/AVvXsEhS05upfZzWjBudh4NXF5crOECZGCc9u8jaVoRMP4cBE7NbooeizZo7YtEuMG7P4_4RF6bPr-2mmeB95cncc5YB1C9g4gJkVt9hoCpUTeW4EQvcivCG16TOqK7bXf5l3wf83wYBn_qXBwE/s0/xantava2-660x440.jpg,,0x0,fuit.gr,
ast_0247,ev_034,blogs,https://blogger.googleusercontent.com/img/b/R29vZ2xl/AVvXsEh-MC3J4FDp7V7X3bkcf6k5VIyUFC-1hkhq9WN58g0MPZxe3uCtSO6KjuKKuLsCb0NpTEyiuzICtiEOJ-pL9R_FzdoyYAIuAvNs9zXOmIDhOLOCE6mzRmfSjAEnQEKzayNP6KiLe9C1nRDW/s0/56334657_1473612776104964_1277879446325428224_n.jpg,,0x0,fuit.gr,
ast_0248,ev_034,blogs,https://blogger.googleusercontent.com/img/b/R29vZ2xl/AVvXsEi9-_I6k2AYA-unPlcTiEKi1I4z-X7FJ6RDP4jy5Es_NPmDn_HTHhb3ovZJ5sXn83FVWu3uBD5ZlvZq7Cv0iXF-OqEypwbPstSr6De6kPuVJRcPSAn2-KQ3IJUzfgVUpdGXcOdh-LhmWiq6/s0/tarta-oreo.jpg,,0x0,fuit.gr,
ast_0249,ev_034,blogs,https://blogger.googleusercontent.com/img/b/R29vZ2xl/AVvXsEgtYJ6c3wDJ03o7hyphenhyphena2OrprGDkNZtTX6m7XEw1gpzIlBeoDVgmPDkJCIH0F-UC-CsPoqscHfi3Kwh3Jcv3boUW0ddrgaAQYi0EY7AxuvbpZRE9cCqzg-A9mKve8sSL8rzkBUPYjef67Bw8/s0/19943058_1049416458524600_8480128858941874999_o.jpg,,0x0,fuit.gr,
ast_0250,ev_035,blogs,https://blogger.googleusercontent.com/img/b/R29vZ2xl/AVvXsEhvyaaQUxalGU9jUvtfW1cycJW_H6j8kORIogU_0y5UFHuivpFHXWd_ABvokAMrMlGm1f_12wtfwyebVawy2MVVRo3Uha7IHAUZVUXsx0GGFZmjmHoHz9KaU-6CleQC0VINXqww4NnlqSBF/s0/katsarini_grevena_covers.jpg,,0x0,fuit.gr,
ast_0251,ev_035,blogs,https://blogger.googleusercontent.com/img/b/R29vZ2xl/AVvXsEhoXA3230k0eqhEtpdHNDhIIfkdjYqVqzrWma76e5ZYuxo7nd6LDNtlrJEeJvRo8J_7bOH_JAhaS79FHvn3cSp6pncORuQXIsZjzhLWh-6qoDOsCe9LVuKY8c4Yg8aysNIangOrwbtqY62q/s0/katsarini_grevena_PRINT.jpg,,0x0,fuit.gr,
ast_0252,ev_036,blogs,https://blogger.googleusercontent.com/img/b/R29vZ2xl/AVvXsEibBOPnx9xjC9QRzagMJg3zDSxpbGAn3_xcAT44IFJYe6kgnaMWOJan2CgKDGtx3L_iJNRxkkQ7s3_P3xco923xTUFGkW-HdYZKseYIqdYGlx60QHue2BoLi_FmibT_6PERu6nkf5o_pLzl/s0/59299283_2241357302567240_3643708593020076032_n.jpg,,0x0,fuit.gr,
ast_0253,ev_036,blogs,https://blogger.googleusercontent.com/img/b/R29vZ2xl/AVvXsEjVW-jj3YoGXasoee7koDzHaTtWplVuamTvoVlv0BGwPoa1kzbJCydOXLOz9KAHjEnvJncPLKY5WTGVt7HAIWoolXWltFD2Ax0NKoStCfa9UgxjwxZlhUffeterBb1gE8pwa23oDBte8FmS/s0/58842524_1071500476387116_5154718146912845824_n.png,,0x0,fuit.gr,
ast_0254,ev_037,blogs,https://blogger.googleusercontent.com/img/b/R29vZ2xl/AVvXsEgevXIjhhvxvG1m1oDf1qWnCMWyuUcI9A2fbHIEj4elC8w4j4JrrqDy2mspz9JO_69b7gUT0avQIE315MIUC2V-wCZmgkUOI1CeJ0gpP7SPlJWqTCc6XINNSVa19tFiEsg7GPgOQHPaZHl9/s0/19989513_1049412415191671_241893311321522817_n.jpg,,0x0,fuit.gr,
ast_0255,ev_037,blogs,https://blogger.googleusercontent.com/img/b/R29vZ2xl/AVvXsEh2Jf9KHervy2Gw09hklQ2-hDLxyIuv2V0A0ucZyai2zqiMMLIhfCIT4ZTx19XSTSUdqr2bRQnUDx7P_xOHynf8rZDfsnov615paszqu1urarYJR5qE71ggSrhtMqEH1Gsr5ofgRNT25SSM/s0/26219904_1149041205228791_5774410219917681133_n.jpg,,0x0,fuit.gr,
ast_0256,ev_037,blogs,https://blogger.googleusercontent.com/img/b/R29vZ2xl/AVvXsEjNfbOV0shF__SnqDYPtuHH8DfwoaiGS_yJXcODv2xx5LgGmXdpCsQlqOwrzXZsNIJrdXPFFAaDALsphzXVN52ZysCqhxMpEpjpxLOc-7WeX1CR3gbv7g71nKO0NMomJzX_3IkIYbrS6hOB/s0/19884263_1049434131856166_6241601216875394515_n.jpg,,0x0,fuit.gr,
ast_0257,ev_038,blogs,https://blogger.googleusercontent.com/img/b/R29vZ2xl/AVvXsEgNlapW3b7P-MxbskSMfeOqm7cwIVxDagyu4mbKwIlti2licRvF7Lq0mSwOt2He0Hd4PmL3BsAIzYBrEIAYqEjlk59-1FoZJOzJb4845oYuVzUvtJDnFdgU3hVfxSA7oZt8UtjxT_CCkjA/s0/59295053_431136040781676_4932145481275932672_n.jpg,,0x0,fuit.gr,
ast_0258,ev_038,blogs,https://blogger.googleusercontent.com/img/b/R29vZ2xl/AVvXsEhhGi2sH9HqmEhGRI48psI87MWs2nQ-K2Y_vM3QuX2-f_l7UwonJMfkIy75PvCVCxfYCrjGtyODkfzQgw-vrKoyEcur7QX1aepMxLt70bewbjal53sEA6OI-B88fh24Zg0TqR2j_YE2_rI/s0/51411439_293460311372501_692496054083387392_n.jpg,,0x0,fuit.gr,
ast_0259,ev_038,blogs,https://blogger.googleusercontent.com/img/b/R29vZ2xl/AVvXsEifTxOj7EOtm_J4ihn4QLlkia5gmKUgBht9XCnOmbjAd5MABolSIiLZa6TZ45ZwLwVMhSsCQDbkBUx9IXxTLKxugGtfpCLG9C6Kud90Dw9xiiIygHpF3Vrw52OSAJCgGtHObW3rRngbWhM/s0/57338764_410944799754809_3263727428979130368_n.jpg,,0x0,fuit.gr,
ast_0260,ev_038,blogs,https://blogger.googleusercontent.com/img/b/R29vZ2xl/AVvXsEj18dF0vfUQNWCblcOYzJqyd8SKCxKsWnuVdmYLYxbP10H-JH7-bPtqYFnoVJFQOcXjYs3DUkm0y_lTwLG-fa5M1JZvcMMIKoYLSxvA2O81a0CFy5PQMYE3-d5QuVsF70fZ77qm6icZmQw/s0/58622731_288033668791843_3286336626451546112_n.jpg,,0x0,fuit.gr,
ast_0261,ev_038,blogs,https://blogger.googleusercontent.com/img/b/R29vZ2xl/AVvXsEj13-mGkpS9eYuK2kGhLtLGOmT2TMqjJ3EUV763Rdv_FR7HWrWvIEW4CbVYyHwxpugDzAlb1FQRyR3lB4cFmRWOb5ulF1jM63X5s7AzaWNBgSEVc7381zFJ0AGUs9E_7uFs9k0MIb2C1HM/s0/58673883_640434793036193_3985454888745172992_n.jpg,,0x0,fuit.gr,
ast_0262,ev_038,blogs,https://blogger.googleusercontent.com/img/b/R29vZ2xl/AVvXsEhyr2IKn4o5tpQm66JNdwckqnv_monGN0d-2B02eqa2-1TROJ8Q09Aadk6Nsjiq_tdwfYYQ2LpLNbIpd6JCxorzuRLPLe8jlkd1SwVoLTVvNbmSLjwpGN2LSZFxAFg_OOhquOMXP__YAcM/s0/58686664_336192130402342_9210764052983185408_n.jpg,,0x0,fuit.gr,
ast_0263,ev_038,blogs,https://blogger.googleusercontent.com/img/b/R29vZ2xl/AVvXsEijfPsfULIRVsc27xSDLJBpUNsvKCueaRL2QaC4c3HXt_n6h9UzMiG6ryCTnk5IQCVdfPM6FJAVfAaMmxtXS3Bhrc8WPi7WA2f8Z4AjDr-d50IrxNFNvnbaOnzWP2ipqJcGTn_Mf-l-LqU/s0/58704252_2332899457029027_8283609879407493120_n.jpg,,0x0,fuit.gr,
ast_0264,ev_038,blogs,https://blogger.googleusercontent.com/img/b/R29vZ2xl/AVvXsEg8sqiD0HlJgJvrTTKGfF9cmUY2MyRJfzg5NfhAAd-WkOXDrW0Iqou8dVdA1Dh9CnGRtlXLse317Hy4Efkfo9UGT0IBtosk3IgeYy4CkB53PvkwiAHeDX6ugufNf-jmJjEV2ATpyiQlxiI/s0/58707902_2330078933928559_3670257899000561664_n.jpg,,0x0,fuit.gr,
ast_0265,ev_038,blogs,https://blogger.googleusercontent.com/img/b/R29vZ2xl/AVvXsEigQT8ufhdyWAlkX-iJABvBvxf-SVc4I4nijvvrqxFOiylEMgn4fd8PTdCVXhbor6JBjw0fs-f8NoT6lN18xkOMkBwtOegNFcHenIYnb43ukRwAFxY-sNwFAtoCE8stcNNqrZmx3vMG0hI/s0/58755207_423591754855135_3867062989949501440_n.jpg,,0x0,fuit.gr,
ast_0266,ev_038,blogs,https://blogger.googleusercontent.com/img/b/R29vZ2xl/AVvXsEh6ra9Wgs04scM6h0IX7IX6mcRgTxzJg3bEhObHmXawPhMY6p_3upis4waiOJegkWTF-b3LrZYh9MMU8oWsaGVf_QOQBZBrrG6O4PT-NwOHF7z_VD-kj-jmm3NhKsJnwd7Bu1E41uOKSyA/s0/58781500_586427308535942_3370867939388424192_n.jpg,,0x0,fuit.gr,
ast_0267,ev_038,blogs,https://blogger.googleusercontent.com/img/b/R29vZ2xl/AVvXsEi1mmUdZ_ZzLf-_iKVlPJsB8QHR474eYEDsKhryW2Sy140bWPoVCZ6yP-iAFOkF4dgO0LbliSPIT-UoGsjMh0irueRtkFudVMPAezpVvWWgBbCqeDpIoNLUtMV3HXjeHOj9ysfpMHwcjVI/s0/58852714_176317309942217_3689831649811365888_n.jpg,,0x0,fuit.gr,
ast_0268,ev_038,blogs,https://blogger.googleusercontent.com/img/b/R29vZ2xl/AVvXsEh6DXiYWY9LRsHYFbfLPs3huE4prm4tRxJyiwS9o5ua4uFIBvq222hziB5Bbiw63iTeyEqxROC3XjxRC1eRuoMfqXiT9yuDvBa9oCYj-ZcdduMUNJcUXYbuw51rLYn8qzgiBZAS5IYUrN8/s0/58909946_289947368595056_1735114419047759872_n.jpg,,0x0,fuit.gr,
ast_0269,ev_038,blogs,https://blogger.googleusercontent.com/img/b/R29vZ2xl/AVvXsEj17W0HkR8SAk4Ca-Oc_OgC4_MPqxOXL1kSoCzzVPE0zTriruYr02u7TeMUzznRrfDvk_O7p9NJbMGef3spcngaXQwE0nzq1g3xyCAL9GVveDoG_bJDfbBQyxOaP-jkb6gi71cl22JI5_s/s0/58916959_448263649277939_5699828970850091008_n.jpg,,0x0,fuit.gr,
ast_0270,ev_038,blogs,https://blogger.googleusercontent.com/img/b/R29vZ2xl/AVvXsEiYsBzctTQjOSq4p00wBqax5KbVtu9_awebdEogAhl26SJJRrDl1f1ElMS8cuK_3xuuAHTlbjjGC1xHLGJX_x2IVxEz4yf8OsPrdp5BFaiZ_wAx6Z__7h2nEaxMOdz-C3xT-1T2EFF96NU/s0/58922421_647574405681359_8469486404596924416_n.jpg,,0x0,fuit.gr,
ast_0271,ev_038,blogs,https://blogger.googleusercontent.com/img/b/R29vZ2xl/AVvXsEgg8nAWnw1GUdVVuIAooP8q-zTgFNe2Tf6TvWITUvUNutfS5xDMxw50QGprnLJFQ6DuUUQW5vVrkx9KaJchWmS9Zr3UIXwpsG9YSqwdq_I2Nompwojkb53VkxmdzmniURA8Y86XLcHnS1g/s0/58933375_2286474961564032_3530795985867374592_n.jpg,,0x0,fuit.gr,
ast_0272,ev_038,blogs,https://blogger.googleusercontent.com/img/b/R29vZ2xl/AVvXsEix8iWVlb8FDE6T-Tp12B06wJbRfe5maBfaLJCo81s_qYI9-5dENQgcSYtpWaLPs2CfFkmozz3zhq0FM9zF-O290VC-8WCJNb1MM2vYZTAmE-tyXPzxOvgBqa7eA4RGGc8tJF03Oh_SdPQ/s0/58961794_2501837663193586_7242274369634828288_n.jpg,,0x0,fuit.gr,
ast_0273,ev_038,blogs,https://blogger.googleusercontent.com/img/b/R29vZ2xl/AVvXsEh1zV1rNVui-dN6gX2NLqgODZMhAbZBMhDasOL5upjj56s8ML2T9uVYTgVuWnw3cQexR0D33PY00dMrRCHNtzQhfpbgPLAOJ7paExOdc1nGrCUt30rStFYWAXjo93bKohibOcM4M9B63-o/s0/59051861_648609015583746_5097086944295256064_n.jpg,,0x0,fuit.gr,
ast_0274,ev_038,blogs,https://blogger.googleusercontent.com/img/b/R29vZ2xl/AVvXsEiv_rSzcrqFfZL89Bf-nggorhsQYTeqAjNyJaIvfUXO4FOkxeIj2EFy0B5wIydanXpNeRmFcLvhs6PxrMDEBGCENMxNm0z9E0l4SWxGqbxK7FYWUFCc_6jgokVLEdXW5E0bQ5s00CgLRnc/s0/59064644_2367717659925110_8864418324025442304_n.jpg,,0x0,fuit.gr,
ast_0275,ev_038,blogs,https://blogger.googleusercontent.com/img/b/R29vZ2xl/AVvXsEhGtvF7i_zHFN229HypErH3fPdz2WcndV45a7Bx2yYXojothyWo0nXIe5cJqEXj6lU8evBftQgFFwix9BXru4cbBmG4KXugY-Drq1fan7jBWEsPnRRmFr9X1mnt6VxwImtnZmHa_NIQPcU/s0/59339716_416342639155190_4386745640399405056_n.jpg,,0x0,fuit.gr,
ast_0276,ev_038,blogs,https://blogger.googleusercontent.com/img/b/R29vZ2xl/AVvXsEjCBA-zxm-dpRATPEobc_ZWpoBh-aQsaxpFrx4dqyEFKuefhauBuII5OzWsjB0AUi0fNdlROlNLdyXW6JkijYE5faOxJFpusvjW9AfXgxQqL2MaNJMHhGL9XcsLf_xLQb2wEXwMUvpMZFI/s0/59379753_277392263136674_5317316516293640192_n.jpg,,0x0,fuit.gr,
ast_0277,ev_038,blogs,https://blogger.googleusercontent.com/img/b/R29vZ2xl/AVvXsEh58z6Bbs2QNHYl-3oqbbk9Q54YSAA-Yqqt_0xa86r1jgFDRKBpsxB4vwjFxSTNyz7YG8ClJTR25SZyc9wN-uLxLWJGMYR0V0w6Xe4uXcYPGfITo88C4uzYs9AYON74lPYo_kUpGpl1dOY/s0/59418642_330176237696845_5379672736987611136_n.jpg,,0x0,fuit.gr,
ast_0278,ev_038,blogs,https://blogger.googleusercontent.com/img/b/R29vZ2xl/AVvXsEitm9sHPJSt5AohPHavkRSIsnp3gcregDC8iUejRT3CfC1RJyJL3VJyt-3oPYqnHpwaPCDX2hmS24GgpwLv2HhySojSdmhOZA95OapFNYj8bqdRdMU76nelS8w-YiH73PMyZgTVUXsWG6U/s0/59431811_608969136243510_4200544931078471680_n.jpg,,0x0,fuit.gr,
ast_0279,ev_038,blogs,https://blogger.googleusercontent.com/img/b/R29vZ2xl/AVvXsEgXeSItNipsa6uARHYXaHo3ItI8Z58M4MyRTrS98w0qpOAmGZyEkw3rPuSdcKMxOLeKYvm9FXWJrkr-j8hC2_k8Jj_XEyn-57AocnmhxvsIYi7Q5dHHkEh_Y44J-c-BdyxI3OznJngEqvM/s0/59445587_2428491607170210_2212370068287782912_n.jpg,,0x0,fuit.gr,
ast_0280,ev_038,blogs,https://blogger.googleusercontent.com/img/b/R29vZ2xl/AVvXsEhOfmdjkuaDeOJxw03qAZcoN0FhpUCGnCbYMeY4dQVnZ4XkxEPTaxuM1-0v6U8thjtaiNaSjXRJck6yzAcb3gYLVHymzwS00mriugwhST3K93RFC21r4V2dpYH48CqTKXoCLmGKgpCMA4U/s0/59539399_2118524408264016_8670271890847170560_n.jpg,,0x0,fuit.gr,
ast_0281,ev_038,blogs,https://blogger.googleusercontent.com/img/b/R29vZ2xl/AVvXsEgsPIowymhfOF0Jo_L3D8fv9vnB80nxAdMj4mWawSy8lGdVUnVLLq6_5ewdVSbx3IdBUmTX1HXPoAPyMaJ77Ddzv22GL8KgTqOpZIs4oYQHOeC7-TvTHLHc8s8wemuY-jfhXSjD8tbul9U/s0/59585683_446525806157849_1108520128405831680_n.jpg,,0x0,fuit.gr,
ast_0282,ev_038,blogs,https://blogger.googleusercontent.com/img/b/R29vZ2xl/AVvXsEjFH1AzxDieSL71YuQGNVjrUik6hRri3CCE23h3A3Txn8O710N0ITtagrDOS62bsVoYgGrfWzFeuI1xGY0z8qJliQZAqqCHwci_asSQ8aiU_uivFB5s455cqw22y1byX_RMVZh0T3Gz79w/s0/59610593_2202491069832084_5681438547953844224_n.jpg,,0x0,fuit.gr,
ast_0283,ev_038,blogs,https://blogger.googleusercontent.com/img/b/R29vZ2xl/AVvXsEgpFDDxE4GX4a4cAWAT_P-zv7h-b873LaX3HrXEUfH-_WDe8sGWZAEEc5DE-UdZf995ubUnbgamUE9kphZcYv45IKN02EXOF0LcR5OMEAmx8ISKFMw5LSsEnX9U_7SG5Pq96pgEgxEk0Qo/s0/59637875_834431676889222_3577344454874365952_n.jpg,,0x0,fuit.gr,
ast_0284,ev_038,blogs,https://blogger.googleusercontent.com/img/b/R29vZ2xl/AVvXsEjFKDAZGynDpK65BzqDYvg9AmAP8Qd240hvhRLUPQqon83W5SWIdyLYTVk-1k11GUjiDycZYpcjpVOXqSx__I9dGKEKZAOLLhu0FIvbcQNP8mMqeo3yiIdtEImeQ-ar045U3rCw1DdjWzY/s0/16.jpg,,0x0,fuit.gr,
ast_0285,ev_038,blogs,https://blogger.googleusercontent.com/img/b/R29vZ2xl/AVvXsEjLIAVU3pVF3aSPPXQivVFNEZ5a6V_UYGcFV_0Jh0SmS7Fl1IotJNc4sY9jEai1g5M4SElW6ZxbXHUm41KHkcuqq7rsywKWuQounuWRByPw6ruqiSBkjb5xI6Sk3R0f0XQ9Y8hFT1a7nXY/s0/IMG_1403.JPG,,0x0,fuit.gr,
ast_0286,ev_039,blogs,https://blogger.googleusercontent.com/img/b/R29vZ2xl/AVvXsEgrZK_EPoVWBtfXkUunH909gq8INnqoRIFEIxu7kiVCndjf7TWxUG9s6wu7KgZPkk__qAUK8BTjjPazK87UJLNVcz8k_IHagvwsFWvIsZGmYFEBmOQ1yYq3e8Zw7arE_kWrFbeAlHM06ms/s0/g08.jpg,,0x0,fuit.gr,
ast_0287,ev_039,blogs,https://blogger.googleusercontent.com/img/b/R29vZ2xl/AVvXsEjRjOFAlwSyOSMd_hjuQuvdafHvCkIpbEaAnfnV4Q94r2rr-0-Uhxrc9kqTOOq6-imOKcfp_TBjprgGgoUTqJ5bp_RsJHbFRm-ABG-zJPV-NkiyaR0T6R1qmSgvC_bXZ8EYD9TC2A9eFHA/s0/g02.jpg,,0x0,fuit.gr,
ast_0288,ev_039,blogs,https://blogger.googleusercontent.com/img/b/R29vZ2xl/AVvXsEh2Ix3MAZzzyLjf91hOTORAZErW067CaN93cJhypOf8HP3AupAqcBqRCUPUrA6zyT2oVVbpXjORLVo4FqT9zoGO2Vb52GZAMFLXXm-1iFgJKGOUESNEMLaYcpPYfJSckhxIu3Ua9ukm3t8/s0/g03.jpg,,0x0,fuit.gr,
ast_0289,ev_039,blogs,https://blogger.googleusercontent.com/img/b/R29vZ2xl/AVvXsEipDg4l2OLBUJF6zMwUU5mowq5ZeMqXp-IFYq0xmcAIz-6NB9vq4rDKnzagqYHhmGtyQIaCnvQPX7P8lE2wOGy6CHcQuiMTwd2woVOsjLb8OLmPVLvh9-TPbFftLBdWNxaZtB8el5zAf38/s0/g04.jpg,,0x0,fuit.gr,
ast_0290,ev_039,blogs,https://blogger.googleusercontent.com/img/b/R29vZ2xl/AVvXsEgj0gMIvloKGCS69fjploOiuf5GEI9ApbKDJ8cC2m3zNL1rEDARwZ9N8Nma-EPOGPymx4WBLcHkOEFgLohDkiW2vaLiofYHaigiHn_5b2Xz5HxETHxpJ6mefx0docmrMQj4DAgnCZ0xsf0/s0/g05.jpg,,0x0,fuit.gr,
ast_0291,ev_039,blogs,https://blogger.googleusercontent.com/img/b/R29vZ2xl/AVvXsEg8yQhwjwsdk4jRYiEDGKIThhFOw_JcayuLQYNLi3RUbQb0doZWPQ1x6-5OQzLWqQt2nGEh6yq_C0MzaaiUTp6ojWApHa8rc_R_PyuTHYVa204asvoe4VymhFjUjzZ7e5L2fm9X04KryiA/s0/g06.jpg,,0x0,fuit.gr,
ast_0292,ev_039,blogs,https://blogger.googleusercontent.com/img/b/R29vZ2xl/AVvXsEgVxzyC43-60LeCaLPedtQiq8FPXANPCjpmRoJbJKNdLUtC2P7heJkwO8fcrG5HiM1tXnwr8bKomscTyhAi8cQS2ndGbuIBLzGY9cbBWYrbkfxjlZbEPlsLrhUk-S7vyhGgSBQOiqYYWrM/s0/g07.jpg,,0x0,fuit.gr,
ast_0293,ev_039,blogs,https://blogger.googleusercontent.com/img/b/R29vZ2xl/AVvXsEgiOHTY7YSGQpLr4O55HwHdvAg2coK1fCsCASdLiVWbBeXYZ2CHzYXLllStTAmcIMrSkxluTueg_ss2-D_rLE8NrKeQ-JdKUOQqLE0fsJ3sNy-sZlUGxFCkiORV0_NDwo8kBHpNetzPgrE/s0/g09.jpg,,0x0,fuit.gr,
ast_0294,ev_039,blogs,https://blogger.googleusercontent.com/img/b/R29vZ2xl/AVvXsEimA-gBoxLP_kfCO6uKtEjZjK6wik2ZjTX3yM-DludYWUb9EWBqqU-9ocW6qgqCh1KhkZz2wRaGaP_x1DavQCKS0GuMNAWpowRDJPhdRn1KhgPMEACDeUeG0pXHFfNWsUUVchmlPqwIix0/s0/g10.jpg,,0x0,fuit.gr,
ast_0295,ev_039,blogs,https://blogger.googleusercontent.com/img/b/R29vZ2xl/AVvXsEi1HxmKH9ZVDruBKr2EkGEYujb9rRrirYUqCB__Omp4Uoi_Kt_XpeeiNvWP0OyAK_BJapuHENyfqJrsHUreMagV5duuGgGP6NznZFNxNXAaHn_9Yw6V6bd5wDahE0L3Cdl5ZMzU_uyMP6c/s0/g01.jpg,,0x0,fuit.gr,
ast_0296,ev_040,blogs,https://blogger.googleusercontent.com/img/b/R29vZ2xl/AVvXsEh1Hnx9XOOS0AGyHKdlo2UpwPIkgDwimVLxMRSF_JIyNoq8fHESJQBoi90mh_sBCBRvQ1GGVZw4yGvvbf8F9LohJIaFkc-pQpZB-UueIUUMRhzuebVTmJS3ugZjDR07w0J2MnLeptGSFlI/s0/20.jpg,,0x0,fuit.gr,
ast_0297,ev_041,blogs,https://blogger.googleusercontent.com/img/b/R29vZ2xl/AVvXsEgj7YPbUsm90QJOSYtiQOrsiysFBLtevW9FIx9uCXL8jWJq9qYcKGpVS_3sA-wJ4rNkMqeDpddvNeLuR2x5yrIjH4TU69l72RVJb7uGHO5UlE7HLE3zGreOer8t0hwdAKO66hB_aOi8GVw/s0/9.JPG,,0x0,fuit.gr,
ast_0298,ev_042,blogs,https://blogger.googleusercontent.com/img/b/R29vZ2xl/AVvXsEhgO5Rn9kN5klCE9sWpBa__AC8cof8xtybgNGfVw7PNYsYe8aq1s7TNL4CFRMzsJjJmgd9XEfb9VWg2wdJIMgnYLusCtex6yTn7UWvk_7Aa39eYR47pXM2UShSr4hvTZ8O2l52kncholfY/s0/IMG-0991.JPG,,0x0,fuit.gr,
ast_0299,ev_042,blogs,https://blogger.googleusercontent.com/img/b/R29vZ2xl/AVvXsEhUTe-VcUMuXcg_-fiVzHQxov8Em_1kiyz4566uO_TSrYQGq-nCZoS1eoqiM9jqPrGIq__JyyYllQZR1ZtGFjhVVcjgYOaVtuHvjlXg2hK8EoC_5Vv-WlOAsLhL1dDZJRAdz5XXaV4kLjc/s0/IMG-0990.JPG,,0x0,fuit.gr,
ast_0300,ev_042,blogs,https://blogger.googleusercontent.com/img/b/R29vZ2xl/AVvXsEi1iR4R7PV6D-B4NAVV_IielMlvlUvhvVV5dneY8xn6w4y4TnlLkS4_w9QROF-g-cp0gyQ7Yc4fCShpYxapQTCIXnPw9xfnDzaJDILcZ4FVonWhuJUpYRtYWvlYgLFKKiXxGTXPugx0lU4/s0/01.jpg,,0x0,fuit.gr,
ast_0301,ev_042,blogs,https://blogger.googleusercontent.com/img/b/R29vZ2xl/AVvXsEiMvFrYFs_V0LLj_s2GH9y5vYEw2b9u7nXcDAxefltxEVha9z163iGxkvLZdFwH3IVu6zsPU9OO6tslsiuIzz91YZv96K-qjlgb0kaAXQ0oBF6n1wzjVXWKdXdhFC8osAd-zn7-QqSbtaw/s0/IMG-0482.jpg,,0x0,fuit.gr,
ast_0302,ev_042,blogs,https://blogger.googleusercontent.com/img/b/R29vZ2xl/AVvXsEh0RPQdqliHor0Y0mHKWR7mMDcFUai7JD4PXKR1EjyoyBt7INZPR3LZnNJCM_e7jou2FGN6VSiQj0MHC-9ll0OA-8WixsqXNQYnem4Hr0-iDYjdvekYmEhaG6RFvx2A0XvKszNrPmAwlwo/s0/IMG-0483.jpg,,0x0,fuit.gr,
ast_0303,ev_042,blogs,https://blogger.googleusercontent.com/img/b/R29vZ2xl/AVvXsEh252kcER6jF0YzqEQTCEwPVsWzJZv7O4G5C2fuDdkjQR9WRnyUzQVSbka5jMH8cIyfXYa2zzDUt0y97zP9ZEdSU0brKnIubZZUwujUa8Ol8-wNo4_D3w3Lh9Ht-ZJBz2oQkE4AMJiriMM/s0/IMG-0989.JPG,,0x0,fuit.gr,
ast_0304,ev_042,blogs,https://blogger.googleusercontent.com/img/b/R29vZ2xl/AVvXsEhy4bEh0oi5D9ov2j81I1-KrGUANJKTGXbjviEqUwkaFMa3zU3tly3Wy7d4M5id4azDnofj08UfvBte_zLAv8wjcuyDOVIPG9uhFVtNnihh_DyZyGggLLe24_Xhgzk4Wu3pibqVwWPV5iM/s0/28.tif,,0x0,fuit.gr,
ast_0305,ev_043,blogs,https://blogger.googleusercontent.com/img/b/R29vZ2xl/AVvXsEjYYLaW3vR04mOqWxFCYm0NVmdgb-8pUdb-GPrk4XNB9dyCg4XACubNJ7l7H3ZO6Iy8RZmn-htuBpOGXCLQy6KPyTUmPk8eY-2kHazHezlg70ZRg2k1XFjbsrzRH6i2tUirUElYSTZLYpE/s0/01.jpg,,0x0,fuit.gr,
ast_0306,ev_043,blogs,https://blogger.googleusercontent.com/img/b/R29vZ2xl/AVvXsEgtqCq6WyvY1h4kZ5_nQCQ3rdEjWPg7TfThoF6PQZdRLVqOFIT-324m84dy2qxeOj5eQOaKXM0gjGliUgf2j2IYp7vVGlk9v7T0l9MteXgFwCz9u84wxmBN7edgP44r-J4fIEWNZ8cBs-M/s0/02.jpg,,0x0,fuit.gr,
ast_0307,ev_044,blogs,https://blogger.googleusercontent.com/img/b/R29vZ2xl/AVvXsEiQOQWD9tdHb9ZzsIlvTjMmdb9dE8uDyfpbs_0_LoGFgviubeYiaLjAU-OfJmd8ZTY38OjDbqa2I0y1gv1IQ3ujo_ddMvcb8CS6LabN-SpdtwCjcxVVczI7tiNCHn_Slj8EfYnsrujFyB4/s0/avramidis.jpg,,0x0,fuit.gr,
ast_0308,ev_045,blogs,https://blogger.googleusercontent.com/img/b/R29vZ2xl/AVvXsEjioeDJQv15xDqOOCtrNHDXyfP5JAWg2TpJbZiitha8bVkWgPqBLBPV2rkWKQZYnEaXwH5jJ_PPqVju3pkhelxodFYZcfK8WfxNu5ghyHUIjkouD-MqFmco-8v9jhhoz1E-vQg0_-A3Hb0/s0/keep-greneva-ipopgr-1.jpg,,0x0,fuit.gr,
ast_0309,ev_045,blogs,https://fuitartcafe.files.wordpress.com/2018/07/lpoiu.png?w=360&h=239,,0x0,fuit.gr,
ast_0310,ev_045,blogs,https://fuitartcafe.files.wordpress.com/2018/07/rok_rakomelo.jpg?w=498&h=330,,0x0,fuit.gr,
ast_0311,ev_045,blogs,https://fuitartcafe.files.wordpress.com/2018/07/sec.jpg?w=230&h=172,,0x0,fuit.gr,
ast_0312,ev_045,blogs,https://fuitartcafe.files.wordpress.com/2018/07/glyko_koutaliou.jpg?w=230&h=154,,0x0,fuit.gr,
ast_0313,ev_045,blogs,https://fuitartcafe.files.wordpress.com/2018/07/keep-greneva-ipopgr-8-600x426.jpg?w=732&h=520,,0x0,fuit.gr,
ast_0314,ev_045,blogs,https://fuitartcafe.files.wordpress.com/2018/07/ch_maurila_2.jpg?w=342&h=256,,0x0,fuit.gr,
ast_0315,ev_045,blogs,https://fuitartcafe.files.wordpress.com/2018/07/ch_maurila.jpg?w=386&h=256,,0x0,fuit.gr,
ast_0316,ev_045,blogs,https://fuitartcafe.files.wordpress.com/2018/07/bailtsa5.jpg?w=487&h=324,,0x0,fuit.gr,
ast_0317,ev_045,blogs,https://fuitartcafe.files.wordpress.com/2018/07/3.jpg?w=463&h=695,,0x0,fuit.gr,
ast_0318,ev_045,blogs,https://fuitartcafe.files.wordpress.com/2018/07/kafes3_0.jpg?w=265&h=265&crop=1,,0x0,fuit.gr,
ast_0319,ev_045,blogs,https://fuitartcafe.files.wordpress.com/2018/07/2.jpg?w=265&h=246,,0x0,fuit.gr,
ast_0320,ev_045,blogs,https://fuitartcafe.files.wordpress.com/2018/07/1.jpg?w=265&h=176,,0x0,fuit.gr,
ast_0321,ev_045,blogs,https://fuitartcafe.files.wordpress.com/2018/07/fuit-agonas-3.jpg?w=494&h=325,,0x0,fuit.gr,
ast_0322,ev_045,blogs,https://fuitartcafe.files.wordpress.com/2018/07/ma5.jpg?w=732&h=366,,0x0,fuit.gr,
ast_0323,ev_045,blogs,https://fuitartcafe.files.wordpress.com/2018/07/ma6.jpg?w=363&h=183,,0x0,fuit.gr,
ast_0324,ev_045,blogs,https://fuitartcafe.files.wordpress.com/2018/07/ma1.jpg?w=365&h=183,,0x0,fuit.gr,
ast_0325,ev_046,blogs,https://blogger.googleusercontent.com/img/b/R29vZ2xl/AVvXsEhCk5UtiE7uCJo-oljPrv3AXRylimaCnu9qzaWrQXgpYfovxUbwFgYrcx6QSuR3APlL8j4YrHkjdzpCuqoUcfz1jfT6mS2_CTqCYp5qluEDvZTb-VkEc53ItmswjBKVabukUsyD77VLgFs/s0/tolios-tsaprazis.jpg,,0x0,fuit.gr,
ast_0326,ev_047,blogs,https://blogger.googleusercontent.com/img/b/R29vZ2xl/AVvXsEiusFRxwG2fJ0uxb-uJq1MNlyl2ogZH0kssDfrfsMkPmmYg_m6uCNFajJzNK4VdYf5BRoOVxaCZOQeEuK1z4etYLjvwPhetB9weIf95NM6Vc-xwsnpzKktVg5w5MPVdEDYM5MpxL27mPVo/s0/26198583_1143661309100114_5448213472158644460_o.jpg,,0x0,fuit.gr,
ast_0327,ev_048,blogs,https://blogger.googleusercontent.com/img/b/R29vZ2xl/AVvXsEhYN2bNnk01gHsyhKglOeR8r7mp4U_AJZv8ZexOseh-7VWE7JyZMJjDCFO6nLUn9jZ3mBgV0hX87xmnlSnkte1iW5iCa3XLGwF7AZKUckYP0yyuAjDhX9QuH8ZeIq5u3pmDYh_2IRDr_JU/s0/IMG-8636.JPG,,0x0,fuit.gr,
ast_0328,ev_048,blogs,https://blogger.googleusercontent.com/img/b/R29vZ2xl/AVvXsEgXrtQZbmsW8IScJ1o4R1H6pVPXXillKwJ69GLpspcMkxuvJY3Nh8u_4PowFx4D1MhYcNzXe81W-H5bhg65Y0iQFTbl-L_mjRGhsXhvjlqIsv7NGsuLTbqS65_g3Sf-GCHDIYrQfFeUah4/s0/kouva.jpg,,0x0,fuit.gr,
ast_0329,ev_048,blogs,https://blogger.googleusercontent.com/img/b/R29vZ2xl/AVvXsEgG9w9vBZ3tMP23YOMUUJbPUuGjAT6VgeJOmMIPS4xyYORNmcVriX74PogdCag_HWlnPBofOmHr31mlaXzdeo143sE-EXwTknTjMsf3RcDoQbqlG3Bo-AAjHuX55Q5EjdOl3nkWojg8mfk/s0/IMG-8657.JPG,,0x0,fuit.gr,
ast_0330,ev_048,blogs,https://blogger.googleusercontent.com/img/b/R29vZ2xl/AVvXsEgYTV4cX1v-SqwHeh32GRmdo3KxQTTFJ5OR7dOs0D0m8FOmJhkZA6anRyhlOrKdLmbmx24HAV5HnvsDdT2Q-ASQvm54-k5m43a26PJa_0gwSqCEnFQBOZHkBpt85mwpdFVwnITbjYbIg6o/s0/IMG-8627.JPG,,0x0,fuit.gr,
ast_0331,ev_048,blogs,https://blogger.googleusercontent.com/img/b/R29vZ2xl/AVvXsEgo0fDLhISHw3a1kqjsSLD_GS0Pr9ol3YtYVX1GweHo4xNzhDluDP4NbQagNRsdDCmyLBp-hyd9jby12D1VKJhSco11zfr0IBvnygQ01lTZM_RxQ9RIzLiqbeRLESbPwfy1ARFjyOZQvNA/s0/IMG-8633.JPG,,0x0,fuit.gr,
ast_0332,ev_049,blogs,https://blogger.googleusercontent.com/img/b/R29vZ2xl/AVvXsEhAe542-AZNFiVgyqqp2oSnkoZXfqoGjFSnvi0DdQ701paP9anoizK456p8NBrlpuCja5MqDpuI30_LqcCIRjeBU_rDm2byuW8Ky10q-Issnuwqlkh6gn0bvcXhFtJE8WXbmT7Kw8tgfUQ/s0/IMG-8352.JPG,,0x0,fuit.gr,
ast_0333,ev_049,blogs,https://blogger.googleusercontent.com/img/b/R29vZ2xl/AVvXsEgnIY_vIszzzxWrbkGZXWKcEZlt-vQDfYGZPY_27RuKfN5cZNqEqieujQ9Zax-jjrDgyETdPw5SmumQDhqf0Y7-jhTHcb8JPBgwS9CJA4vMUccyHtkWtiFEMjdqL-XoKzsB2jKfbLGEZ_g/s0/IMG-8354.JPG,,0x0,fuit.gr,
ast_0334,ev_049,blogs,https://blogger.googleusercontent.com/img/b/R29vZ2xl/AVvXsEgf9g6WL8oMFvePW9Kv6mPqb5FeivE2gPhxHxUz_R4z_Bzkqs0pJ5u4wynsuhe4IOAGXtbMxZ5Sc-8DnP08vfM01UERJ5UgzbTpF12JLL7362m1CFuWXCrY5Nk3KAB6N2bTUs6DETS20BY/s0/%25CE%25BB%25CE%25AD%25CF%2583%25CF%2587%25CE%25B72.jpg,,0x0,fuit.gr,
ast_0335,ev_050,blogs,https://blogger.googleusercontent.com/img/b/R29vZ2xl/AVvXsEjBh-fvbuWni-NK1lNDi3W2SLxCcxQPK7MFfw497l9lXK7R3wzPYXzPptB60WArevoB6jQml7W0Aj-fxfCHvJ63eNNWNufq_MuAoceaweTkY7y0S57ey1Ga_1stjPiCn4_NKuszrIW_ODc/s0/38422397_1295604547239122_7693250612934213632_o.jpg,,0x0,fuit.gr,
ast_0336,ev_051,blogs,https://blogger.googleusercontent.com/img/b/R29vZ2xl/AVvXsEjorhdyhpxdWWFhIHTdH71OAqCMkXpEn9J1tD_tLvWWi7wA_BDrvErQQ5guYiD12M6kLDW_aCnu8Lh2DbcaMwndnms94t3Sj3eD0QN2q98bDcIhcCpWfisGEWIys5RpbAocwwNDWUgq-O0/s0/32239725_1219787584820819_12448305577459712_o.jpg,,0x0,fuit.gr,
ast_0337,ev_052,blogs,https://blogger.googleusercontent.com/img/b/R29vZ2xl/AVvXsEj4mePQPgGTMNqV5cwj4GqLakxrAAqAjWdBA_OYaDkJ9KXAYa-e-B8lYazIxM_gF5ETq1DUbku5M6q4BWHcAG19d_Qj-PS0Un3BjKXShSjy6RPNyD-6m-OT0PD_PHS6LXryv23BumwNRzE/s0/bnr.jpg,,0x0,fuit.gr,
ast_0338,ev_052,blogs,https://blogger.googleusercontent.com/img/b/R29vZ2xl/AVvXsEiag9pTrb5sgVi3PMfAWbm5ND56mDpiKhv0Haivh4Uhvjbg4NO5h4t0CE2syFKzqpz3SUpeUOEcYngK8qa_Pta80wBVjmjX-66fE2FYkYzQvlBCN2ijDmsRiUfF3dLV9tdUl1cP0MGSe9M/s0/60621_356466497819603_1790087992_n.jpg,,0x0,fuit.gr,
ast_0339,ev_053,blogs,https://blogger.googleusercontent.com/img/b/R29vZ2xl/AVvXsEg0R3SKhOXZnz5IBmW1M5kKXm5TtQ8VuM-jx2qUW_3gbr4Ubt0A0Bn1bylnrb6BhINo1Pc-8TEQOPOULUYKvA0uzYaww9arf0nC1wQRbapIP8xJSTgfBZcAhorvJtzh3EUufjoOTIZBe2E/s0/IMG-0986.JPG,,0x0,fuit.gr,
ast_0340,ev_053,blogs,https://blogger.googleusercontent.com/img/b/R29vZ2xl/AVvXsEhoErmqdzgUWu9OjiwDu8zW6ZgK4Ex-Wc6NC1KjfCZN2MyI3FEGMVxwmcQ0h9hfnDPOLmtiPGiBeFOfuyIRHNGPXxC5awKq8WAjcRnnnltFBGqUsvIZO57B5kZNLEQ7zdasZP683OBwH_w/s0/IMG-0984.JPG,,0x0,fuit.gr,
ast_0341,ev_053,blogs,https://blogger.googleusercontent.com/img/b/R29vZ2xl/AVvXsEjp8r_iqdUj2IwZN2SvkSg73xA_PQj2pHW2OSbyfS-ehoVTCdx7cq5TQMaKgvuFuYHUPvqvBpeoNkdPg9hBq9539o4cd9Uf5b102kMa9eCeE9TiAl7UxLl7-FOUTJK1Kmo5N0bgKR8dMa8/s0/IMG-0987.JPG,,0x0,fuit.gr,
ast_0342,ev_053,blogs,https://blogger.googleusercontent.com/img/b/R29vZ2xl/AVvXsEjbQdjNEsZxshyWaJ5BvEqovczIhTFOAuPqNuQlIFQUvi-0PIaVzMa-T9dxA8Kzj4S1X-SshXWgL2adX6CHtDpeFalVvktSjIWLvUoPtG3Wu5M13Q3TVvBdpn1HJI5qGQB6Ex8UOPzryVQ/s0/IMG-0983.JPG,,0x0,fuit.gr,
ast_0343,ev_053,blogs,https://blogger.googleusercontent.com/img/b/R29vZ2xl/AVvXsEirKRHa6anqkArFjp7sUG6GayIYO-1fuMMb5iw7OXSL4Mgu17wnabU-krs-dMRBg8bymwRxnOogEA_G0fXSik8jxqfP_MFVMcTw_iY8Ime2JCaPAPrQLZ-_XCBWQrra_vOPP7p9dccrx1E/s0/IMG-0988.JPG,,0x0,fuit.gr,
ast_0344,ev_053,blogs,https://blogger.googleusercontent.com/img/b/R29vZ2xl/AVvXsEhaJ1aPMcacT6t44bfsu9nvzCCd8lhmCnYIny5-GdYKtGXybwGPeAnHmDmaZAfDfPkmdMPwjAOt9ckgc8c8xaO69y8Oqz03JAhHHkM7NIPVPfYTJEv3acW8fTJ0M3g5lYScSpmyHPZxgHs/s0/IMG-0966.JPG,,0x0,fuit.gr,
ast_0345,ev_053,blogs,https://blogger.googleusercontent.com/img/b/R29vZ2xl/AVvXsEjTR7ZZesvfSZOSspjUwZ6NtoZV64BRU0mbqas9ITvvKck33N40BUHNw2yQmeGIHfu3DHcVyj84tRRYwv6YDI8c8Pmdx6aaLU8IDRTZOilk_q8tYm1qqBNOV2yx8mDCzKU0s5Hd-1sUx7E/s0/IMG-0985.JPG,,0x0,fuit.gr,
ast_0346,ev_053,blogs,https://blogger.googleusercontent.com/img/b/R29vZ2xl/AVvXsEigrc6FhXqNfIYV4J6rbr3ZxxUD1KMiNCN8nQJiT7GkhoMxm7i3yQodggkdrTH-anBeZ2oPohWxr9z-bVS10OQ-rnTdRuFeOdDqvT09LLGNn83iOlmbHI4KiJzB5o0C8J5_Jh0BBB9UQhA/s0/IMG-9654.JPG,,0x0,fuit.gr,
ast_0347,ev_053,blogs,https://blogger.googleusercontent.com/img/b/R29vZ2xl/AVvXsEjpr_DzJNtVRvNSQdFS2ru1QML4DwBWds_phPYNf9grRXhSqLJOOF_9FPMyH8KI-QUGFFy1omtkR5TI4Glud8bCRvRyEVPI9rEW9LMh1PKqR8kydjwVHvuE82Rz3jPvbRmS5FucivJmfAk/s0/IMG-0965.JPG,,0x0,fuit.gr,
ast_0348,ev_053,blogs,https://blogger.googleusercontent.com/img/b/R29vZ2xl/AVvXsEiYf0HplBWz2zo53F7cxzA9JVV6o_d0jL_MVT3Rt2rZl6VCUJV3KD7feAyF_mbk0mU6a0ItvDn_fTJC7R_iwB04JweD84nb8l3rOi_H8yjl-4vKGrVS3AwUmyKdmFUcZL6gez8P4JdwFYo/s0/IMG-0963.JPG,,0x0,fuit.gr,
ast_0349,ev_053,blogs,https://blogger.googleusercontent.com/img/b/R29vZ2xl/AVvXsEgO9NonTKLhMOMIatp06Cbq_puBhr9wjmO0uYxxWyfELCHKPABk6suMq4BnHr2KPt6f4WD_ACgAsiGC0HCR_Fx05b8h8soYVtoLi0Tz4-s-aJfF-jU2pZ-4oCaTK_cD21nY4rwVFJ32iRU/s0/IMG-0964.JPG,,0x0,fuit.gr,
ast_0350,ev_054,blogs,https://blogger.googleusercontent.com/img/b/R29vZ2xl/AVvXsEj6vkw-BrN3WB1W-E_d2su6baoWCzuZ3SYZKl0_KnYvHmO_lGnrEzMWDVWtr35vA74mdFKiX_3JyFvIAe70Scz78aC1KwFaqBCfYpmW8VZrYq8aUe2SvqSgleHzGdzoophgngQp2u4pVSE/s0/28337082_1172677499531828_4500147440497759521_o.jpg,,0x0,fuit.gr,
ast_0351,ev_055,blogs,https://blogger.googleusercontent.com/img/b/R29vZ2xl/AVvXsEjNL4LE8yLI0scAugJ4TLxIbWHBkU8B_ItBf5YHyqTcTITmlKhajIEeMGEOTh2M4HJCTuh23Zo363a-H_VxA4iJiiURgeOepr3TXqfXFqDE0Mb6r1YV6KQM0m6b8LrBdB_Ho_03bo5To64/s0/26756400_1149037488562496_5002084308456353624_o.jpg,,0x0,fuit.gr,
ast_0352,ev_056,blogs,https://blogger.googleusercontent.com/img/b/R29vZ2xl/AVvXsEikKWkeBlMg7LvPQ57ChPPIFtBqpmzbwvpf_JHlj-Q7Q7uRKMLW64Edsj23X6Ogwn_D2NehIqetgVRUu1FlzpgnV2n5nei2iW0bhJFIU3L7NsT0Nxgdq4MBHN-bBigkNAm9eY9Tc-u51_w/s0/19943058_1049416458524600_8480128858941874999_o.jpg,,0x0,fuit.gr,
ast_0353,ev_057,blogs,https://blogger.googleusercontent.com/img/b/R29vZ2xl/AVvXsEjI4UBBT_EBH-qOyhNyJpKglWOiDpZbOK3cy-yv7dvI9CU3EHTUeqEQNPHA4NZ_36cDlHSz_viLmKVqQK7N863OiW2IAoMZYqEibuQC0FnGr9EtugSVZDqyupmVh5Z-tAuIEYCbqYK-gVE/s0/19264777_1044765142323065_4068785423680285976_o.jpg,,0x0,fuit.gr,
ast_0354,ev_058,blogs,https://blogger.googleusercontent.com/img/b/R29vZ2xl/AVvXsEilIGoxsaxcDMMMqmUxjg7o76cIZLTEoQA3doozd6c9e-wsZ3m_tGCgUYj_1HfxXw_itf4S6_WI_7zwn86_nKlJTmYDxC6dBBRyHHGsrbia3SNvkkC_Gi7EGZhW8Bwipsx6I39wZoRQlwY/s0/18673061_1018972478235665_4049420611236542303_o.jpg,,0x0,fuit.gr,
ast_0355,ev_059,blogs,https://blogger.googleusercontent.com/img/b/R29vZ2xl/AVvXsEjP2l18jvatMR_1PKl3qGWB9oIPWABQniDhWA11Mbqz-EV7kr_Fgz23P3MKzZWorw6za8SHZtaGPou0OGZJKycrZVkignYikQI8SPogbMIKc6vqQAFFYCDLyKPvGwlv7I3e1vOqAC4sUmI/s0/IMG-4005.JPG,,0x0,fuit.gr,
ast_0356,ev_059,blogs,https://blogger.googleusercontent.com/img/b/R29vZ2xl/AVvXsEj0DSK-5nwhMX80Zqca0EUcIFsYnX577-tGYbWWwTT80x2kr90-zOCHxf62BbQ6eOLhg39gQ1NhyNeEJoR6urfWo18rhWyGIkrWk0hG_Tp6dw0YVboRmeliVOPZAIKICYLAIZt5ibDStRs/s0/m03.jpg,,0x0,fuit.gr,
ast_0357,ev_059,blogs,https://blogger.googleusercontent.com/img/b/R29vZ2xl/AVvXsEif5Thw45eeTvt-YAt4gIdSaSKhCMJjAshbprPXVhpqsgy8Wqz-vlRYcjyheB_u1uZocYg3yRK-o-hFDqEHZK_zFXb8X1VOdmYCge0zmX_sacJI7B-Am0BrQ48S4GT6eAtRV4Vv8b1jarU/s0/m10.jpg,,0x0,fuit.gr,
ast_0358,ev_059,blogs,https://blogger.googleusercontent.com/img/b/R29vZ2xl/AVvXsEgYTZKTuyViPpYQ0aGwWUhbMTImLOnK8XXTDeVBVUKGFxVd1O8Xz6t1MjPdGskJ6FKOdCUjZjq_uVKrBInlfwQNq730IczJTPWLa25_xArlOqyE1VfdsvXvgjCi4o5yLg0OcTeA1uAeT8A/s0/m02.jpg,,0x0,fuit.gr,
ast_0359,ev_059,blogs,https://blogger.googleusercontent.com/img/b/R29vZ2xl/AVvXsEhNsBepN97oY29_OiiFlmwjrSz4T74-o9T0dZWE3RbMurXD5g3YY5JRvjgcu4PylVgkghKcDLM36WNpFWfhdF6TuZkYVhJ9qjEZr2a15kNakqPCzA3BVO-HjHOI9-LZGrFRmBXs1HWZhOw/s0/IMG-3999.JPG,,0x0,fuit.gr,
ast_0360,ev_059,blogs,https://blogger.googleusercontent.com/img/b/R29vZ2xl/AVvXsEhjAFtkIZq7q8TqIS62zDSctFKP9lUQ82xymAJxaTW9Jt0ORVvCvqLYkGsIrkvqv_52p2Owx8OUh9gmLo0nWEPnb1mN247UrdoQoux4khQpCnuDJQizyyDfBvhl4AlybfyKzerw0LAzw_A/s0/m01.jpg,,0x0,fuit.gr,
ast_0361,ev_060,blogs,https://blogger.googleusercontent.com/img/b/R29vZ2xl/AVvXsEgNdRBeA5i3Kz4v9E0BZ_hYvkPBKAuVt0D4iC87ARYf98fNQdPtijHJMMXFhHRJP8Z9OUcTcz2wkLZu-2q5lmHYpGsmOktbIshZkItPW1TmGY8lMPJhV7jO6YgQJEvtd4WdTO4KnzHpz8M/s0/15777027_930642893735291_8432336492861897698_o.jpg,,0x0,fuit.gr,
ast_0362,ev_061,blogs,https://blogger.googleusercontent.com/img/b/R29vZ2xl/AVvXsEioFEkG1epql4vQZQDqT3SaIKmS29ZQrDWgj6YMWYDAfMUNzM8EmzBjK2GLuu4F0sdy2Ygo0s-JazB8cwIUZJlRL26i3xKKFipp4t2obmnTOX4b3X6MSZk4gBpfGH_SeDgP-eRPIqP2hDo/s0/13498098_818586194940962_4933361341006363182_o.jpg,,0x0,fuit.gr,
ast_0363,ev_062,blogs,https://blogger.googleusercontent.com/img/b/R29vZ2xl/AVvXsEisKCeu-s5rHqjXfFbjxxtk0gYUiIaJ-cxGEBWQ-UF4xO1N8v38kKZEPzrrtjNRNAYzBrWZs8fRGVFXSN8j1XfdW-Gx0NZmQs-cZdW1FZCEzn_RKAloxG1GCSoOufUaCA-czC2Qwdn05DA/s0/13613230_824455267687388_2502463486493161340_o.jpg,,0x0,fuit.gr,
ast_0364,ev_063,blogs,https://blogger.googleusercontent.com/img/b/R29vZ2xl/AVvXsEigD6rj_Of0Fc2380U82gDud3CIFiQ0FR05y87IL7_WzeZ42GF1Q0x8m9lGdfOPj48DU9lKBIeuQVNd7XZ-Yernp6hoDRgEtMbBwzQ9r_L82RJvvL4zSyDLIVtvlfMP8gFw2QZtbaLJczU/s0/13198410_797353847064197_7167640624622984623_o.jpg,,0x0,fuit.gr,
ast_0365,ev_064,blogs,https://blogger.googleusercontent.com/img/b/R29vZ2xl/AVvXsEjtj_ptEvVtGWRLwy2xuo8bHdVc-vNUCEW13FjkGBrLznHqaG4ei2103lrUCsGQTIGvlyTB70U3yHxog7IOzCDM1h9LXLPdAcThL9_Vkn5CUV55kJmiAMVvSXlhDy2Px93zn2QdGhmr_Lo/s0/12891040_770457396420509_8004882850973031013_o.jpg,,0x0,fuit.gr,
ast_0366,ev_065,blogs,https://blogger.googleusercontent.com/img/b/R29vZ2xl/AVvXsEjUZkCWBVtBCYW88QucH54AcNRFZOxxY28sRy5nlBPicnZS40jJBS-W2mLm11vfNBogEaagFhABOZzHyd4H8rYL-W1pCR4bqkYmUn3L5E6gK25UzmxwetswqLdbDYkn79mQ9_0IIbOVCxA/s0/885161_731983193601263_2548241505010481285_o.jpg,,0x0,fuit.gr,
ast_0367,ev_066,blogs,https://blogger.googleusercontent.com/img/b/R29vZ2xl/AVvXsEj8rc8VT2FEtXrkL_eN3cMSpa5wbvosAJa7VdDd9ujmE0E27zN_ASd_9u345F-0LzYLy4psG3Ugtbb6qcs9Gk8-spHrkOB48WOmuipcW-fbNeOtlg3Aku8n4kCNNSeZVoi8BFU7sHNzCQ8/s0/1496550_731146197018296_4775719734880835894_o.jpg,,0x0,fuit.gr,
ast_0368,ev_066,blogs,https://blogger.googleusercontent.com/img/b/R29vZ2xl/AVvXsEgz-uNXdKJD6W9CI0xZj8qh5-vpgPEKE2yZ5cHU0nI_hT56wmtVBkhojNn3ix6LVc6emy3ixq6hCmWVIST1jhQnSjTVidQ_3hOWApJekagoVkrhwPRFA8yi6nfyPnf1xE4fWNcP48zq6Ow/s0/58543898_856982001312384_3719557457769398272_n.jpg,,0x0,fuit.gr,
ast_0369,ev_066,blogs,https://blogger.googleusercontent.com/img/b/R29vZ2xl/AVvXsEgeQw6LH1HfffaImrmmsOh-j3GaGjD5-VGSK2-kpYoJfSvxBKsVOdwABpHQeQ6NB3vD8E-VI2T-AkYuMlD48hMWYLxeb1YP7vpIwO5GmiCGiF_Ikdpr2YEGhdDOwU5_jO8SLS5dz7CekVc/s0/52611758_254154585496445_803207438957281280_n.jpg,,0x0,fuit.gr,
ast_0370,ev_066,blogs,https://blogger.googleusercontent.com/img/b/R29vZ2xl/AVvXsEj9Gq5ggtA_KMBGV_IQQzN86I5MshXPFEQKVv-APbGxu879sjgd0FZ9KTAT_CIJ-YzW1hCWH0-pPMWY_RZm_hIKngDQVmQo5-oxVl-x9SIujS6qvSDATvKcYOFi3dn1yU2xO3tyRer5y3Q/s0/59265535_2299031820132442_8192998911414108160_n.jpg,,0x0,fuit.gr,
ast_0371,ev_066,blogs,https://blogger.googleusercontent.com/img/b/R29vZ2xl/AVvXsEgjZuIYcEuK6_Uf_Q3fYofdqV9FDCo9MzL_4voTnMokNFuH3SwHJX9yfy9MRkL-wVVswVLUfcHBgyi8ug1ejw9aE3im0fFZv-IaMUjB3SeoUmbglD79v_2IGWg3dVNa8TUKXbg4IuSV1tw/s0/59467720_435774430326934_5879394668663275520_n.jpg,,0x0,fuit.gr,
ast_0372,ev_067,blogs,https://blogger.googleusercontent.com/img/b/R29vZ2xl/AVvXsEjioEscqqfn7Afq5oeeVU9iHHMLKUsVYfO0jZaEJqPlIdmTQrpwOziWxiP7cVchSw_1u6ua_ZyOxzYAWuKo8gHvMTS2-YunTVOLDu4ulc0_gBUVEOoVqAAgz2BmE7N3cjHF-kfNcvJ6zG0/s0/12283030_947174252030245_2040754994_n+%25281%2529.jpg,,0x0,fuit.gr,
ast_0373,ev_067,blogs,https://blogger.googleusercontent.com/img/b/R29vZ2xl/AVvXsEglLDra3W_4OvFD4hw17OUP6KMuWrsTOjjpiUXI-IUTz9DgzYN16RxEFdFelO7NptdXmhMrblgJay5L0KevYvae_1wQ0OY86e0vVZu575pTao_uwjucycTUxZPSG0cFDtvuq0ZpPE7B3nA/s0/26165401_10215257508379062_3876856293193040950_n.jpg,,0x0,fuit.gr,
ast_0374,ev_067,blogs,https://blogger.googleusercontent.com/img/b/R29vZ2xl/AVvXsEiI5aFUGzyekh0dx7n3dotwmv8_qIQDJBdsr-mNg23JXmZoNaDBX2IwXY1BbCzGVH-Ljh3qP7yXGVjdzM1spposo6rvIKGBPa2ld_wSLt3aJiX40ubNFGP8_SCZJv7nJGKRPrIHcrJ3Sg4/s0/12335928_947174245363579_45087134_n.jpg,,0x0,fuit.gr,
ast_0375,ev_068,blogs,https://blogger.googleusercontent.com/img/b/R29vZ2xl/AVvXsEitAgEdz8qcC9tnXbNAPo0H-7rzu9Z2EPKWFfdf_5y8NNKdEe6lfyi2vC5U9IhZFNEa-wRyrTBwT8awLnyba3ofRXN3GRXV5kKmpvUa4iMKlhYnq-kAWQ52C_0SvXU9GgRc83wF0kobS1k/s0/IMG-0812.JPG,,0x0,fuit.gr,
ast_0376,ev_068,blogs,https://blogger.googleusercontent.com/img/b/R29vZ2xl/AVvXsEgikSv2_kHr2hstJNuzUQnKG9WhXpjGFmNMLw4xiM6oKTQZ58Cg7KLFKWBHu4hh-dEYazV770hAKZcRJRRWvhuFsQl6NbBUdzoFUYnFuj9yTEf9sBTnfq2kfSQ7bGOAFOT8iLAyBL9Cuuc/s0/IMG-0814.JPG,,0x0,fuit.gr,
ast_0377,ev_068,blogs,https://blogger.googleusercontent.com/img/b/R29vZ2xl/AVvXsEimLuVZMfIp422CVl7FM-bxFzp8b1eT91Fr2mcoQuldywcnLQkBZBCFXzqnZO5G8OhU6j0nA4jnZakOZxtenJClsuBENH7JafhO_eMr4s4gkaSJ3erTbhFBwlwfzyOF8o5EQepI9cgRChs/s0/IMG-0807.JPG,,0x0,fuit.gr,
ast_0378,ev_068,blogs,https://blogger.googleusercontent.com/img/b/R29vZ2xl/AVvXsEgQdlJwcrIqYoLlEjmBs0TiLsO3VGEQ3Ts67vAwF2wXIENrSiLJ6op88Zzf8rsfAT0PZ6zwvc6NawuO3Ry9UZP44KjBoevGh9FXo9CFRjpn_Rm5j1bck0iXW_ArEkASEoGHCTr9kPRD2xw/s0/IMG-0804.JPG,,0x0,fuit.gr,
ast_0379,ev_068,blogs,https://blogger.googleusercontent.com/img/b/R29vZ2xl/AVvXsEhxe4yC7IZMjDatebvkTv-MsOHUhb_6ddHcvwVwDVM83-v1nVIf68gxPhtt8g69W3aAIJM0XVV3fkw8TxIZDkPeVW67pRFEAyAQJ63VvaVFTf-vrAX_3-Y6Lp98WAnQp1x4v9TcAGsef70/s0/IMG-0805.JPG,,0x0,fuit.gr,
ast_0380,ev_068,blogs,https://blogger.googleusercontent.com/img/b/R29vZ2xl/AVvXsEgz6SrA5V43oGgJIsttDTXbjXMyEeLIi-NT3QuxOakoMDfWxKRpOCnvYx2Ww0YIT09ZoV6oi30u8zS7oG1sgpYtEnDEeWXP012OvqWpyGu6wn5yRTJN9PtlZdCJ61xrrD7LxtpuLiGy3iI/s0/IMG-0806.JPG,,0x0,fuit.gr,
ast_0381,ev_068,blogs,https://blogger.googleusercontent.com/img/b/R29vZ2xl/AVvXsEivZjkB1OcsQCusTNh1ctml_ufAObs2TuA2ln8D_IbCT6VoTFAX_i0h1TgFUbxpy_QwcYafcB8H37BnobpBTlvkxxF_aj5CAA9qFaonV4NCU-vqkluxgTN5cZM6lrVBK9UE_8o5UL3iSps/s0/IMG-0813.JPG,,0x0,fuit.gr,
ast_0382,ev_068,blogs,https://blogger.googleusercontent.com/img/b/R29vZ2xl/AVvXsEgO3sLTWaTqUhuQvZKw5LE_fIQzXEEyQMXe9gd-iTBSq6piB4a29JmiWr9mekXP8Man2y92DH3wfKnFMPinxow6wLfo_o0s-o-tKfcGYNZNpEDli_oMOsoxq96efs3dQC9ZriN5WuhwkSk/s0/IMG-0808.JPG,,0x0,fuit.gr,
ast_0383,ev_068,blogs,https://blogger.googleusercontent.com/img/b/R29vZ2xl/AVvXsEhnxYy83Nx1_12PAUe9HyLJgs_o7voHxlzxVVBa6oo6bG-SrFFZV28Ab2P5uY3k2v7LyoE0R34dDUANHLthrmpgeuo92uPnVpUE5ZcsAE4FqayccJNUQ9S-IdmFdLQeNgtqy8BLTjmYSbw/s0/IMG-0809.JPG,,0x0,fuit.gr,
ast_0384,ev_068,blogs,https://blogger.googleusercontent.com/img/b/R29vZ2xl/AVvXsEidyryimyQbTBcAKT-CPBKMW5mh2Hjo7n-qTlLvAuJVF7aXn85opUGsYUR4vsQIInLPQb7RhaCGTQds0XmJZWC95wdCO3gK5sXR7dxT3eBbaipaIdRFHgpC9D7zDf-IwcGQqnvi3eK9dNA/s0/IMG-0810.JPG,,0x0,fuit.gr,
ast_0385,ev_068,blogs,https://blogger.googleusercontent.com/img/b/R29vZ2xl/AVvXsEgNfBZLV5OOY-WvH8QLoVNyjRqTxpla0bXTyB5yRF0N1xA6iqsI9eYFIf5q5yFKkpvENPap1ZBdQTCLnajlkF21RbQ65u1j6RGuJjpBGhgRtjyz-KDmoBSqEBScA-W6ub8m9mOfHUKPIQQ/s0/IMG-0811.JPG,,0x0,fuit.gr,
ast_0386,ev_069,blogs,https://blogger.googleusercontent.com/img/b/R29vZ2xl/AVvXsEhsnHaoQtCcHWItBNE6TwbK4_yfcmXLjxIiChDrUQBAH6nsqM2pPQbXVriK6qZFV5KuJiUWkFG2ubg2VUGapz14OT9lLbupIJsNp1dXCeW4bZ8XK9bmZT8BszPeqXIQ9odsghRiRs-LVwE/s0/11427186_657049491094634_6257612687150372496_n.jpg,,0x0,fuit.gr,
ast_0387,ev_070,blogs,https://blogger.googleusercontent.com/img/b/R29vZ2xl/AVvXsEiT1Rg5HkPaCnCGv78nWbia8bBKoIdq8T5WvJcHcuXRW5JN4NYrpLKr7JJZzRZJTrp5icac2U5Krs8sBndoqmQDkDBbF7Qc_5gu9OWMuWFozwdRKQbqfZXMnJVgiJoID8b5FwrOwfnyvAA/s0/11165290_642826045850312_1524633726206589955_n.jpg,,0x0,fuit.gr,
ast_0388,ev_071,blogs,https://blogger.googleusercontent.com/img/b/R29vZ2xl/AVvXsEgC5zSiX8CbJn3tKUPvioatyCQoi64P2F6Sm6H__DHdTXjDlWq8PXea1IbgSi4gehCozTELZ0zlj1lb0PfBvegZA_2tdqjDDsWETo3rozjTZFAe6mitwnQHjCPsEJvpxtFOUUDTMwufRzc/s0/12829473_764991750300407_6865195642979895307_o.jpg,,0x0,fuit.gr,
ast_0389,ev_072,blogs,https://blogger.googleusercontent.com/img/b/R29vZ2xl/AVvXsEhSDhkApaFtO99PI8jPWLXn8cYJon0mKo_TSCNuQSxw0OHnLhRUKPIEo5Xhy0RIKTjpIwpFIE3gxCJlGSFVJI1_P8hmVgDc4uzb3VByJtddKEDn2AxLXr-i4G1jNr7YGsa8QNIGG5Ai2Bg/s0/11722213_765523863580529_4218253708596343353_o.jpg,,0x0,fuit.gr,
ast_0390,ev_073,blogs,https://blogger.googleusercontent.com/img/b/R29vZ2xl/AVvXsEjBc2iijwWYP4DeCMEXEVt0tVeR1RNhbwlLZyS8w9o4Lmo6QjtBkyPZEkIOoThEEu5Sy8T0hQJQhdtfi6mQBdLGbqo-G1h0nBBqtLdWWGI6dbZnUjshMnRyNy-t5qqGV_j7CxAtNiRlWPI/s0/10985512_604104409722476_5506733796346848568_n.jpg,,0x0,fuit.gr,
ast_0391,ev_074,blogs,https://blogger.googleusercontent.com/img/b/R29vZ2xl/AVvXsEgdgc799U9-WQeSR4Mb5N06W9Vau5FJ7-t2FZoOOXVpf56mIG4elAArO54A49dWMy3nxAQZ9pon-GJDP7J_UjV2pbxsIng12zZ8KKUq_hYqf5KML8UmUvcTePIJXZonX8Pl1mNE9myUCiY/s0/10734168_560123897453861_4026666086568037895_n.jpg,,0x0,fuit.gr,
ast_0392,ev_075,blogs,https://blogger.googleusercontent.com/img/b/R29vZ2xl/AVvXsEhatcv7pKvGCOhxtZyEJUzPgvDjQ98e0CRZV2VKd4JzoZQr1BbMZ56DfiD61gCLHABz1U6ETtECMjLI4usGybX_MJhQNdxuIRH1evlbBoIKcmGQVn5lpWzaRKgw_1_UTKEElOXWbBhcYog/s0/1800455_422467047886214_875991548_n.jpg,,0x0,fuit.gr,
ast_0393,ev_076,blogs,https://blogger.googleusercontent.com/img/b/R29vZ2xl/AVvXsEhmcdoNVO3-mZOTYmrXzmJY2VZx9mXgxlIGB0tavD5S_Y884_uYiXWB3F7yTMZpN4FIoawf9p-fEyMjt5NsToy_O_rAgyBpiuQ7cUaV7-dyw240qUBKq6WD2d1lNZXJPAdbLf7wK5fiQ-A/s0/1174563_355076191291967_946973981_n.jpg,,0x0,fuit.gr,
ast_0394,ev_077,blogs,https://blogger.googleusercontent.com/img/b/R29vZ2xl/AVvXsEheKY6FQY2q7wkcsshI-s-M_Q-2ucvk38QoOVDeT-G9zg2yV3Od9EaJZRyOnq2IUMt3W-pts5w6sUmnTGQm4jl1ZcRPfi-0skYkz725Zuw2ap1AZGVESC1dlmI_AD3tjYH4g9J02LbuvhA/s0/580047_275051079294479_77497105_n.jpg,,0x0,fuit.gr,
ast_0395,ev_078,blogs,https://blogger.googleusercontent.com/img/b/R29vZ2xl/AVvXsEjbomwerfUqiUaIHhtuir68ssuuBHttWg8NMoZn-3OSCtmL_zBC1gcCmCiNoZQbdNgYlA8ccrt_k2PNfJeDyLIQiLBcDqqOScJQTEJ_-ISyn3YVO4XSxaN2NZZjH_ndBX2Z5PyWjbeXchs/s0/28902_259327240866863_1833225851_n.jpg,,0x0,fuit.gr,
ast_0396,ev_079,blogs,https://blogger.googleusercontent.com/img/b/R29vZ2xl/AVvXsEhtIsag92sjNnRbCkft2PCQNWB_VlBWM0_-dtm1-mInOwyoZy1Ox_UOjebDYZ5QTiR2CiohB3ys0AFrpj_0Gf2EODmxhsq-TLrdyofKLc2RMxfPJZeSRy0hvgkEb5gJJBqJyCFao0SNve8/s0/407895_236994703100117_1321204521_n.jpg,,0x0,fuit.gr,
ast_0397,ev_080,blogs,https://blogger.googleusercontent.com/img/b/R29vZ2xl/AVvXsEhG5xc7VlXSKBLMHtav14hoApoqLUqcXa0hucEgqQRRFHGoLuAtlkuXFuNVSXGl7NUcr48sewPzCs79teWNHg8zEp3DyOxFjcBX-Ac04JUXm0HeU7V4GoMqJpBNj8zvL68NByqh_XTLekc/s0/9150_225366690929585_313687243_n.jpg,,0x0,fuit.gr,
ast_0398,ev_081,blogs,https://blogger.googleusercontent.com/img/b/R29vZ2xl/AVvXsEjKY2Z9e68x24pzS3j6ckNcS32jBfSGkh2cdLKmTRTJchagWWIOGrksCNDOa2UAMqSLukmrH1ax7eqiFlONJKK8M2NNpzpckXV5B93_ynfXsZPtwPxZ1H3RnKllVnm2uwh1DzyQ4_eVGmM/s0/76653_211444648988456_758309033_n.jpg,,0x0,fuit.gr,
ast_0399,ev_082,blogs,https://blogger.googleusercontent.com/img/b/R29vZ2xl/AVvXsEhk23duHnsoyuRp2QxgAsXm3WrOXMF6cdoqPtuJgCwaFgMzUKRrzLN_aW4y10T6F5cUJhoYn0_ZLN6rkLLXuzG70Vst4fhLKBP2DDw7baW0jjxZkrO3BZrV4Swa6HjAdB4-7Gxm94SKr8Y/s0/304434_209927282473526_447497823_n.jpg,,0x0,fuit.gr,
ast_0400,ev_083,blogs,https://blogger.googleusercontent.com/img/b/R29vZ2xl/AVvXsEh2KAgYWzQq7D8MviWpe8BuNXwx9nsZEVq2MSq9NwjWa-8CjBvKlAk6mNDt5-cWaRcfLWROLhrvQnXdIFjUDCo6DhjYpjrh3KC9ct0vytp1eoS2fb4kEs_o2jFKWVD8wvQBv5HNCtGWMQY/s0/IMG-0996.JPG,,0x0,fuit.gr,
ast_0401,ev_083,blogs,https://blogger.googleusercontent.com/img/b/R29vZ2xl/AVvXsEjO5-RhkHRXhXuLAYberhlyGiauk1SGEsWE8YzOT_Lz3Fm1DNkzNyZkr0vnrAu_Hc5csA-GUdJR-2zw8U0ZzM6bgF6ynhvuPHPKUN56vZr-UwoKo_xLRRdBquzZW-SQ6En1J9CcIBWWewA/s0/IMG-0995.JPG,,0x0,fuit.gr,
ast_0402,ev_083,blogs,https://blogger.googleusercontent.com/img/b/R29vZ2xl/AVvXsEiIPIko-aNVYBAe9BIAHdZh1p9tIoPAZFl9OnDcidpWtv5zPT0AMK2Am1d7FMcQKPw4QWIGJZQ42y51-XWjfhTR_TlpKZlP1w0pIpo0mjoecPeAWrJFTGqoh8P8Anevnd_hRfxRXge4PQc/s0/IMG-0998.JPG,,0x0,fuit.gr,
ast_0403,ev_083,blogs,https://blogger.googleusercontent.com/img/b/R29vZ2xl/AVvXsEjuwPwA-Dx9sCt2a3-mlkq9-VC9tjhk9aWWDg44wSw5B28REabvDD44zGKzMVuT5ln4FabqnoIKk04rSGV3vzFTKb_eP1qqYUZoj8qDowmgoxlrq1HHI6qjFId_A71zuG-hVJjrlkZHnR4/s0/IMG-0999.JPG,,0x0,fuit.gr,
ast_0404,ev_083,blogs,https://blogger.googleusercontent.com/img/b/R29vZ2xl/AVvXsEjqCn98qAD06M5YJnWJBn2Vsgtyxggaga1kki5krxvC6zNiD8MAIMb0BVQUN1IpugMwDrlQ0AdrGk_SxoVt7zErSFiIA8j3jwLhfmG3pl4PXz3azx_SO0ecs3Zo2_tdw2lPKSOHRDTPNQE/s0/IMG-1001.JPG,,0x0,fuit.gr,
ast_0405,ev_083,blogs,https://blogger.googleusercontent.com/img/b/R29vZ2xl/AVvXsEhuFWsYEtUQBkuZJmS49rYA_U-sVdBPR28GdLucaoEompbgurDNBsHVxpONaaXq8NOR6-BvmpJbY9sjqGpDF89JYJNylXN-pm_bNDPHvBpo5MsZ7VUgLz6LtvQgW-Pmu1OM0cKxoqemEek/s0/IMG-1002.JPG,,0x0,fuit.gr,
ast_0406,ev_083,blogs,https://blogger.googleusercontent.com/img/b/R29vZ2xl/AVvXsEgRTViZAzXUude8IGiLWF9FpdCJo3kbOdnenmA-NSEtjqgofnw9-KXHBUIhFK7ADMrc_B6iHtR5g0YwuO2zZ35phUAuETmUQxN6sDdlsJxZVQYiJFhJtszVGOab4ElN9rOSAMYVJaDQCCI/s0/IMG-1003.JPG,,0x0,fuit.gr,
ast_0407,ev_083,blogs,https://blogger.googleusercontent.com/img/b/R29vZ2xl/AVvXsEjt2TlE6aJMFyBvNDkdEl8SH6H237S6wzew4qrliI4MFN22-z5HRAa5QZELWAcCqSUd4PNymcp_-r6bppYeNnwl0g6BjWAKh9tqqZWZO4P-aArP9E6GcY5z3jSRNcZpCPE76UiLsfJJP40/s0/IMG-0997.JPG,,0x0,fuit.gr,
ast_0408,ev_084,blogs,https://blogger.googleusercontent.com/img/b/R29vZ2xl/AVvXsEgE5fg2X1kdFd1CbbGp1AP7TMXWSM5DTnBqSsi9_olNJCa7TpdfGRMbBNzDFI4TC0225_wtAwS9-tuSkupvPTB4IEfYOC_e7WX0nvBmgy5QbxvuvEzBH5qwwRqNV8H5JvXyPanPRlgV3npM/s0/fuit-art-cafe.jpg,,0x0,fuit.gr,
ast_0409,ev_084,blogs,https://blogger.googleusercontent.com/img/b/R29vZ2xl/AVvXsEjrGfGOdEzPCdEjPGqRbFpgxRZChyrj2uNdq34QEVIP-j2Nao1e5AXmdhjjmcR1rxxgO1-WHQ8QqyVZE01Tv4J55Xo9QaPR-_nIsBuZrFN2B1lSbD2Ozxp-SH8cMosOfkvNnhO8k6IrXOFV/s0/29541557_1192239350908976_5353158813630966940_n.jpg,,0x0,fuit.gr,
ast_0410,ev_084,blogs,https://blogger.googleusercontent.com/img/b/R29vZ2xl/AVvXsEgXzQpjQGIrBJPQdx7j7WdmW3vdCPlQ-jvP-58X8JTStqmFJ67j7RtWRMPNllVGZT-R04SsavVpRow6zcsOt85m35gyVCV59mG2xcmNzkK4sVROc7bgqY9KH2fyc_pDbXIMsvcVvKe5Z_wx/s0/19237889_1034830086649904_3326847191746341120_o.jpg,,0x0,fuit.gr,
ast_0411,ev_085,blogs,https://blogger.googleusercontent.com/img/b/R29vZ2xl/AVvXsEiuWoo-bL_xGHbdDXag6WeBg6m3ZytfVip2sa-SL0RmW0a6s8DAPKf2_C2XMJwvXjhYgSFbCjJkJ5oUPpx72mouGp2SiMtDQZgamafmHM4Y9wgqPuKDPVMwrp6aLD2yXElcKlG0ntatbZf8DrOnBPT4cLf3jJyEQdx_Xv-Z1l3ze4NiqNxB-XtCQY-O_zM/s0/1000031136.jpg,/Users/graogro/Dropbox/vlax-archive/raw/blogs/media/2025-01-19_6th_Radical_Party___GREVENA_Va_0.jpg,0x0,fuitwashere.gr,62a37e085b0c85e3b710c9c06627fe4ee1df825214618859b4c8089e81b0f051
ast_0412,ev_085,blogs,https://blogger.googleusercontent.com/img/b/R29vZ2xl/AVvXsEiu5E_CVh7BmTz86Sd16LkiCWsTIPccUemRcrKso7-G7FqPpg_vyhBoZoJgLPHw7toLMfS4G0kGUYorUdCEG0kJXacCtc29tNOJP9-UemMUYUySsL4SumahGPTPz1_2Iv8OrTnCtD9OTpjQf8Bm1XPLprBH1vgYMT8L9bf5cBtjU9yyMG4YqZqeXymqXOE/s0/1000031133.jpg,/Users/graogro/Dropbox/vlax-archive/raw/blogs/media/2025-01-19_6th_Radical_Party___GREVENA_Va_1.jpg,0x0,fuitwashere.gr,ef4f3ef5d713da001f3c873ea309908ef6319e0d2550bd3e241272ffa53344e3
ast_0413,ev_085,blogs,https://blogger.googleusercontent.com/img/b/R29vZ2xl/AVvXsEiZdoqes0J84nOV6_0VwkLnfSfa2OS15ciz7OWcaFrWIaRp6T-7dRZ_GdKaLp0NpmIDdpIp3pDqibaPFIRl2Ho1ohvQEPij4pkz2GpcSrr0rqZ49YxPi4lCplrY8wKYDblUANh8Lumq_McsUOrXe0PVEFd7bLiazRdbErKktyzHN-uy5v1ZuZpqlctWgHg/s0/1000031864.jpg,/Users/graogro/Dropbox/vlax-archive/raw/blogs/media/2025-01-19_6th_Radical_Party___GREVENA_Va_2.jpg,0x0,fuitwashere.gr,511cc825d81a3b9bdb668380315c8dedfad2d0b86554dcfa301eb8e31614414a
ast_0414,ev_085,blogs,https://blogger.googleusercontent.com/img/b/R29vZ2xl/AVvXsEhxkjUm4HojyjsgEwYEkm9_nKL2LUVyWp3Ogn2Lpa-VQ1jCIMgWhtonO89jQ8VHIQYcthteMDGMHXyanU1m-0JBB2f8Ha3emZ_Wz6X93wuqg42Qh5rcfDtwXx9Vptq8C0xn6OwXk1I6tq5WBH9xZMAAkUCFHBPjfbcGVx8IfONnVt4ODIwx58XM_nN6v1o/s0/1000031861.jpg,/Users/graogro/Dropbox/vlax-archive/raw/blogs/media/2025-01-19_6th_Radical_Party___GREVENA_Va_3.jpg,0x0,fuitwashere.gr,cec2ec8986d872cab6e1b37bdfaf214048762741aef36b584f50e7e0945ea4b9
ast_0415,ev_085,blogs,https://blogger.googleusercontent.com/img/b/R29vZ2xl/AVvXsEhbMZJJNsDAPR0BWzdkBqa8WBVtYiN7IaoBdpy8Ba8vPU0vJp8WlMTHC2zUOUzkF33ZJLraSa_iOG6C_4vniP196xP2AWdZUYZ60XuI436cI5WskVDlv5G8JHuE1psZDbHiAYgGIKFNe6I_0ziorDgRsXJ_vwq3NucBkx2DLUO6kLelQWSollMghetkPRY/s0/1000031862.jpg,/Users/graogro/Dropbox/vlax-archive/raw/blogs/media/2025-01-19_6th_Radical_Party___GREVENA_Va_4.jpg,0x0,fuitwashere.gr,091442180c6afe2ef7325e151649ff40b8bbfcd2d6e42b9eaaf597e8621783f3
ast_0416,ev_085,blogs,https://blogger.googleusercontent.com/img/b/R29vZ2xl/AVvXsEj6CSKNtvETZgumaZz2-EuGUeBl4uxrxj2i4HrFB5QiCkoRHa2tcjRxN2IIgV58bPbICxRZP_KyEpDC4X2UaN1TyhLIV5GrqIeMGq5_TiMk1yEpVJkFf5L6n-LTZQJipdFcw7qQxxjoFmTXDcpngIs8hIZMfDU_tT1PhjUrZQl6OJfYCFVw7jfYraUyC0w/s0/1000031863.jpg,/Users/graogro/Dropbox/vlax-archive/raw/blogs/media/2025-01-19_6th_Radical_Party___GREVENA_Va_5.jpg,0x0,fuitwashere.gr,3bdbf6dc1f8adb9b57755f0e28edb84d160d9b9e238a51af3f06dae1d43d543d
ast_0417,ev_085,blogs,https://blogger.googleusercontent.com/img/b/R29vZ2xl/AVvXsEhiK8V5HUwIXkD70FNI31M-2pylPIv9zVqLob4HWgGZIONF-omJL97J92klDJO0NL9ltNriwbahXbmKOVSxrARg4RJmiteosGcbd_pRmarbzsQIQyWqDvxuemYLjMbw1Z639sV2rH0FAUE2IvhXJ3FAgpwuJZWRI3ZzE0KtAhUJGI7U0Uh66q8n96icUOE/s0/1000031852.jpg,/Users/graogro/Dropbox/vlax-archive/raw/blogs/media/2025-01-19_6th_Radical_Party___GREVENA_Va_6.jpg,0x0,fuitwashere.gr,d309b234012de9d74f9deed6286a698a409d3a1ea9ea666cb1d56b8720d40945
ast_0418,ev_085,blogs,https://blogger.googleusercontent.com/img/b/R29vZ2xl/AVvXsEiU-jzqjV6azHlSJjP0KXvyZZoVbZyYW9652ogrnWLYnhIalUsOzzEgpFvhBEWwBqdS73ZCb5cO6_QM0cs6BdoNjr2iT6_EunWYLg72aQsZmkFc9N0Rg453dlKQZNW8D78zovFxHPXkFXMmlhW_FvcRgPvuPQ1j5nZQSFwVgZWHHoZO7w5r8xFTT7gRqS4/s0/1000031817.jpg,/Users/graogro/Dropbox/vlax-archive/raw/blogs/media/2025-01-19_6th_Radical_Party___GREVENA_Va_7.jpg,0x0,fuitwashere.gr,cf7fb3efc7a26cc100fe4c3fc9aee19d5f37294542c4492f2ad3a3b166513eed
ast_0419,ev_085,blogs,https://blogger.googleusercontent.com/img/b/R29vZ2xl/AVvXsEgdCql-Fbp4JIjBbN4NnsXphupPdWj1_TweyqLxxIgbIDFlpACooYh7Si99PL-Jk79VlYuL07kAyU7f9WQMNKghTMDKddmH9FEYrQEbx0cz-6v-nisfN7lBuTc7VLojvIrvg1yRWLb9i_rlufLZera04sRvOaSwMAuUN2HmF1tsz_l3jJqY_PPgyPxdmKw/s0/1000031818.jpg,/Users/graogro/Dropbox/vlax-archive/raw/blogs/media/2025-01-19_6th_Radical_Party___GREVENA_Va_8.jpg,0x0,fuitwashere.gr,b400292533d7affc397d065eff9e7ad3cb61e0ee1818f8740835347be64c6e1a
ast_0420,ev_085,blogs,https://blogger.googleusercontent.com/img/b/R29vZ2xl/AVvXsEjLFVdc4-yvHK54pgRoq7f7LPysbBWa24rgumtIcvxlAB7h95MugHCMm2dHb0vAh1fXH8zzTBxZbY8JnRAvNLC1U5JMjXXSo9zGfkecA608Z5dPASZVNaBFAzl2ROcC3OZe7frHw5o-UIv-Jdz9ZXsr-4HZwcCLTidZINls87dgOoGDC4N804Tg-zGeaNI/s0/1000031815.jpg,/Users/graogro/Dropbox/vlax-archive/raw/blogs/media/2025-01-19_6th_Radical_Party___GREVENA_Va_9.jpg,0x0,fuitwashere.gr,1623c3a886a2fd6561c37d285e2f3e58f76451635bf67a28e8497c7cbc802e99
ast_0421,ev_085,blogs,https://blogger.googleusercontent.com/img/b/R29vZ2xl/AVvXsEiNVZwyBy36KVg7PmBdmvi4TUMF0gLM0EU0teG9ILI9xdtsiWpdYpIXITz5KFMPFaT4QIKmBICewKLpEi_zOEd1UisIyfuU3mLd83v3471qo_DdwSs_u7G9tgS3HTDJTAbUlFOilGGxseLF_agxt6uv9ZnOXawJaCow6e-oxAw5jz1L3cRevu2vd3LbuAw/s0/1000031811.jpg,/Users/graogro/Dropbox/vlax-archive/raw/blogs/media/2025-01-19_6th_Radical_Party___GREVENA_Va_10.jpg,0x0,fuitwashere.gr,e243c407be837745b9368b79a2763b8d22da468375bbbcd75a624961b4ab461b
ast_0422,ev_085,blogs,https://blogger.googleusercontent.com/img/b/R29vZ2xl/AVvXsEhJFoKc92fG2mQPVgPP4T1JQT7KPmDrxsAzeZJXAtbmc15Keg7aHyZJZUrf-o2M53GVXSm-0AML5XlvlqNg_5fLwyK-lwe5nY8T4KbKBOXcQj7qUk7PXRO7aD3bw8rW5l-68ZC5moixMiRfRsIs6RBGqMx6BsL4TmYeQhgapHLSAz0DnzJeDnFEEAjrmww/s0/1000031810.jpg,/Users/graogro/Dropbox/vlax-archive/raw/blogs/media/2025-01-19_6th_Radical_Party___GREVENA_Va_11.jpg,0x0,fuitwashere.gr,302bf1612c50cf440f281025d447703f0654ea7c923f681fa4e7d1de5d566ece
ast_0423,ev_085,blogs,https://blogger.googleusercontent.com/img/b/R29vZ2xl/AVvXsEiS2XzksUDgIeZGCfagOjfF-LXjjwJNS5RjjaGuznd5zUyMA8WzmGkxJ8_r1fpPP-KTffkDhK1zRAbOCokN2srJ1QzqBZtLas_Gj_57smX8YPmbDXOq7c4i8LQrfvvurfEopSyFsat3-lj2dg3tYB0Kc0wC6H5xTNZFDtqb_nPa6EsY_n9Y2EwjWZ8Pq24/s0/1000031812.jpg,/Users/graogro/Dropbox/vlax-archive/raw/blogs/media/2025-01-19_6th_Radical_Party___GREVENA_Va_12.jpg,0x0,fuitwashere.gr,7566093756ed2b039382136d3c1f337280784471da98469c3153d04c64649511
ast_0424,ev_085,blogs,https://blogger.googleusercontent.com/img/b/R29vZ2xl/AVvXsEgxv8iiDi8xZmh1sw7bC16Tm7DQ7gX_aLzhMKtZW-jEaTdwDSTPgm_LTceLy9Fu9anyGSKeyt6STBT76Q9e87O-jTx4YN9njuhpBeR4xq1GPTqWxySewc2yU_-MYxTPPy3iaW9-ahtrXuW4i5ptMKnE7rKZrkABX7-5vMmOpN-nMxLEmeOzCKWj3R3veV0/s0/1000031808.jpg,/Users/graogro/Dropbox/vlax-archive/raw/blogs/media/2025-01-19_6th_Radical_Party___GREVENA_Va_13.jpg,0x0,fuitwashere.gr,182e75c3bc9bdabc1bc85b6050c0d7e94be1e896f7b0a6a3ddb224ca0869bd59
ast_0425,ev_085,blogs,https://blogger.googleusercontent.com/img/b/R29vZ2xl/AVvXsEiEJd1Ll8Dzj3aal0SoJIeLQrGfsqMY8Atdj2sE8-Orn9pccpI-hnsbkY2XMHfYb04CO950N4ZMENxLVuoJY3nbeDGYhQxLWu6Dr_-kZayvQ3aMukS4gKclo_afGP4cTtbPaiXRZzQ30aXeP4gB9DQHaWsg0B1ZCy3rEzIX7wsjry0jEVHHvPzCSbyD5ak/s0/1000031809.jpg,/Users/graogro/Dropbox/vlax-archive/raw/blogs/media/2025-01-19_6th_Radical_Party___GREVENA_Va_14.jpg,0x0,fuitwashere.gr,6747ec857685f131b4bc26c6a272b865cccb12f140591ba67d8fd6fdee5242b4
ast_0426,ev_085,blogs,https://blogger.googleusercontent.com/img/b/R29vZ2xl/AVvXsEg1TUCzuAKFQBU9M02RV2oECWfO9FTZm3-KZS-cpi4adpsd_QcXEW5TNrQ0oib1UhLLH8PHjcREvinRfozNt2elJYetTJLWM9XpouFWm29sa9NAsUIY06ObiRroVlzM5bXq7QjQfwiMn8av4O4oCkE-8T_hIylMbXkOxi1isLcB1RDA-raXtDvVZPiG0Lk/s0/1000031806.jpg,/Users/graogro/Dropbox/vlax-archive/raw/blogs/media/2025-01-19_6th_Radical_Party___GREVENA_Va_15.jpg,0x0,fuitwashere.gr,f3d76c61b44d19d58dfc7b149483101e5b8732cf7dc09668f0739ff893481b0c
ast_0427,ev_085,blogs,https://blogger.googleusercontent.com/img/b/R29vZ2xl/AVvXsEiLk3ymBb7SeCZXIOhYaBqNJSg1l6Xa4UJHPOzQBoxaE7mODDxrTP9eINw2Abo23_r9aEbnoQl6AwCQUPuSM8l2x7_Izj4GUO-oHL4F8q35ncF8xlpiW4V6QdhMh6zcOX4yUwEl77MDmdzk_SsluUbUSiPDw46gZOTgOK9PT0kZrblGCusFLBf3nyr2eKo/s0/1000031807.jpg,/Users/graogro/Dropbox/vlax-archive/raw/blogs/media/2025-01-19_6th_Radical_Party___GREVENA_Va_16.jpg,0x0,fuitwashere.gr,c5b2663e1934144db69999c6491be360281cccf2f53ab30ca2f18891672a4a04
ast_0428,ev_085,blogs,https://blogger.googleusercontent.com/img/b/R29vZ2xl/AVvXsEiBA1wqh5X5tEepUheh6JqRnvqzN1tkZF3IXVBocEQepsiDn9mYGyEAV_LS5GC2PlgHrkhbZbwEA3ZOmcijT7l71BIILP9qbREPOqK0T3STSDsjUlB4iKenZeq4DZrrvyA1XurJ1YUnGKQg17ZccP9OiVt7z-4IlsA1wWjx6-TKHeWMgM1SRtFOIDKXRLU/s0/1000031813.jpg,/Users/graogro/Dropbox/vlax-archive/raw/blogs/media/2025-01-19_6th_Radical_Party___GREVENA_Va_17.jpg,0x0,fuitwashere.gr,9d26a2d179c0dcc1398e3d01a34ffef685f9095a6bb62e2c3120a53778f02e83
ast_0429,ev_085,blogs,https://blogger.googleusercontent.com/img/b/R29vZ2xl/AVvXsEgD3M_cu36_Q3PO4fr2NJAz6NnKSzA-2trHR1TmgUVCIqJ8S-PEip_0B_Z2YZuZk7XXAYiej0Gf7dUxgP4b3qWCYBdac_ccR0y6mbdySi-yVcvLU8jcufdTX8Ha4USYKHYtlmc5ZUfzu1yBVmTEFKfoP_PJ0Qpi0JlBERPHcvTIh4KhxDutvD80LUMv3-E/s0/1000031814.jpg,/Users/graogro/Dropbox/vlax-archive/raw/blogs/media/2025-01-19_6th_Radical_Party___GREVENA_Va_18.jpg,0x0,fuitwashere.gr,a7ce2b4a6d25574c8f4c8abf44181228cb7338abe4f7197400533642703c2706
ast_0430,ev_085,blogs,https://blogger.googleusercontent.com/img/b/R29vZ2xl/AVvXsEiNH4fRU1qWC-VI2xkRbir49znjMEBLFITLRlTH3-h5nvqLj9zwNw2V-v-mMxjrsVYW5Y7dD57JeWcbFKW8RUK-w5RGgL0-7ha4f3XxASpw61qoJ52GE9Q99T1wqJ-spu1CWCKtVWd0o18mEkRAEr_gWpGQqNC2Nq0D8VDdKYUJaJtcHvpJx1dUTDFlPGk/s0/1000031816.jpg,/Users/graogro/Dropbox/vlax-archive/raw/blogs/media/2025-01-19_6th_Radical_Party___GREVENA_Va_19.jpg,0x0,fuitwashere.gr,d12d5cb17bbaa765ad30695117cbdc8d7089ad1d315c1ea4704c8e05a6948393
ast_0431,ev_085,blogs,https://blogger.googleusercontent.com/img/b/R29vZ2xl/AVvXsEjA4tWPe56vVIseA__PzzSLrzQw5WR0xAfWwRTiNQMRg9NKMc_e7seEBzZtVY9JJ7JlhzidOFUR-09cGJUMb9EaZySU5GWlXjN1zhxDTyeHoaRCUtfVklg8jChnJ3H6AOdPVqEvf-5wtT40ZtcFRdojBYfamIU8hjRhjfc2sQuTIq74xTFP2HEFKfTRjzc/s0/1000031819.jpg,/Users/graogro/Dropbox/vlax-archive/raw/blogs/media/2025-01-19_6th_Radical_Party___GREVENA_Va_20.jpg,0x0,fuitwashere.gr,0a35c4e02bcc087ce89ae8e671b940eeb47834e3a4a1d4d5dc51e7042a833896
ast_0432,ev_085,blogs,https://blogger.googleusercontent.com/img/b/R29vZ2xl/AVvXsEiHSicdrfzf43YeDPLgxDYanss4_1hc7crIESuQ3NVgcuqnPKPCObjVUK8AOtdXd8v5ZZ4OQ70WfNif0NvwgmK1aatLPZD-0nf0nVRgrfhwlK20XX5MsxsrFxVK3qwxIlTAl7p5lQcNT7BRIg5A8ht-Woq7HNnneBXQqPlbEKyv8nCNfmmRtDT7QQc0X8U/s0/1000031820.jpg,/Users/graogro/Dropbox/vlax-archive/raw/blogs/media/2025-01-19_6th_Radical_Party___GREVENA_Va_21.jpg,0x0,fuitwashere.gr,08fbc57ea88d952fa0c3beae2cb41d4fe1080febdf3ec15bbf8863cff49dfbe4
ast_0433,ev_085,blogs,https://blogger.googleusercontent.com/img/b/R29vZ2xl/AVvXsEgMwnVyFngNVblLXku8SduLxpCfba4ms4q0C3EPnKC_Koe0IrTEiXZ9zp08ydsh3xf2MjlQ-S_rCxEYkB3_P6hZt9sxYdXE-mUBao5H5XKpq4WmeA97Vl23q7P-GNrb8UAAisn0l94zcFz7zNlpYouK0PN6oOg9rw-NCtUvasNz9vsVlWWxqJrPaz3Nu1s/s0/1000031821.jpg,/Users/graogro/Dropbox/vlax-archive/raw/blogs/media/2025-01-19_6th_Radical_Party___GREVENA_Va_22.jpg,0x0,fuitwashere.gr,968d4f450d9318afa19b9e5f4d014f97daa48f4c53266309096a9e39a3028890
ast_0434,ev_085,blogs,https://blogger.googleusercontent.com/img/b/R29vZ2xl/AVvXsEgRRYDJgUYpli-nBtJ2sPTbNxnegc7LV0iSIOovht5X9lQZrHO2sJk6wnROlCoqvKLjkkhV3j2MJ4z4nNRQEeybYIQacOIvvaT3dE7qAXxQ_qlIHx_U4BbHRmI3UDtUrFbM69KM30JpTcq9XxUhEz0mQFYFxLQ8wZZwspZrR49kUBmE8IRDje-ZIWIdJCw/s0/1000031823.jpg,/Users/graogro/Dropbox/vlax-archive/raw/blogs/media/2025-01-19_6th_Radical_Party___GREVENA_Va_23.jpg,0x0,fuitwashere.gr,67ec7aedfb025f3cf8f82278ce93915c734a1005888b65ba4362c6a0247231f5
ast_0435,ev_085,blogs,https://blogger.googleusercontent.com/img/b/R29vZ2xl/AVvXsEjnCQM850_bf8gJiIMfD4HLX64RfxWPxuEzglikpQfNgKcuWb5N0-eBDzeIDEw4FenFjyBFON9NgeqCW5VjgKj87xQ4xZ1bC28cqDAGAY-fkaf9253WmPA4NNND8l16YtT7auC5f4sXdvwWDfyPJRMuJFf4I7GXtpSSbuqCVxVaNigOZ4V1TmZd-VGHGsY/s0/1000031822.jpg,/Users/graogro/Dropbox/vlax-archive/raw/blogs/media/2025-01-19_6th_Radical_Party___GREVENA_Va_24.jpg,0x0,fuitwashere.gr,a4cc7fdcf400ab42aa0eec2b4927da3703e822d57b33e1e8ea5fa8cf93264727
ast_0436,ev_085,blogs,https://blogger.googleusercontent.com/img/b/R29vZ2xl/AVvXsEhe_I9gajcbkQRGvhVkLoR_KQkzhGTG1tf4LBxS8yoW3hcG5QMgKU5_6x1WYlDTl3ZVXSVrJQDSCHVQgL6WCYbWhoCrdYdAqgeOuv-iO681jZT_1XFWxNg6zQRptvrPyrorW11rJrltlzHucfwHSG1embUDI74IsaZ0Crq3XVWcp9pkUEUlCO0tDkQ_exU/s0/1000031824.jpg,/Users/graogro/Dropbox/vlax-archive/raw/blogs/media/2025-01-19_6th_Radical_Party___GREVENA_Va_25.jpg,0x0,fuitwashere.gr,662690ff30a5512c28189ebb139320ed3b3b7d520343216fa5473d7ff37468c4
ast_0437,ev_085,blogs,https://blogger.googleusercontent.com/img/b/R29vZ2xl/AVvXsEg9hR3CLH6acndljqNdwX-bv3viKWzCobNmKD8zVEBzETCSyYukjQc2FdkjLYKyxTnxXD9IoXwYxjozFnX8YoMF2VF8Vt9PMGLaWLJF2EFWr_8nZVyeFk1XO5IS_inxflCIBDpKXkGW7fArd50aS1ZbY3kwicA45wTHJmyOuPHc17WJZBEGy1JOdG59L9s/s0/1000031853.jpg,/Users/graogro/Dropbox/vlax-archive/raw/blogs/media/2025-01-19_6th_Radical_Party___GREVENA_Va_26.jpg,0x0,fuitwashere.gr,74473479a36e8024411a362a6512e095f9630410435fce7ad746cbc2e1360657
ast_0438,ev_085,blogs,https://blogger.googleusercontent.com/img/b/R29vZ2xl/AVvXsEghG4vgywngln6GqfwCUvsbZhbY0xPBXQ50RM8_BhyLsqakD7XzYD_0RANT1jTIRaNYQqTVNEK_YL3ialUqmBvld16by0ZnlcelU-zYmG4GD7O3aTX7YN36DNmzYixZXS9ghLKDCHvAMUaaOVRrlpfUS6qa-AgM29UaQugFyVR_DDPpHS8zrVB2r_7ksJo/s0/1000031854.jpg,/Users/graogro/Dropbox/vlax-archive/raw/blogs/media/2025-01-19_6th_Radical_Party___GREVENA_Va_27.jpg,0x0,fuitwashere.gr,4dd0f3c3a555d6de0f035871e096ec2530c0c78b1d04c92522cf3f5270ba162f
ast_0439,ev_085,blogs,https://blogger.googleusercontent.com/img/b/R29vZ2xl/AVvXsEj6dBtlXAQ67tGs-PcZngpkcapC27NqT9RTK4-drDLVsFrY10WJQVEv5ZlJJYYD3ipjkZpbH0q6w8YLayvZW9tLb8V737aucjS2VZRt5bI8ucRQ1eLAXSLQ-83zu2lPUeXmY_xbZ2CKuwhL6p4J39KgjZcz1Ym0hY-hxbSMz0lJNSCU9P0hOaUnYArS4xk/s0/1000031855.jpg,/Users/graogro/Dropbox/vlax-archive/raw/blogs/media/2025-01-19_6th_Radical_Party___GREVENA_Va_28.jpg,0x0,fuitwashere.gr,c58cdc3c3b44e4b3e7fb703d787bb33f8e549680df800aea61986b0bdf6890a6
ast_0440,ev_085,blogs,https://blogger.googleusercontent.com/img/b/R29vZ2xl/AVvXsEjHQm1CTC2lf_rE1gV_QaR0aaLoS2OyuJR9GS35MiEOGM-8IcQdsF6BGzYtcu4fJPJd-Kt3KIa-N8HFtqC8C1OJH2i2d56o5xmd1i_9eBZjvO1gkLexAm2tLDUNBQHpUtfubAlKWmnr0IuWZJ_ycXk08YpiqxA1LB3MdC-HZ9mJDDQuMvYnepkd9NoCIDs/s0/1000031857.jpg,/Users/graogro/Dropbox/vlax-archive/raw/blogs/media/2025-01-19_6th_Radical_Party___GREVENA_Va_29.jpg,0x0,fuitwashere.gr,ca92c16982f3ba7798c09634bebdfbe8dd6caa8addbd81f5bdd1c2cc3bb33212
ast_0441,ev_085,blogs,https://blogger.googleusercontent.com/img/b/R29vZ2xl/AVvXsEjU5S_3PwxCjyVem9YORkLWDkQuRp2hxgC1T7Vs-PbKfagi6TMISYqjCxNPXxrozNheoj-8rQkPAaaIJjyzOxqGQNmQ1tpeghwYzn7loY49zgtJBXG2lEVtIr8DtEU-aDPHtO2U-ZlKCjx0h5LaoKrZbcMb12LAYBZBNysyoa9pwKkTlTncOXfHGErB5cY/s0/1000031859.jpg,/Users/graogro/Dropbox/vlax-archive/raw/blogs/media/2025-01-19_6th_Radical_Party___GREVENA_Va_30.jpg,0x0,fuitwashere.gr,a9ac9d18c67c4d5d85882b49d145c2daf647ef1b65736999fa5ca8c9ca92399a
ast_0442,ev_085,blogs,https://blogger.googleusercontent.com/img/b/R29vZ2xl/AVvXsEjk7Ziol06dR_H2noGkOhfag5nJ70ltVFEHACr3jUBdBC9DwlYkUdHEMmewl1xhdisXORBUA5owuof8hn_t4A7PoHt2XHQyXrL53sp6vOLxN0PWzEas8Avzd6y2K7Ez0nMIgi5fWsjzxEzuySB2E-xnkNooAKniiRkz9HpzTCGq6uXt-irPr6JAXIsDgho/s0/1000031858.jpg,/Users/graogro/Dropbox/vlax-archive/raw/blogs/media/2025-01-19_6th_Radical_Party___GREVENA_Va_31.jpg,0x0,fuitwashere.gr,91703b10710f8d32ef18838e8b48bc53b9d941dff5f6f6edd05fe819f7f7d0d7
ast_0443,ev_085,blogs,https://blogger.googleusercontent.com/img/b/R29vZ2xl/AVvXsEhLF6uViKZIcYL_0sRiSs8Zxxi6xkplV-fNiZ-uYKtY8Ln1QlQbQT0Kyw6DJLkMUsSjPfjNdfgI3peF0j4t_zT5UwFbFH_i_sdZjOwTaxznMfQY3DlOsok9UguLZGXGxu3IZG6Oivlpy3ntyoXl5iKq5-vCdgViBlRA_QFQI9bfErQ9Q6Strd9RjvUZUN4/s0/1000031068.jpg,/Users/graogro/Dropbox/vlax-archive/raw/blogs/media/2025-01-19_6th_Radical_Party___GREVENA_Va_32.jpg,0x0,fuitwashere.gr,cbeba748d5a61f11f81de8d94b3b14a8475f646cfab1dbba651579afa9c7d46c
ast_0444,ev_085,blogs,https://blogger.googleusercontent.com/img/b/R29vZ2xl/AVvXsEi5FN54YQBZjCxbie6pK9C9fiiWKa1DvVJeELMq2XivxVNFjobivrHbWbU51RCe5yHWFIQVTUOvg1l9FOUmzoQRduhXevrr94vTkXP56maJfKPBLaqFpTTm8KCOUeqaBORg3efeJa1fCRaM5H8CR-2GQl6f4EqDbIBnoNe_h_I2N1Rh1fb42K-DYxpRg3Y/s0/1000031132.jpg,/Users/graogro/Dropbox/vlax-archive/raw/blogs/media/2025-01-19_6th_Radical_Party___GREVENA_Va_33.jpg,0x0,fuitwashere.gr,ef922b3b652956d53c2eae9925f899e87dcd8a22e8ea1b0260d71bf28ec9649d
ast_0445,ev_086,blogs,https://blogger.googleusercontent.com/img/b/R29vZ2xl/AVvXsEhrV7w-NHQnOqbIZ5nsXxVk5jsfUGXfSXT78xZ-eDku2VBcufiEtt8JPu-xNejHonvxowSyV5UZZV0iQu4uqax57REDXhOXnfZjrIBgao1hRikzAzlbfwNfTYJE1e_JRKhQISnkspRHrz3EMh01MSorigM8o-epo_aTUhY8Qc3kYXbLwDswA0tLCbcJlZE/s0/1000029225.jpg,/Users/graogro/Dropbox/vlax-archive/raw/blogs/media/2024-12-12_VASILITSA_24_25_01___Ράντικαλ__0.jpg,0x0,fuitwashere.gr,24c98c0eaa1660338391387b8769f31f997134ec21b886a24a40e50ee5ea47a5
ast_0446,ev_086,blogs,https://blogger.googleusercontent.com/img/b/R29vZ2xl/AVvXsEis4qgazi9Kuyd7Iqfz-FMOaDzt_inZslCBOLHRRRLb8iLzbnmSZxE7f6PNabMih-9-kt-kW7SE2aQjGQR58SN02AdOpz_kGLEsjTtXHinjIpv8tABCfho0j3e6IUkJrw-PhpAg1lWBZ5kpnRUGWcfSLm67d5PIWmJrQP_dsMDkA0CfsifnwOL1J2lYGw8/s0/1000029252.jpg,/Users/graogro/Dropbox/vlax-archive/raw/blogs/media/2024-12-12_VASILITSA_24_25_01___Ράντικαλ__1.jpg,0x0,fuitwashere.gr,54ecfe16d89609c41b45747d7c0efbd7e3926d274ecb3c5f7b0dece753923c1f
ast_0447,ev_087,blogs,https://blogger.googleusercontent.com/img/b/R29vZ2xl/AVvXsEgE7Ptaod6l9pbPqhyDXUbMslIq7YBRnktSAj8upIP5v0hJNmLkSHW9AtfVfvOs1Ux0kFGys4PZCfsPok3i1HEdMEVXVhTl6D9u3SbgXNJ6NXVR_nlwurMqtXpAhk5pWf4BO9Pm4BJ1908_Xq1Ia4PREMy2bNBCHmUpVf4BIXi2RHpVVyMxgz87gnU9E-E/s0/PXL_20240710_174611654~2.jpg,,0x0,fuitwashere.gr,
ast_0448,ev_087,blogs,https://blogger.googleusercontent.com/img/b/R29vZ2xl/AVvXsEh3yHRmOH2zkiISdbLq3FPfRL3P_H9jZ0UkrIg_K-0w76BlJZCgF46n7TroB2LygYLD4Z9lUIC7b_Hocso_e1f4GZwbTRVfMklsjiUqtUnWdNrDxu1QjheEIT8-KlLe0PEbeGThY2JYpCy9QiAsaxADSYW-t49mQsbNCyVz1cNArVSRDVvtUdT-ozRSy_Y/s0/PXL_20240710_174029253.PORTRAIT~2.jpg,,0x0,fuitwashere.gr,
ast_0449,ev_087,blogs,https://blogger.googleusercontent.com/img/b/R29vZ2xl/AVvXsEiEULCPCND1buaqHhujL6ye-WtVBCxZnAUjE45rddjkRK6-ePbM5P3HQvDF14TC-BLK5C6WQbmPdUgrD5LCuVgk7ssWuKPYU0VVdjctpNFR9lQLhoXqSyltRI7WmZZkVmJ3kJag8BJPLdxpMKV7UL20EFEHpWTmtTF4Qbra3oMCulZeYDW5t2lf7qMtXDs/s0/PXL_20240710_174158136~2.jpg,,0x0,fuitwashere.gr,
ast_0450,ev_087,blogs,https://blogger.googleusercontent.com/img/b/R29vZ2xl/AVvXsEhxeOj35B0x3nbdPklk3Teb9b8__GvP47Hw06MhfHsljYxoJKPuOQpfdykLD7QCXvABgDNcJ5JfJF8Mn6LQmBp0QQGibMniktFaM6aYbR54r-i57Xe3jJ9bBhPr5AhpCRkUbXyAQpVMkmT0GFytnHdWqj0mNTAVtHVngd2MjEDGfT9eCMmrOfw4mgyMDZ4/s0/PXL_20240710_174348726.PORTRAIT~2.jpg,,0x0,fuitwashere.gr,
ast_0451,ev_087,blogs,https://blogger.googleusercontent.com/img/b/R29vZ2xl/AVvXsEgnBs9UtzfuMN9dWvPfSH5kXotviZ4gD1l0GWcUIAxiYkDqbnjckO8izdSo1gbD7_EPfSk-vvo3llumiybGtKaAHanwGEyfR_Psv0JirhGcKNWLuNV633IKvz3W-Twhq4GUeIndSWtDnpMtz-zMgbT0TG6Q2-B9RZkEEzzuB5DvhEV4QEGUk3QstuYHfRs/s0/PXL_20240710_175033541.PORTRAIT~2.jpg,,0x0,fuitwashere.gr,
ast_0452,ev_087,blogs,https://blogger.googleusercontent.com/img/b/R29vZ2xl/AVvXsEhwt5ymZw2DGxUtGQMM5qYdefT4BqA5xvWAkvV1P176pX-YKCoOkYXLGe-WdTt-RbL4b8QJoC2PGrw_g5QoNqaeoQzTKAaD84EvMQ1I5np5R7dEua0OZn0kzdcoz7kzHxwcG8ehnsPvLSgUwHrDKeGXlPUUuJuhVNJb4HeP8TYB5R-a1ZWUf-8zqzMIUIA/s0/PXL_20240710_173554192~2.jpg,,0x0,fuitwashere.gr,
ast_0453,ev_087,blogs,https://blogger.googleusercontent.com/img/b/R29vZ2xl/AVvXsEiaX6ATkvYdzYw7Vvo0uTv7q4vViuffn7jn8HoyG3aSaecZOJ75oO7CG8_zaAKnfidSxTg7n6gSXMuxnVhJSWtcPJ4DiXLJFwx42ArgSxG9Gy1btJiEKJjkq87q1a1nq5DqeGP4e9Vrasc9o3ESqROOl3CBRdw0c96yCqr-qJl2nobJrW-M35r080z8qcI/s0/PXL_20240710_174638649~2.jpg,,0x0,fuitwashere.gr,
ast_0454,ev_087,blogs,https://blogger.googleusercontent.com/img/b/R29vZ2xl/AVvXsEjXzI9DhToybRAe6enE7xyo2tNcyziet7WocwvqBQNeUK3dfY44N9iDuXiOVjWVzeXX0EXovWXWl9F2WvwfqTErxOBFtzA5502UyOLPgG22RH3e2fjaIr7b7DmHAti8HCqaIbe8ghEdxXjxUq1o_ZdcRvjVHZLxR2dktMzBGgQvTOk5HtYt-9gwksQ55CE/s0/PXL_20240710_173616714~2.jpg,,0x0,fuitwashere.gr,
ast_0455,ev_087,blogs,https://blogger.googleusercontent.com/img/b/R29vZ2xl/AVvXsEgKrBisfZG-MCGoj89j5Ay41mNteC-P8KsKazx6YkLM8uD2laPLV17QXTeZtdOy6NNXeNb_E2VsB_Y7KYdBdGuHhg3NYuWo-hHBhwhjDS_n3GIseznYamfHlzFZNXu88WXbK7EP-L66VoCKhNDvp1-Hp2xsdrsRgRA2qZkYF-cBxhK5PEr4elHYKlPxeQc/s0/PXL_20240710_173634523~2.jpg,,0x0,fuitwashere.gr,
ast_0456,ev_087,blogs,https://blogger.googleusercontent.com/img/b/R29vZ2xl/AVvXsEir3u6r9icbQOgZSIdesy8esawcCzXfybSaQ8N6s68nGpfQoS1jnz16RMMrJr319zBKOm6J-16y5u_4dEz-JTZE4CIFvthVKGMxq2GPRpOr4akWAo1muQd0K83s-fs15Z20wZRD8R5-aHkdEzZ2ehUZKdQLBaE-c0Uu5oivK9zMEJ9-l0pa0pHyqQpR2gY/s0/PXL_20240710_175332581.PORTRAIT~2.jpg,,0x0,fuitwashere.gr,
ast_0457,ev_087,blogs,https://blogger.googleusercontent.com/img/b/R29vZ2xl/AVvXsEi9tYR4VJGmKsfb4Et1KHDaLPj4mjf4KpjKd220glCQ7jU2-wpovAsIbslqHtvwx4IO24FRbR-K17yJqFvTQls-sLZxOWRgC3EDSt84hyphenhyphenx5Iv3zf5ZsexRm5no7pf5zchZuMsLra0G9T2Vx2IkyKm4F2vcAcOasfSVUwMomNAbroW19ufybgmuRp04wTbw/s0/PXL_20240710_174508891~2.jpg,,0x0,fuitwashere.gr,
ast_0458,ev_088,blogs,https://blogger.googleusercontent.com/img/b/R29vZ2xl/AVvXsEjo4Et6un1DT3i8VcEYPVJDZGmRu03MDTKGByfTZor0tXa5Zmp-fXJFVtXnpI5ajal6MS_SlvtKRESwVPR6CPdYKNHfDIMig75VRnspR0UShfWlGrJ5fVjN-W1k4Yc6gUbuqgaHdmEwRW59wAiv6PAj-L5dVQySbKSXgrhNqa-ipenUZK9LJycIDcTFpKo/s0/Fouit%20Amanika-11.jpg,,0x0,fuitwashere.gr,
ast_0459,ev_088,blogs,https://blogger.googleusercontent.com/img/b/R29vZ2xl/AVvXsEg7m9exJuGvp0O6zoi0246-b6q41eAXV15tEpz8NqTjmUKQ84VBlRZecidJYUyzPtnaTZuPfA5u97wOKHw8myMULcJh3h_R3Z9mQCDz2Ud4SUFp3vM0u7ZoBvoUn5o2USDmnDTUaFdSJM1EMLD5SYZrRJJuL_a_AinAFLJCPdRFMOHAl7_DMUZhtPgKJ0E/s0/Fouit%20Amanika-57.jpg,,0x0,fuitwashere.gr,
ast_0460,ev_088,blogs,https://blogger.googleusercontent.com/img/b/R29vZ2xl/AVvXsEg0ryUZ49v_49F8RGSwMH3bF6DNwbtE_zJZg6qzlWbmXiqokxM5eQFJz4v_B_Uj_y2olMaRnvGbHtXGhXPjJkd_LHC66aSVCneIrkZgRX1PjuOhwMkm6AxXVkgQyo0YJ1vJimniqezsM9cX68JhcR9gbYZEeRbdT6PksR7xNZ3L4Sjb7XUhqWFICgnig_w/s0/Fouit%20Amanika-41.jpg,,0x0,fuitwashere.gr,
ast_0461,ev_088,blogs,https://blogger.googleusercontent.com/img/b/R29vZ2xl/AVvXsEiiZGQBTwargWxYQsplQNNietryHGszlYCLjBwnkhyphenhyphenW0ZVd0J7eQSW5_-jtL7xrc07kgpAdbfl-7uH0AK1AphXXlAcDzbO8Nt_i9WCh4VhLfL2L5fg9PDMmydC67yxlWVmuU4ky0dsTNz6wW1_T3cfR0bMAm7KSkWljDN3uLuPzrTSaP8vZ9By7SihkUus/s0/Fouit%20Amanika-19.jpg,,0x0,fuitwashere.gr,
ast_0462,ev_088,blogs,https://blogger.googleusercontent.com/img/b/R29vZ2xl/AVvXsEi9IHQd7ZvrKcNASa6NIO7GXF-6qeoKJ9ZlHJyuSbimEhLUj5DOdGjOETnUv2PAFL_bfOdvxtm8BIELUluhrvuc_HJA1_Xrys9kqocnI_lPbhRt3zMTScvKCWpwrLoNXYaBLrTS9VPH-m6vTtUNYEcv3PrBKuiwaNllbDj1RG7WNWpyq2XmTU-KuLurU9o/s0/Fouit%20Amanika-14.jpg,,0x0,fuitwashere.gr,
ast_0463,ev_088,blogs,https://blogger.googleusercontent.com/img/b/R29vZ2xl/AVvXsEgsnLpHYrLKCwLvZUFi2-mO-7eoLHrposwC_renXNu2vkROM5JbvLCywMz7qpi3M5-SQGcxBqJPqj7PdpWjX534L0vi8eN5DoMGDsS1fUKbIKGV1jQRPnydlfi8hNgaSkLU2CjDl7H4wsBj8jAhf_2fz1XS6Q2wV87i5j3gT54yV100xEfJuT6mDhYl51o/s0/Fouit%20Amanika-12.jpg,,0x0,fuitwashere.gr,
ast_0464,ev_088,blogs,https://blogger.googleusercontent.com/img/b/R29vZ2xl/AVvXsEg6g3bwK8Au5HkA6PI7RCSDLMIhF5zOGF1u5iTEAZihheVxVOJUyyufPxVuON0tLZ8UcXxDeb-7zbVjIAe8QguoJbnp12DC-CeyRwneZBzdD6ldChGA7tYjLc4V1H2ro-TBSf6D1A_LFrbfbz_ElKl9qgJDjrELeGITQza1sw00-mp0OPTvJVsHRWNSIns/s0/Fouit%20Amanika-6.jpg,,0x0,fuitwashere.gr,
ast_0465,ev_088,blogs,https://blogger.googleusercontent.com/img/b/R29vZ2xl/AVvXsEjf2lIkXZlsLf3mVe1AXQbi-b2zEhiG_fRDD_3XbdkUsAv6ShQ75eEFkUnO7Pf4H8C6iPXQTp-7sQ7lQv7-FZ1_3KliSbDu5bTGfko9ezp2QEjpAeEdYT4-xKHh2xpBMIehl0Er5I8PRCOYhJLyrbhpRJw0iHNeqZQgzCQ5bMH3TtHT88aAjDgE3isLr1U/s0/Fouit%20Amanika-5.jpg,,0x0,fuitwashere.gr,
ast_0466,ev_088,blogs,https://blogger.googleusercontent.com/img/b/R29vZ2xl/AVvXsEhxbnzmLYMY2wVOrVcDGpDIuMVSHzAS4o9hn9UOb9sZErYMqcbMweuekpgIudE81_bEy1IS6o6hyq9OGgvXaUMbs2VR5QJJCHF6LYMj5vWcqZHEtVlOrASmhyulpShOMSau2NxZ3Psyd6XeoYfzrXSmhYiYUzF4H1eZ-rRYJsOtMiUSCOY2HSbMPis4QRw/s0/Fouit%20Amanika-15.jpg,,0x0,fuitwashere.gr,
ast_0467,ev_088,blogs,https://blogger.googleusercontent.com/img/b/R29vZ2xl/AVvXsEhmrvLOztkb9fDpKt1Ih-oU4ko-I2aqUHdtYHelUNfZ4_TJxPo7OkXHej3dM_U4E9v2tHDKOxTHoE5nSfs37QmIkmIEggTz4RwqDjho4Cy-KC6k2zINIXvjzpkWX1Uf3plSfPNxW9xabgTOIB3qnge24-5fa-68_59sHQma90HkptiMgMNikjRULyrZG_E/s0/Fouit%20Amanika-54.jpg,,0x0,fuitwashere.gr,
ast_0468,ev_088,blogs,https://blogger.googleusercontent.com/img/b/R29vZ2xl/AVvXsEj70PjtqCJzJNTcXH-_nekSidiH70v-xYDx8nBVcO5vGqg7WA5bY_hNnE8rnVP5bxSUfSPRbdj2Rsynbk1yxc7dppx2xso_RD8JQQlJuJqSfr8X5OU_qswshTEMLkPPNxNq58B4YQrCTVfKejGlyNivD0gFTUAXVGlRPA_lIFU7VOOMYjCOGY5ff24rg7A/s0/Fouit%20Amanika-47.jpg,,0x0,fuitwashere.gr,
ast_0469,ev_088,blogs,https://blogger.googleusercontent.com/img/b/R29vZ2xl/AVvXsEgaLMgLF5kMXNll4H_QydAUe6n1b24RL5oCNWOa_32fRvFzTrgFvqOzrrqJkvgCqj0uW5E9D2p9DxPNFKf5Lwta1RSH4iMxR8K4LDrnDs6roJf5t_wTEawJi6svIUV7A-izYyPA3BpWGmEOd4vqKX-UAFFyPWp_gw9M-UOOAJVGGupKB-qeAhRySpDXSR8/s0/Fouit%20Amanika-46.jpg,,0x0,fuitwashere.gr,
ast_0470,ev_088,blogs,https://blogger.googleusercontent.com/img/b/R29vZ2xl/AVvXsEj04mWAir6t9jfJjO9__yCHG3ALK5M4UmyNT7x4I5WtgLPDJ9OXPHIBKhguGBagzhGuEuP2HTDNGp3UL09rUNLUwsOXYryo_pJPlzU7D4M9vXkNHuVRqtWNiaAazjeSck5H8hn8I57PnYa4YXsiHNQwM1aHldU39XaQ8sn6v0FuKgjiWFhDvpn966ATm1I/s0/Fouit%20Amanika-42.jpg,,0x0,fuitwashere.gr,
ast_0471,ev_088,blogs,https://blogger.googleusercontent.com/img/b/R29vZ2xl/AVvXsEjMlWeoeyt6uRyX59caxa96IMJdE0hFKV5oMPjxWqJ3U_RhSnogHIWVAxw61ncu1VdV95l7u9hWIJWfBj3z0VM1Odwk7who1bKqCJxa0HkCdr9keJlmXTW0z1XR4RbuYbe5Y3Ul9QYhY9DL6E1jWxzuiJe0BJ4rL_JqaErsLTjfJ6pF9YV1YsnoIYmf0ZY/s0/Fouit%20Amanika-35.jpg,,0x0,fuitwashere.gr,
ast_0472,ev_088,blogs,https://blogger.googleusercontent.com/img/b/R29vZ2xl/AVvXsEhhQW6xA303Nk8YR_hejlD5FhZNk0sHTP5ByNHdps_aJhNDkVsxEdZSGuHNsg9uCQMtdnm63wir0Rp54RpSPM_fZyR2iBaPtzk7M9EH3hZPznkhX4NdDjC-Yb9fc1EW7XpzHGoeht7vvV827LWQJwA-hehyJgIra0i6-hsI-ThCSabCdX8WKyvQMHclDiE/s0/Fouit%20Amanika-34.jpg,,0x0,fuitwashere.gr,
ast_0473,ev_088,blogs,https://blogger.googleusercontent.com/img/b/R29vZ2xl/AVvXsEhqpVzQ5QOBBh3eISj3gksJQTX-D1OGs9_UvcKaGjplB7SqEcfx9pPwDdChZ8Vif_TX8tMVs56ggiRxjHiWhMSIZjK99fZRvMIARbvcQuSiYItIdm7SLkPfvIkT3DmCUuYhj6202sDEYTt05i7a_XGo2XwdVCNd3wTcaGk_lJg8zL1T4_MnIuRQQyB2fC8/s0/Fouit%20Amanika-33.jpg,,0x0,fuitwashere.gr,
ast_0474,ev_088,blogs,https://blogger.googleusercontent.com/img/b/R29vZ2xl/AVvXsEhy3Md9FvrpwN2hW-SuqjATn1zfYxX3oYc6RTRjr9zTprbN4FnZIalzD5ovGkZH39F_l21TY45szYiLPobEIzhhBBP-zBhj1GMWI9kDhfqFez5eKrTNbNvSBO1k0bCcexeaNs2ci2URp6Pa_BlMy41dARvCrzZltoMdaZ1RbabUxzor-g3bM34RJYLnrfA/s0/Fouit%20Amanika-4.jpg,,0x0,fuitwashere.gr,
ast_0475,ev_088,blogs,https://blogger.googleusercontent.com/img/b/R29vZ2xl/AVvXsEj6i9xE5NaVVIAlQu27wo8SuFr4zXqJ-_uV4AnXDMsprnd43Jq6wbXs-Wc3QO4p0qnG_t0k82vnEHH3-fUgykqDHFg5F6I3XkAkicZQARUMZKDB7Oe1OOllhBbVKEGC6MWRntyr8F7aQoeB9BIgAvTWXPR-zI1uMtQAv3coxcyON0zeX9J6NqN10krphq4/s0/Fouit%20Amanika-2.jpg,,0x0,fuitwashere.gr,
ast_0476,ev_088,blogs,https://blogger.googleusercontent.com/img/b/R29vZ2xl/AVvXsEiAelCTJH11o3smEulhu2DAMaDOpr_FVdhqREdA3ZQOf_nK-3Pyo6jaOMEe4SfRSKFif-tLYn_X2kg4yYRYg4LuUHzRGsLX_iAKut20IzLrtf52N0-4ixaGfYbLR6ep8CWV8GEKH2RCTQwEIDnrOSPMDA2xTxl1gYXX1EFxBrTlljueVXsdBVDMyC56pPs/s0/Fouit%20Amanika-1.jpg,,0x0,fuitwashere.gr,
ast_0477,ev_089,blogs,https://blogger.googleusercontent.com/img/b/R29vZ2xl/AVvXsEjFNw_ZQr8YHmIo7yZSPaNt1JJ86vt6fDHP1xkNba41rMOpZk_F1iB1cJVFD95JEhD98lDs_IxuSoawivC7qir6XdVMvl_jc_mI22krMlAVapz5dH2MogY1jsqsqRTlbeoqLS_4eqb1RtTOQtXF7LRHegzOJqZrVdMbbsBXUSq-LlM_YygwDG97JPS45YI/s0/DSCFlow33839.jpg,,0x0,fuitwashere.gr,
ast_0478,ev_089,blogs,https://blogger.googleusercontent.com/img/b/R29vZ2xl/AVvXsEgWEJrhNIoyyZq12wmmmXefwnZOxmKnDUmQfYcCNQU-3iYhflx557UZ8GiHoJqo3JfTufz6JIX41Ju8ljQ96HFAWkMSNripdmeKdPThHOCmbWv72b6L3euWG48-gYaywn19AZgJ5440fQ14VKHhOnLWEFwlKwwhCF2Xn8Z25VaoKp-qImoaen5v2kvjWN8/s0/DSCFlow14719.jpg,,0x0,fuitwashere.gr,
ast_0479,ev_089,blogs,https://blogger.googleusercontent.com/img/b/R29vZ2xl/AVvXsEiL-BYveH3oP-Rs4KykGlTOwgUE6_aQBEBzdiuDq5YEI4H9P9IPezL7c524Mxr8E-Ekct3OYiSRVJ8nhlVAgFUnRUcN1yQfEqX5hMA1n3wrCqyFbZqSc91M0TebQ7kNEcqeGWjhyphenhyphenf_vkVXBNECyxb0XBVtKjo5ftFNqxGya4SGPPBJX6_wMwr6sXQZt-nM/s0/DSCF3743.JPG,,0x0,fuitwashere.gr,
ast_0480,ev_089,blogs,https://blogger.googleusercontent.com/img/b/R29vZ2xl/AVvXsEjxAnzaVbjElRdabed8pxAgYzYG4OIWln3PPtNhN1oPmfiJEMVpKmfpINfy4gCO3yIoYQFtAp7qn5SJp_k7UNqsvlMx1tgjGZmbvgZ6poHKwOJpiLQxxmYwO_M9qv8GXeEB1pGpLzFXcrGrx-Bh9-cH8zyRm_rRCpCg4cY3DDFPWIiKNd_RkUlLasm1KjA/s0/DSCFbwlow4063.jpg,,0x0,fuitwashere.gr,
ast_0481,ev_089,blogs,https://blogger.googleusercontent.com/img/b/R29vZ2xl/AVvXsEiOniZFr4dj0NxfbbNbHOJ8ngCF22LOig4vx3AQaDdkBVvVyhYjiYGrs3UaWhymThyphenhyphenPtJFYul6sZuj671Y-8bF6qWceIlNKTcHwY1dGoWvxGpktakoSDHVm77QN90s0vbgJ_E9jjWcBKrSV9b2HuActXGS-kx0wZr6ZC9U2O-BlPDKtO-2MVq75yCLqYEo/s0/DSCFbwlow5006.jpg,,0x0,fuitwashere.gr,
ast_0482,ev_089,blogs,https://blogger.googleusercontent.com/img/b/R29vZ2xl/AVvXsEhbfWsyL-G79B_vjWwoChyphenhyphenv47EQ3E4lLbfjg53JOb3lN59segnv8nopV86VqveuaqrjJZVIm-v8dU1Y8M_erFYbJfPf80uAygVE0gjaS6h15m-APsIOdzCCAv_pvvuMd2CzrWs0jz4dog9rhP7_U6aEEFTG6qnFEcBRLwU-sknL4ym5zPPWY69i8i5vGbE/s0/DSCFlow4063.jpg,,0x0,fuitwashere.gr,
ast_0483,ev_089,blogs,https://blogger.googleusercontent.com/img/b/R29vZ2xl/AVvXsEi__7FYdiZ4MzULceo7Y6nth0ljvx6ak1gAHHrYba443t4FdQbGbWBgkpg_WkK3tXSqOYsa-pg7LwEtdJDPFiLTiIDpZX0dwlW9AnUl76tsfQfjsFCQ_n3nCMjoBM5CiVwoewMndB5t6XlP9yi3Yd8LpHPtR4PhVRxnUsnXw-qx2BfjpVl1mNvNGsCAuS8/s0/DSCFlow4136.jpg,,0x0,fuitwashere.gr,
ast_0484,ev_089,blogs,https://blogger.googleusercontent.com/img/b/R29vZ2xl/AVvXsEhH_HJQi6p6IzKefdGqK1D0RXTT1zXlJJgEGYQcydITeldbqMgEScen0zUrgEHM11wKchn6mia3WwUyAwgt2sqRxBEi8SYSpNeym0WUesZ0lFB_X2qfWuk6g7Yzg4boBlwrnE2fIP7wp63oTi6pSvCUzWhFwEAGZvGhsolZ3N7o_5rX42CdJjwfUjEbuYg/s0/DSCFlow4137.jpg,,0x0,fuitwashere.gr,
ast_0485,ev_089,blogs,https://blogger.googleusercontent.com/img/b/R29vZ2xl/AVvXsEgxg6yGxc1TBQbimYVf7aW8aEs1C9tTq-GE_TlQ4ddOysugi0pibAumqul1qGrnaR3QfaJF1QphLqcahg0htgY5PGIXs3Mdpf3E8AzGgMeT2LEov6F7HYgN6AJUtoqAHVPEBAK1GMSMH9SsAqqRTjHb8B62mabc9hWDrOhq3PHhGaspPf5zAchlGOOL-i8/s0/DSCFlow4279.jpg,,0x0,fuitwashere.gr,
ast_0486,ev_089,blogs,https://blogger.googleusercontent.com/img/b/R29vZ2xl/AVvXsEjeaGwnZgMJ7XNfembSyfVRQdPuwNV2D1ibIhi8AteD4pRInGlXowfMOwLing4pu9LOxhIaOaPWZixvt9mtAtW0uJpifwD9gW4_TyBjjxz1UEJaPzW7AHmvYlDKDSvssU5aJVRYW5WPPaP1BEg5XKv5ngqsB7Qph8ppeYVLtpLHMUE3NNKYwD7Lk_X1wa0/s0/DSCFlow4483.jpg,,0x0,fuitwashere.gr,
ast_0487,ev_089,blogs,https://blogger.googleusercontent.com/img/b/R29vZ2xl/AVvXsEifDN0a-k7p60aK4pf_QchIVXFESWpGcfIQFbmO3oPc6pYiZobuZzvOxSJTB4V8k5EefsIDxABVozLPQ4ZuAbcgLN5eHr_0HOpTBWbMOb-hfiyLOC2Tlh_zF7SWYr0FwxPYtkOUXt5UezuhjlIcHu7byheCIjiZanqBlU2vYjAeQVOrHbV1U869KkyECZY/s0/DSCFlow4516.jpg,,0x0,fuitwashere.gr,
ast_0488,ev_089,blogs,https://blogger.googleusercontent.com/img/b/R29vZ2xl/AVvXsEhzm9x9DIijPQUCumZUo4GdAZcLlKdpcOZ-54rDt3ifeGjs3e-ivsj6o1vIsjT8f7QzHDUFuyN01PnrzjAsGBith4vnOZWDuFLF7h94DUGwStx3YQNUFApFDva2GKP18mQHEjbvSBzwjzsNqHv0omVPjpX6thq2szvWS4Rh24uWSdLkXCExoWSU-ip2psY/s0/DSCFlow4538.jpg,,0x0,fuitwashere.gr,
ast_0489,ev_089,blogs,https://blogger.googleusercontent.com/img/b/R29vZ2xl/AVvXsEjlxBpF_6ZhZinFIgJQnAIVhXPQCjqs1qwFJsTzI7rEjIim6vYuy2n3BtZin8N1UgSrHcpgGLFxCKYiWwSywhnsg7X351JfrqZNIfv7A7cvMZFhmXW1eJE_nP35lRb4oN1KGxJ0iqP7-2DJeHJuEit-BrxGyG-_B50vMQObHQ6HDQNWNmrgmKHkPZyc4VU/s0/DSCFLOW4559.jpg,,0x0,fuitwashere.gr,
ast_0490,ev_089,blogs,https://blogger.googleusercontent.com/img/b/R29vZ2xl/AVvXsEiKdZ2WWfRg_SI6GkRvyhy9bnCYC8R08CYLziIIboM3I9MMb6qQL2L3dBO3muGfU3aWSN0oa2LBWgDoKbLs_GA3R7JadZW9ORCaryF__lfF9qD9u8rNJGu5ScN02txU4khJmZ9LVkBorQ_Z_GQSTUVh2IKDRw_FlkhMtKC4RMFiB4wFaS2PzrVbUf4730o/s0/DSCFLOW4755.jpg,,0x0,fuitwashere.gr,
ast_0491,ev_089,blogs,https://blogger.googleusercontent.com/img/b/R29vZ2xl/AVvXsEiNj3_7Kj8rpUeLY7hh52Fm56MJ65GRRFVsYYDRcxIRDkuZwnoRMSwm67rTZpgvXgHomAUIBGbIzwQ3zqiQx4FDtZopfnyilOt7hk-v6ZuhyMM7ibpk8xLCwb4faLmnO0o2S1bnLmyOT_HSNqJiAHmEBoOYUzi_D04QSMJEsavHHvRDABCPiYWHGOcjDpI/s0/DSCFLOW4975.jpg,,0x0,fuitwashere.gr,
ast_0492,ev_089,blogs,https://blogger.googleusercontent.com/img/b/R29vZ2xl/AVvXsEiMG5F8CQVvD0QW-6cEAGSlvat9wxn5moxfaqd2efUbJ-uA6oeLu5dFctpxrdzvC7MwfUGwhvZn7RgdVI72NPeGJg1Ixv5iei0Ofqvblu5aTnJZu5iE6_k7dFX21iCoy057nQ44mjvDtiXcilX53X6J2w6Ls7BGxWOEvms3txmOH5YNS7ioQqzSdV5yOhk/s0/DSCFlow5095.jpg,,0x0,fuitwashere.gr,
ast_0493,ev_089,blogs,https://blogger.googleusercontent.com/img/b/R29vZ2xl/AVvXsEgurjNmUubpukIrZzDeBGJv5-rMHz9eFpyo0A3p8YAwzT4_bDkaZUOX7ryERM1YpiYSC7fE8H4nsMedLKNZJOVQ010D05P28hvAYpniTzuQtO4mFkapJLU1dRdPd7sJaeToMcMzNl-c0Tz0fi7HHPz7PkbyGxgp0-pC5C7oJTSByEBcEUvk2TA1D0R_hes/s0/DSCFlow14265.jpg,,0x0,fuitwashere.gr,
ast_0494,ev_089,blogs,https://blogger.googleusercontent.com/img/b/R29vZ2xl/AVvXsEhU0ZbGZDAKdiJyv0DLEQsLgEn0uMF3jMTfnra87kL1Itz2vOkV6aJB1AnwD4m0-q5rclpv0peWjG5zrZB_XuXuK4Ln2_eGbfbSLjkC7e01Db8DXXZwfAM34Hj2OhyphenhyphenA1_-uPBhWF63FLFUgNwn2uGQ71ELS3zgsMf6VCfS1SGulLqM8erMsYFk4NRf2UxQ/s0/DSCFlow14407.jpg,,0x0,fuitwashere.gr,
ast_0495,ev_089,blogs,https://blogger.googleusercontent.com/img/b/R29vZ2xl/AVvXsEg9_jjZP6uF_XSPXJvxUNFWDiD0ljMLF9We4162fBWzhUkKy0Gl0upBzcfI5ZoITZMgQbuOTwipKtaRkhHlFSyQzgfHaRcytdV7ZkPzG7ZBMYEimeaZ9IWOlaHzO72l2YPj1SgMynhJ7byU_W76lKu18NnuEkn-H6uEwR-kWQ1kPLeFbzGcg9Uncuu3Fns/s0/PXL_20240707_131209968.jpg,/Users/graogro/Dropbox/vlax-archive/raw/blogs/media/2024-05-17_5th_Radical_Party___ATHENS_Kou_0.jpg,0x0,fuitwashere.gr,c8862676d67e18483bd7396c2e7c6eaecf1401b04795af9d3fb482cd5843e6cd
ast_0496,ev_089,blogs,https://blogger.googleusercontent.com/img/b/R29vZ2xl/AVvXsEhXqv8rCN_RgeYsUfaTHjtdpLVDwTD5Vf8qO5dDLbHKzlAokAICR3iDDCohYdcwZcAct4DLmkWfyeh-wr0jpcacSw7XIxfn5BrXowimKbr34m6So_EM2IOIoPjtRFShHdueX6PSBgAkf9YPl_7tzndpY3qQ2HxQadneZvVIbC3p_-d9K0ojr_HcLvoF7eM/s0/PXL_20240707_123853200.jpg,/Users/graogro/Dropbox/vlax-archive/raw/blogs/media/2024-05-17_5th_Radical_Party___ATHENS_Kou_1.jpg,0x0,fuitwashere.gr,b628db5e45109a6f224acd20c81100cf232f4a8d29d91bd7a6e1fce55e09ae9a
ast_0497,ev_089,blogs,https://blogger.googleusercontent.com/img/b/R29vZ2xl/AVvXsEjTkaTQbalV6N4zdPwYgkLykxFVu5H0PcZqiNP0ER1oR4Tb2PT4RPvnALm5Vay70KtRUq7uAZ-JQ9YGoJ9W4PQdxZgDqDHtLbvESFiB_Hqag727CK82OYz-12TwlHSOCfCHFjkM5P6tRndVcu7_20XscuU8-nqbaellroruCoYGPQMrs5JBR-9WNafcYbw/s0/PXL_20240707_184219380.PORTRAIT~2.jpg,/Users/graogro/Dropbox/vlax-archive/raw/blogs/media/2024-05-17_5th_Radical_Party___ATHENS_Kou_2.jpg,0x0,fuitwashere.gr,c8ecc8820ad38e074becb35d7aaac7547c1f51ac0cef0fb0e1ae1ea938033bd6
ast_0498,ev_089,blogs,https://blogger.googleusercontent.com/img/b/R29vZ2xl/AVvXsEgsYc7xV5k5RttWvpcMHnHFNgtqFz2JDf1pQ98kB-X2UBBUEaFgvovRcSNy_DhLeGn9VW-GwtM7yuHwPWFkz88cQQSJgl1bAuLjzNtXoy3u7Tiok3gyyO2Jz_0UAeoVD2DZXH2nFa1tiFn63UvBZ57JveEGqL0z04HgxoP0ptinAHFg_xsVBckqAXFmv0M/s0/PXL_20240707_184502610.PORTRAIT.ORIGINAL.jpg,/Users/graogro/Dropbox/vlax-archive/raw/blogs/media/2024-05-17_5th_Radical_Party___ATHENS_Kou_3.jpg,0x0,fuitwashere.gr,3d55824a9ac9afdd63f102ef10b50dd60c2c0f6814ef68c83d750a7ed2d0bc90
ast_0499,ev_089,blogs,https://blogger.googleusercontent.com/img/b/R29vZ2xl/AVvXsEiLRp-cyRGLgZPL-TfW_LBjz2FKHZmqVnbr6l_O2PWqM7tF5jLGdgOwqELsH6zL65IK_bkBXXcXSH7QHVaYQshxtwdNw_VXPYWfAPGLczpm43dKPLP7ZQ-Rq0dbR15wfIdRSryxw73YXrwo6LCDyWHrUA-LEkI_dBBdZJD0wPgyh_yPjFhnC89ddr8qBjQ/s0/PXL_20240707_182815347.jpg,/Users/graogro/Dropbox/vlax-archive/raw/blogs/media/2024-05-17_5th_Radical_Party___ATHENS_Kou_4.jpg,0x0,fuitwashere.gr,bff19988c6ad88e98b40b3793a3b129cc25b2b7fdef095e7a54bc638e05de820
ast_0500,ev_089,blogs,https://blogger.googleusercontent.com/img/b/R29vZ2xl/AVvXsEj08cdIKpGfq8U-oIjivZz6TtwAaPPilLmZz80rI1283knbGr6yEGIJrdTWOt6d3pC2J1qNbPsl75dvASnlhl6_6mZzY-gAKPg1p8WyCW8gU-Ww1rpD9XgqRvfERrbFSt3fv1MEDuEVC3ZPFuhxvEcYJH3X5aGpfxwZ44OJEdeY8namWRh_O59MQBsvsDM/s0/PXL_20240707_153708006.PORTRAIT.jpg,/Users/graogro/Dropbox/vlax-archive/raw/blogs/media/2024-05-17_5th_Radical_Party___ATHENS_Kou_5.jpg,0x0,fuitwashere.gr,ed0a627c7cfa74adb855a17c861912a08d33f5f50ae0e78a3b37654afff5355a
ast_0501,ev_089,blogs,https://blogger.googleusercontent.com/img/b/R29vZ2xl/AVvXsEiyqdjKdqdc6NgluF00_bBfNvQDC1mi1wPpL62WJ3ZVFODzRB0ACzU58BPhQnnDak2UCrhLfMenK34bn6Lu_HKnNzrbedJKcZ88sPUudwEFqUPvojoFi3hqSFN5uugrvi26QMw6FtDgjb8GNNotwZfENNsZqMk9Sc-6U2O3-_jeqqcIBQEAZAjPh_RGCmc/s0/PXL_20240707_131336399.PORTRAIT.jpg,/Users/graogro/Dropbox/vlax-archive/raw/blogs/media/2024-05-17_5th_Radical_Party___ATHENS_Kou_6.jpg,0x0,fuitwashere.gr,4bcb7844d4d3692bbb3b384cba67454ec895a2cdf7626dc00828cc8fc28781f6
ast_0502,ev_089,blogs,https://blogger.googleusercontent.com/img/b/R29vZ2xl/AVvXsEgHVeBDCfauSfqsYdh0HPXpOqwr2aAiGEFnllZ4d0V5UvP16GUV5RBgHHfjvoryNhsRnix1hThiTZPc_3VvG7wP7pDXusfxTy11wdaKCfa4WLA52Wkc76ysqd20X5PkXzoxd3HYyPgzEEwFguyFdB-Bup1xqk1tg5X00SUB4l-FN-1LiwxeWuaaZ0vQ8Sk/s0/PXL_20240707_184238806.PORTRAIT.jpg,/Users/graogro/Dropbox/vlax-archive/raw/blogs/media/2024-05-17_5th_Radical_Party___ATHENS_Kou_7.jpg,0x0,fuitwashere.gr,8c22040b7d208fde7d4e26958c83ace8bd225f3c50e8d3303fff3b9d25e7b9d7
ast_0503,ev_090,blogs,https://blogger.googleusercontent.com/img/b/R29vZ2xl/AVvXsEgYo834e-BOxWkrkBie6RVEmwXqgjnh-3EAqq5_Lw2cpppgpfFm9HnlBM9cDmGvdOYYcoP6-jEDlMFH-RR153gD6l5wZzZDLWVzYCwTxQ2ZFlOp7bZkM71z7ZNoLd12fYbqvUG2KYaiJc8XSYxJa0CD6qSvMWt8-Kw9pFRTSiEeT3L1aEDIVWwqvEaiLss/s0/FUIT_ATHENS_4%20(1).jpg,/Users/graogro/Dropbox/vlax-archive/raw/blogs/media/2024-05-16_Athens_07_07___Ράντικαλ_Πάρτι__0.jpg,0x0,fuitwashere.gr,291287d038cdce73c18e6e51b76e6c26d9e1b00a1e8be641aa7fed21b11b311c
ast_0504,ev_090,blogs,https://blogger.googleusercontent.com/img/b/R29vZ2xl/AVvXsEhxUTJU8n9jI6Ef5LzFSG0pA_XfsG4i42vJsKxjDUDZzLd32Yehl8JKuvYr7ju_HAF4qwtfj2gcsW8ZhvQ2eYAeKE6mrCImy_OwkVCjL75K6qFGBAq2L9EDzUSqn9Y_aEcE4zVppsD99aNWxIT455FiAZuFhi7YWMj_UHJ-l7vGc9aZufajZT1PZh5wPWw/s0/FUIT_ATHENS_2%20(1).jpg,/Users/graogro/Dropbox/vlax-archive/raw/blogs/media/2024-05-16_Athens_07_07___Ράντικαλ_Πάρτι__1.jpg,0x0,fuitwashere.gr,7354ac8746b626dac5b1e8762ca3ce4470562d5eb583dbe9c41dd90e576407cd
ast_0505,ev_091,blogs,https://blogger.googleusercontent.com/img/b/R29vZ2xl/AVvXsEi3LmB6D964PpJJ2iLLdAgdJ7BAMojIWJKogdD08RNBPgGNBPcOqKZPbsUGdNgbDytx6VwRLEIjIsyZebppPHMRKAncT9xE-VfxM4UbJLzJW_yipsUrRs2d2TFSVB8Q0LA5pEJGD4gh-aMq6K0x945AiUyBBUPkeMQa7bNAWvcJJm3KIPGy-z8TnfRp6lk/s0/minimal-12-oz-enamel-mug-mockup-featuring-a-plain-background-187-el.png,/Users/graogro/Dropbox/vlax-archive/raw/blogs/media/2024-05-15_Enamel_Camping_Mug___NEW___100_0.png,0x0,fuitwashere.gr,09618d9409d5ef4d7b63a386436031a4894c5d53a7cc6935c04f8411c3b01bb7
ast_0506,ev_091,blogs,https://blogger.googleusercontent.com/img/b/R29vZ2xl/AVvXsEgZ_U5fzI65vsNog3wBvdWhgFSkp-qPXT0_O5mAVBzU6TApHbyWESCl4-GtPfkYLjfXzn5Lcsr3OPp9a5vTgV_g_wLBaErdj-qJa8VjIFo6Jz4b6EvxND2LtKLpBL2SHfbG9UDjk5AS4F0FyAEhrZuQsYJOgZpK25j-nEDi5eFKmUuRpu5zirDYERLtrSc/s0/mockup-of-two-12-oz-enamel-mugs-m8305-r-el2.png,/Users/graogro/Dropbox/vlax-archive/raw/blogs/media/2024-05-15_Enamel_Camping_Mug___NEW___100_1.png,0x0,fuitwashere.gr,b21ef436e22cd407e90a5d497b8e7adf83ab0fa95fe4e7a7393be4413a3dbbe2
ast_0507,ev_092,blogs,https://blogger.googleusercontent.com/img/b/R29vZ2xl/AVvXsEjfmr-_A23uXD4YfjnBemePSYdEo2br3LGUgNEDTAuPs7Mmd85u3UB3gQVF1Y6Z1KG5yX9xp-w7p3hfF9xGTI8b566Kk28gSF-Mb7Y1wJhNRCSq_McI_E2rHZgvv0n1QdYZ06Eyqr0HIwZweGdbeBEAGDXl3-fdBJLShhS1a-fUVr392bHRe1E0GSnFAiU/s0/PXL_20240119_154142420.PORTRAIT.jpg,/Users/graogro/Dropbox/vlax-archive/raw/blogs/media/2024-01-25_4th_Radical_Party___Vasilitsa__0.jpg,0x0,fuitwashere.gr,1faa0d54110d6dbe385ec2b2affdca664432b7c433921d3011fdb087a106a8ac
ast_0508,ev_092,blogs,https://blogger.googleusercontent.com/img/b/R29vZ2xl/AVvXsEiqnqAMo8-bRqBd9APk8y4H0uP-e3vhFzFqvpk2o-8cMp5QZzsnhIoUGikchOr6iFSAkQz-GCS06ofi05P8NYT9DvcyBj0K4fkLsWsPP_LtrSxAY5rkM0XWgxNGAUSyAsY9XZdNWaJ07Q7DpCDxIeYLpxA7FhNRQUPMrBxieTVUkG_6lXvaK0m-fGmWcnY/s0/PXL_20240119_172608997.PORTRAIT.jpg,/Users/graogro/Dropbox/vlax-archive/raw/blogs/media/2024-01-25_4th_Radical_Party___Vasilitsa__1.jpg,0x0,fuitwashere.gr,614525b29beb58287e430d2831e7584cbb463e7f397dd2e7c1d4b6798f81642f
ast_0509,ev_092,blogs,https://blogger.googleusercontent.com/img/b/R29vZ2xl/AVvXsEigGDtXR787Rg1jZi56XIM6kRCStl8iR1bKxwXF4Smb92OKQ3cT1LR5ngUrGagR3w8ch1oy7sxN8wrnFl0p-o3UNRps7KlaM5Q8-z3TZl6XmCkwlY6cyfuBgOib5_h57PQlrDFRUxeT74-2IQAGd-bR7RfQGJuWFIHPgxEAn4vWkKuh3KfTJPECObfkMpY/s0/PXL_20240119_172810354.PORTRAIT.jpg,/Users/graogro/Dropbox/vlax-archive/raw/blogs/media/2024-01-25_4th_Radical_Party___Vasilitsa__2.jpg,0x0,fuitwashere.gr,5a5236bb4d06448e295c084623463bb37d0d1feca9ac32ada882f029f0aa0a51
ast_0510,ev_092,blogs,https://blogger.googleusercontent.com/img/b/R29vZ2xl/AVvXsEj0AfpG1ed89R75piL9Atn7Al9U1CFRKCEV6rauU476fSGYnVMyzFFHlYChGcRL17Jss97pJsyCZRMPhWJOOHQLBKr-YQvQTE_TdNamGQeFN5YG7nG0CwrTaqZt0rqGZ5TlFMoG0rrmdzOqZpwtZuEWNJiIKTxNh6mdYL8eKNj3Dw8wyMhYc10Vb6hWOHI/s0/PXL_20240119_191100123.jpg,/Users/graogro/Dropbox/vlax-archive/raw/blogs/media/2024-01-25_4th_Radical_Party___Vasilitsa__3.jpg,0x0,fuitwashere.gr,cc145c84cc612faee2d90d44cf8e90fa78d5ee639eb2afd540380c949c70d4e7
ast_0511,ev_092,blogs,https://blogger.googleusercontent.com/img/b/R29vZ2xl/AVvXsEjuPJPjQ5BcJWBd4HzzvHOHfviy0rOSpk-Sq2hrZ9jtWk3eOK3oei3Slztg3f8kQ3bXNVQ8AnxNfZcF80wEMwUia6nA55G7S-Mt83B6lY7gC-e5xHxqC-ApBlknXIKlRMXju7PKURJtP_MopVvT_H1D06uEICD75OtqyeNPPj3XtfTZ2-VxT8KC9jy2eWQ/s0/PXL_20240119_191917117.PORTRAIT.jpg,/Users/graogro/Dropbox/vlax-archive/raw/blogs/media/2024-01-25_4th_Radical_Party___Vasilitsa__4.jpg,0x0,fuitwashere.gr,52cad021eb5d35b52656840ea2e0ebaccedc5739c7c30ccd06dc0fb0ba478b0e
ast_0512,ev_092,blogs,https://blogger.googleusercontent.com/img/b/R29vZ2xl/AVvXsEjROkTsZZjrdnslOCzoS-GuxjxF_4JdyclQGAmNbQpin697t1LjRS9Nrmo57NyLkQl5wNP8YguI5RTw5sKtJZYKIw5hfkGnZkN40mkw9LwAuSYc8EhGRr333o542l3UqL9AmE5cnjSXB5MymolOSlF_S4Rq-2GwetkCgLotkyT_j02j7KfjUFD21DqigtA/s0/PXL_20240119_192323142.jpg,/Users/graogro/Dropbox/vlax-archive/raw/blogs/media/2024-01-25_4th_Radical_Party___Vasilitsa__5.jpg,0x0,fuitwashere.gr,3a6135fe949784225ca73c3513f0d0a3c65e5f94ebb52e55425165c6e6b5b92a
ast_0513,ev_092,blogs,https://blogger.googleusercontent.com/img/b/R29vZ2xl/AVvXsEgWPUE0CusRESGOXVEMUL4AmlOCwVEsDX1kGuO_tj73oLTjqeh6_9hCh_kyJX5iBe5GW8qQs3QsdLv9cidkdNeuZtSa9mFMN5TLnqJZYMjIucMFLHf5zRoIODetrDPNJugM5JcytcbQAaoiqRRhHqyboYU9OXYU5N_mWBF_n8m4XNQVvdKVYvn7geSXq08/s0/PXL_20240119_194919728~2.jpg,/Users/graogro/Dropbox/vlax-archive/raw/blogs/media/2024-01-25_4th_Radical_Party___Vasilitsa__6.jpg,0x0,fuitwashere.gr,aa77afd67fd9e5656bc58de9c8723811148a2d7b3fc46cae7b8bbcfe5404e805
ast_0514,ev_092,blogs,https://blogger.googleusercontent.com/img/b/R29vZ2xl/AVvXsEibj8Zsoa7n7pyTVUzdmGtv11AJmUwnWeyWuZl7hkAx5PrtUX1OxBvW8TASH60V38_wMMCuJ1l1PxqW-H9sqoy4F2P6uUHYsWr33IJoyVf4ny2xruzy9CvuzkfX7tom6a4LuNeACuxpvREz5bev73BprKynF5-n4BirGbPzNdiU3jfIOlFjSxvkGwSh-yE/s0/PXL_20240119_210835979.jpg,/Users/graogro/Dropbox/vlax-archive/raw/blogs/media/2024-01-25_4th_Radical_Party___Vasilitsa__7.jpg,0x0,fuitwashere.gr,628d1d24a877d899de34c12126818d5be5b7a92495cbeafb18c89f3e4ba406e1
ast_0515,ev_092,blogs,https://blogger.googleusercontent.com/img/b/R29vZ2xl/AVvXsEiUj40joQGCTTWMx4UeQvAX4baPzMKXNatUDPa-FnGgyRXR6CGjNOVRLFStU2HB-i0by7VlE9PlRoQN4CyE83lx72yEdj8o5FJL049UZobOeD5E2yihq9uVu95XLLlKmsPOGbjH2OaMdlFHH5PAsZko5UBGzL_yyUOxBzLql3aUS9TmtQvSo7fZ6t9u6AI/s0/PXL_20240119_210845236.jpg,/Users/graogro/Dropbox/vlax-archive/raw/blogs/media/2024-01-25_4th_Radical_Party___Vasilitsa__8.jpg,0x0,fuitwashere.gr,d2f3b438709068ae9f7061c43eeda75356d6687f0c7806d98345ed3439b7c67d
ast_0516,ev_092,blogs,https://blogger.googleusercontent.com/img/b/R29vZ2xl/AVvXsEgDXhwfBI5Ea7SuVv7xbB1e0eCl3wdNO2hL87Fv48OuD4Q4N3Umu77Y2Sx-kJwGudfzKsCfabtqRxI92SQmTabdnU6LxwE9bDQ2Il5ZpW4uW2N7PJuJUNwdkLAkaFpj87eRRUFG1-qrPVKAguA13nv0GDkLni_P3q5Pk8DBamOd0lINwQ71o35Z92dNYK4/s0/PXL_20240119_213013168.jpg,/Users/graogro/Dropbox/vlax-archive/raw/blogs/media/2024-01-25_4th_Radical_Party___Vasilitsa__9.jpg,0x0,fuitwashere.gr,9bd9462ebc671ee6c26d77a20fcc82ee16646cb9a2e9017ce9bbfc7291161253
ast_0517,ev_092,blogs,https://blogger.googleusercontent.com/img/b/R29vZ2xl/AVvXsEgTOLa_8uuT3G322OvDJe3OIBcBPSWT1jMKZwtRlzbq7AO1T_iBqnERXM7HDFVDv5B1p38Lm69y_g5xXv3_bt9OwfAw_-36Qc7Yr1cgvXboUl8xmkVElgsy9-CDihjZcBE61sFqpPUuOntt44feyMUcboj9MUlqeLAlxt4_0y2d7sw3J8WCWjjDLdkB6tY/s0/PXL_20240120_001932953.jpg,/Users/graogro/Dropbox/vlax-archive/raw/blogs/media/2024-01-25_4th_Radical_Party___Vasilitsa__10.jpg,0x0,fuitwashere.gr,eaea5980d1b22c0bf6cc8805f75b89896ba95fcd3fce97692bca7586877273b7
ast_0518,ev_092,blogs,https://blogger.googleusercontent.com/img/b/R29vZ2xl/AVvXsEh4M3fX4mEmVaiXxSKbPu5TenI_1SaDDu_TW4HtyaA46IT5VqUGVUhbaBjZY6T6j-MTU5qQgQGpUVKc5O_pD7SoGW4K5-3MAL7bsRbgMvV3iL1tZcurUCUvmYURgFxLzfZXtgZv6MhG1UOIuypJiLguAaGE4YPEDrGjjwBBwqZClZ3Vmg5yxCFExkkwS4E/s0/PXL_20240120_165935324.jpg,/Users/graogro/Dropbox/vlax-archive/raw/blogs/media/2024-01-25_4th_Radical_Party___Vasilitsa__11.jpg,0x0,fuitwashere.gr,04638698db42f1e2be9985ef10e4ffc3e3213dad9a05498bba3b578413780d94
ast_0519,ev_092,blogs,https://blogger.googleusercontent.com/img/b/R29vZ2xl/AVvXsEiFpO4c98eQKvNsGiW_exTb1Ll89PY9td3qQ32-Lo3dNWtaZj0W49sjrPuMgg6djrCi6WduKTxnrr-GaAItt_JK24gGQxkKOablJRG-PZ2U_fFTWSKgr8st8lsurmCx_dcMfQOAcsldIudpkmXIx-QMb5GED4t6O-CpK1B6sKQT1brBvXD0AAyWAfzqnFM/s0/PXL_20240120_172513202.PORTRAIT.ORIGINAL.jpg,/Users/graogro/Dropbox/vlax-archive/raw/blogs/media/2024-01-25_4th_Radical_Party___Vasilitsa__12.jpg,0x0,fuitwashere.gr,9e5a2b3c1ea6bdb8f148e1fa6121bab768b9c9d02b7909ab63582fddcb2eaa9e
ast_0520,ev_092,blogs,https://blogger.googleusercontent.com/img/b/R29vZ2xl/AVvXsEiESILf-dbgVu-HY90ig5bjz6ImSjAVq4hRsMNqUToAUSKazYj36lY6m8vrOPeRdZEA64nGWkTV-pf97TdPX0nhlR7eXznKcVaVIN46YE1-sp4Tk4Z465yH2p8GtB5HPWK4xa_hi3aXEc9vlBzWACsMIR0DHAnBAzwtncIfnnPtKCaI9-nuQeK6N4vPJqE/s0/PXL_20240120_172755639.PORTRAIT.ORIGINAL.jpg,/Users/graogro/Dropbox/vlax-archive/raw/blogs/media/2024-01-25_4th_Radical_Party___Vasilitsa__13.jpg,0x0,fuitwashere.gr,2805eb10087af88a489afa435f41e9f423446862bb5074c0ced8652b7431a52d
ast_0521,ev_092,blogs,https://blogger.googleusercontent.com/img/b/R29vZ2xl/AVvXsEjm0Am26KHJaTrylyoGJTy-l4RwkXV2jlFgzMAnS9NuPKk4N1-QlfZWP_YfrX03XWa7kPk7UliG46nbXUZFDha7dsI0rnb29P7cPLuzUf-81yYtlFHuVM7Cp0788QUv8IW3bVaDSH5vyuSi5nhQdlCbKwUS0IKRVwuUF7RVYNqC2PopLyteMMVfThQU27w/s0/PXL_20240120_173629141.jpg,/Users/graogro/Dropbox/vlax-archive/raw/blogs/media/2024-01-25_4th_Radical_Party___Vasilitsa__14.jpg,0x0,fuitwashere.gr,00da3797d9efc1efe948329b74e40f48f928d4cdf4caecde5f4ef6c62645bff3
ast_0522,ev_092,blogs,https://blogger.googleusercontent.com/img/b/R29vZ2xl/AVvXsEivn1DwMpCYCpkKeppvjyhqVgX_pXkBj0iCxPZWUiKvThu3P0y7vVikhrJpd_LEW-X5wcSpBdWUsgdL2HBakwfcEUcfcyOzIIGBzfM9fUzOCDbxgy3mGr7UNtuxPOEX95lTa3FyXLbdy56gkrVjgkakUV2tWIHAPgp40hyphenhyphenircjioKuYtQt_k6a_QQJkFs0/s0/PXL_20240120_180507965.jpg,/Users/graogro/Dropbox/vlax-archive/raw/blogs/media/2024-01-25_4th_Radical_Party___Vasilitsa__15.jpg,0x0,fuitwashere.gr,28432ca4ac69f986dd04fee487f1c0eeb7c6d9843469a6492dbdb9b240dd7de0
ast_0523,ev_092,blogs,https://blogger.googleusercontent.com/img/b/R29vZ2xl/AVvXsEhcGSkdu7WwUatbqmWbksiUq0wm1AuPLzkGR7YNh_CZXipDwowoSphi1IAk5bTr5Kw_pO3J2Yqf26Vk5O-opqSahsPZ5ITzU0ttt3iTHswFNKtMP9EzwsbuGDZ8UCR-uY6k_NGEviixSg35KN9kAyLg9WEeSQbz2JacGyMvAUn6vStlBp-3Nq4BkSsW7EE/s0/PXL_20240120_190104206~2.jpg,/Users/graogro/Dropbox/vlax-archive/raw/blogs/media/2024-01-25_4th_Radical_Party___Vasilitsa__16.jpg,0x0,fuitwashere.gr,b6d85626d00439e5faa6fc703e90c0c4297683e46b264ed7c92cc573840d5a7e
ast_0524,ev_092,blogs,https://blogger.googleusercontent.com/img/b/R29vZ2xl/AVvXsEjMkR52DLJiWBFVKIi2knvHcWsSZfYWZ7eTWIADnS0NKEdt-e7LheYmRtdeYM8WKX7TXN_fpUKuxalh-1w4fDb4Uv38IT0m4X_Ywr8anrw2FDpxrtGQeEFjRL9lRMp7sM0J_bVRE3eVG8lZhJaTEyBb0eEZhyphenhyphenRy598XXsndUrUe3G7pEpgpXzvB7CP8NtY/s0/PXL_20240120_235926282.PORTRAIT.ORIGINAL.jpg,/Users/graogro/Dropbox/vlax-archive/raw/blogs/media/2024-01-25_4th_Radical_Party___Vasilitsa__17.jpg,0x0,fuitwashere.gr,805f609debc0b36481c25ddc6fdc0894c61db8634c105f8dc36c9b2c63352edc
ast_0525,ev_093,blogs,https://blogger.googleusercontent.com/img/b/R29vZ2xl/AVvXsEhq5wFBIwCfp7wXki83SNpLCb39BjSiO8uMSqQ93xqobqbzn7tUdDF0xHkMaN0CJnC8hRz8F2gpqwI5c_KiERHzk-YhtI-X7JjGtNyj_mgprDdvsmqGYrKBBOB_mMANqabtYV65zaUJC1hQ9bCVB69LbjmCzRvv318V7L3HiQhUOXJNd87dwruf7UtpyF4/s0/IMG_0490~2.jpg,,0x0,fuitwashere.gr,
ast_0526,ev_093,blogs,https://blogger.googleusercontent.com/img/b/R29vZ2xl/AVvXsEj0OM-r0WLHpAM2yNxhg_Rwxlbz4rU44jGPqk_1vvVKvCa4sfr_myJ_NyXVX6Gw8TVdxoHCi0NniPQip8r9_BQIv8U-M39wPFjoNvAxfeKtA9crtOdc8274NAVr1SurQDpI7z3sHbzL-JgsgWdXO_OvpgpKAK3r9a6otjlu-yBS-3klIiq9awJzGgRq3Yc/s0/IMG_0476.jpg,,0x0,fuitwashere.gr,
ast_0527,ev_093,blogs,https://blogger.googleusercontent.com/img/b/R29vZ2xl/AVvXsEjsPrG3M3UhbP64zlvTfLmMQR272GM3kdGB9FEVMHWvMc9uGZdc_fXbmmDqau6ORyiN1maJhqThDU79G1FuNu_vJxINIaJgxeWvOApcNso3zghLfCvBf8gggdA6Gj7PMHGwCybA0p12hsSyDav1TMm9egm3OSpb2qVFRNIKOrivEk2YxA0HlnIqVL2f0bM/s0/IMG_0481~2.jpg,,0x0,fuitwashere.gr,
ast_0528,ev_093,blogs,https://blogger.googleusercontent.com/img/b/R29vZ2xl/AVvXsEiff2NQ9D9CG8NdE6Dd91YNYTw9MoCLFAljF7sxQ-mPnBbbPu8TsmmPVjyZrdkY0gJVSgRjWgFBrXnuP1cJth_nRdG-1l89DxkvYX4Dj1s2ZndZVcE4kOPMJzg2sxYBUuN99gHAMDZcvJDpVsgm9GXCPO8wibY31ieDX-9qyc7yoMCdIES4HczHAD90Ado/s0/IMG_0488.jpg,,0x0,fuitwashere.gr,
ast_0529,ev_093,blogs,https://blogger.googleusercontent.com/img/b/R29vZ2xl/AVvXsEjr-iegfyuL_Lh12JFzWc-eH1rjeiJdl2MLfJM2e_Tzwu6NI53HOjATkGBqdOuT53bpgfnZ48Cb82M9bXuVtzyrLa2d5iv140qsJKdgcVfgZc6H9MUjoJqH8QOsgNd9xmjqaUVNidVHKb6n0HKNzzEV2YRNoARRlW1Jm_Hg68GvhWTEeHC3hI2CRPLA4ck/s0/IMG_0445.jpg,,0x0,fuitwashere.gr,
ast_0530,ev_093,blogs,https://blogger.googleusercontent.com/img/b/R29vZ2xl/AVvXsEgFC39mO8x5PsFQzP1ZoGji7z_geKlUUDyz-U3RKQJPT6OaMgO369D8f5kk7wVA8etkwVvtvc_gXCazPlRvRITZMs_-b-cqQxWX_-2Whz6TFrRdMBc0dNkdqEgd4FmLyBIF4-QZzQTtX9cNDRexCLYDawgO0qwD2zBAP-J2Ng1JUEcPh8XenKsnGFkm0OA/s0/IMG_0444.jpg,,0x0,fuitwashere.gr,
ast_0531,ev_094,blogs,https://blogger.googleusercontent.com/img/b/R29vZ2xl/AVvXsEjMjCuziwhrFieexnC_UUvNzQuO0EAJfJiP_NsHC0mePzgQSMmbqY0JzjpDgRT9cGLgLO5NHoXmj_VeUBcjDRF_eLyf8FBjydH2pczdf_gNrQuHWng1kIqsEpFxzmesLhxNCp5K2aGlbaxtMnXYmdK47m6Uy518esUi1Jhznts26SI3oH78XCBefAwJM5Y/s0/IMG_0458.jpg,,0x0,fuitwashere.gr,
ast_0532,ev_094,blogs,https://blogger.googleusercontent.com/img/b/R29vZ2xl/AVvXsEiYbf6KSpNc62KessszpYe5gHyM70lwKkyAg_7GrqT7FB7JaWP-wUUX7P2uhFN0GELd-YtA0Z8cjv3zqipTFdWGL-MyXAX9MpyupqtCpgY8heWcOQSaWhC8LD-pSRPmcvQDyIBuUtszzoFA1HBsUmX_Z22JtS_0HnTkaVezhau3qZ97C-kGIhpH-QEuu1M/s0/IMG_0450~2.jpg,,0x0,fuitwashere.gr,
ast_0533,ev_094,blogs,https://blogger.googleusercontent.com/img/b/R29vZ2xl/AVvXsEhpPRqS6QQIyfrK3sVVn_qXhdo_mefc6ORwoNSFSREUKRbd6Ksn781w42BTXPGMWCVA_nDmMP23OIkkZa9LCbFVHx8PRrTq7Am30f9zg3Qo-sLbkdc4MqEMxYWWBjQmd5G_6B4TpEJ0SzeN5mGsudnYa2F7DYNg9HGNk7gCC6aHmjWOADU3l7UrOAPb3Bo/s0/IMG_0414.jpg,,0x0,fuitwashere.gr,
ast_0534,ev_094,blogs,https://blogger.googleusercontent.com/img/b/R29vZ2xl/AVvXsEj5jptZTqzM_cWMIAXhHB0WmCCNrgu-YqGMZ2HoI_SI8gQKlEd8DhInrFQYz1yS4QYS20AXOp5nfQsXwHncZMzHpGEGezEtJMFJnV7uj-CTIbxqkmJELNKp2-kBSRj3r75p_OWEnYH_IJLM8bG6kmbPNKFIyf3QtQVlLMI2g_BoY4ptuZv4LL6CUXC8Zpg/s0/IMG_0417.jpg,,0x0,fuitwashere.gr,
ast_0535,ev_094,blogs,https://blogger.googleusercontent.com/img/b/R29vZ2xl/AVvXsEipNxCjWH-HPiwwZXHqmKnFJAgQOBfPX-3aQWHAL5ABsLEwjH_OqxSGH54izeQX0usd81DHQtdkr22ltf60PyF1pzUZjq9X7Lwl3fPwFJFPpHbJJgpxtu-G3W13iGJvMxIOYiuqYdeWLFgdyhCbHPYGMCZnHAEX_KhgmFln6KOP-ieWf2Lvz5I6sK6onbI/s0/IMG_0419.jpg,,0x0,fuitwashere.gr,
ast_0536,ev_094,blogs,https://blogger.googleusercontent.com/img/b/R29vZ2xl/AVvXsEjDGxg40zalxWhPezUVJD8hIiSzIIyge4-6CV7rYxGozKo1joLZp1QSyn-KysLcu6KnGcSqnlmemlQgQ67pYSKfXqH26xnCaP_e9DK9VXHQT9_aRTi_yIx3UfQbqUFzvlwbemOVgBjTlI51WBM7LBWAy9L12BA75diOgUwQeNpJCJPcNaiY4KBrr3NJWbw/s0/IMG_0424.jpg,,0x0,fuitwashere.gr,
ast_0537,ev_094,blogs,https://blogger.googleusercontent.com/img/b/R29vZ2xl/AVvXsEiYg3sa5y_dN-N2Wo1lBOT8QTFfU3JRFMAFkLbguVol_VvD5xO8t1cGKHoyfT1G6Xt-lcP3P4H9q_nZ29-nWI8JnZgmpa2-M-9X0HoL1oXwzgbkGLjkA9FRQnuBNtjifEojmQCjDddNKwQoFIJvF-cN7OBERIY4LJmQEU_V9Voc_YTXKTVELC-PXTEw5cs/s0/IMG_0426.jpg,,0x0,fuitwashere.gr,
ast_0538,ev_094,blogs,https://blogger.googleusercontent.com/img/b/R29vZ2xl/AVvXsEimQYX8Xjrn8TvfaAwdOP4Hzltp1YA-sgsWvHfl_gBx75g_SaENhXoVRmATtvdq3XG8jAuRunFNm6mgQVfa3fen6-7fmCL7H9dTSi_tPb-N5FgHbQIC38iVma-4tQauC_DVJ4uMXZZcCHOQ5OyaclwetcSLEJjOxU4PjyGX77kiRU1nj8ssyPRRExIam2g/s0/IMG_0427.jpg,,0x0,fuitwashere.gr,
ast_0539,ev_094,blogs,https://blogger.googleusercontent.com/img/b/R29vZ2xl/AVvXsEinMQoDVdghyD6owWevlRm12fGvY4AU-QdVpOzKGzn436aZ2qeRvY52ExbG5JhVCOioVGN8INaAH4Ch-xkqzt28ljXGf0eq9k1lz7XjlZMT57g5S7YMkuYtyeKuYqwdDf4Z3-QL0u3xgOsQW9JwDx-3RoN7g1ZqM8Og_TZoIE4GFzjz0uDHSOrfExd9fUE/s0/IMG_0465.jpg,,0x0,fuitwashere.gr,
ast_0540,ev_095,blogs,https://blogger.googleusercontent.com/img/b/R29vZ2xl/AVvXsEgvgvt0xuDBmXZLAX_pOJc5MUFDRUledRy4y3mKffPVJ085CKmwBBxe70God7H8adoIOOUKqLwAq_RCD2opVB953Wdkz3cUfDsXw3WTXq2AwDs4Xa0OiwxRjp9dPM2AlbwfOh1PCZ9uyuIL7KDzNtUpI-3cxjAOcdTWEAepJfLeens68Eo2GZxpd-sCT6Y/s0/IMG_0441~2.jpg,,0x0,fuitwashere.gr,
ast_0541,ev_095,blogs,https://blogger.googleusercontent.com/img/b/R29vZ2xl/AVvXsEj0sFVHzxeoVjftlnTnZ9BDdnSKC0MLTrLJpNV7g1k-88CybGhK05vU9CXsW2HHqTYZe0g24bg-NFgAOn5GFlrUHVgFEOafrzIY3wAxZoKTTP7f5fCajvLWDCdk_IEx9ONlA0ybdSJfSPkzveSyJRLgHZN54tWSqhY8N9GGXgQ7Yk_RjE8phmyOTLWyQ-c/s0/IMG_0429.jpg,,0x0,fuitwashere.gr,
ast_0542,ev_095,blogs,https://blogger.googleusercontent.com/img/b/R29vZ2xl/AVvXsEjEMfOITkrXCcojC_Qqx1vQSkAf4U20dvgr_qO5iM34umA8tEo3cYvfj_2z5b2CxzmRmQ_9fgnBV3sYJRgBMuO-aMtQ1Krz_P-_gM_475o-YSiBCgWHsjhUk6dpOZ0-IhAtZmUqP6MvfYRQcKtkhmcb5xjIPsIDlVAQhJmnlYf2RYt1dL-4AAtq8l4yA0o/s0/IMG_0430.jpg,,0x0,fuitwashere.gr,
ast_0543,ev_095,blogs,https://blogger.googleusercontent.com/img/b/R29vZ2xl/AVvXsEheqXCUu9qJ81P7DFglGhelgMsfjMfB0NT3QyTf0H_78k37lviH-2f9R263OHNtp1eTYxjdTYAZe8QqQxVCCBS8LDV3lf1nfxBhcUG2B03B630AoOAzI1cDVvic3SnjPAwZgU_ojVqEeF1PGe02jnkPZXg6DqS8LcRNbSv7D16YptbAJgzBlAGrCQz-PGY/s0/IMG_0433.jpg,,0x0,fuitwashere.gr,
ast_0544,ev_095,blogs,https://blogger.googleusercontent.com/img/b/R29vZ2xl/AVvXsEgK4RFfX-mQIIgehP8bpTJbTBVMeGC5X-k1esF5iTe03jhcjRi-1saOfz097tMAvdeYYV27RuSKDsaf02paeKWCNmTz3fpXoZvF20L5-QTJfK7opqRp17sL7-i-g-VXQSEUAOrNrHW1oAAPJy0i71OCxVTLCS12yjk3MrOCRmsVuPiyLNdifwdSd-zLKSU/s0/IMG_0434.jpg,,0x0,fuitwashere.gr,
ast_0545,ev_095,blogs,https://blogger.googleusercontent.com/img/b/R29vZ2xl/AVvXsEjSPmBg7AVMtCiBI1KbhZivzJ77KJOGaQQN9-EtrPwmA8UOROGF71_qBzPPNwq0kyoKaVfnOu7NdXbxsd_clDcwkhU_4LN8cJs7QOQGyIJg21T-Hq2GyVHfEpSpD8T3dBWP10rM2KdcmA8JRirmd4Zu78D3W46QnuWS6GY7X39fhignbWoUeLdNeJEsRwU/s0/IMG_0437.jpg,,0x0,fuitwashere.gr,
ast_0546,ev_095,blogs,https://blogger.googleusercontent.com/img/b/R29vZ2xl/AVvXsEhh3de8unOnE40ZqvlojOoX66Y2fmIgAadwRH0SvOoZEKm0P0j6EtEVklZke8IUmKS9M4L-kP5fU3UW5c4WyBTV1pAqGiiNZB_ZbRWAZ11ROtbuvgeSo6PmqFC9WZuCFsPhqH7qRzT3SmLJ7fWP_U89Xz6S4kcb3si56gt31vs0qMgp4xt1J5-WImyZMDI/s0/IMG_0438_1.jpg,,0x0,fuitwashere.gr,
ast_0547,ev_095,blogs,https://blogger.googleusercontent.com/img/b/R29vZ2xl/AVvXsEgIeCpwyPEeA2XsFw5fXM7Fe_y9oZoRmJSbCXOKnR1wNrR-VNwugXXLzzUjgJIPWQcTxLX6y50O9-VKLYiDgRAtd-GmqBjKPa3a0YI_ffLYBhZercuiKqtb9RnulRJwiZejRQ3BONSb_XHDgg3HqKj9ec_fVvc0u0eDrsKkXV3hKVhpNseLL28JPiPH2tM/s0/IMG_0441.jpg,,0x0,fuitwashere.gr,
ast_0548,ev_095,blogs,https://blogger.googleusercontent.com/img/b/R29vZ2xl/AVvXsEiUgmg7o1_hJYRQ3EkkeMCvpLdGK4KwjZZyIBYdwLYoLjG76_fxQqdDrNX1-Ob25zaW_B8SJtRno9dvcCt7Ymgt8361fOAHijoaxNlSZKITFKkHkw0ZliPOVqTMGZdJrah47gkeeR0YCqbuhDv9Ox03vm5z6bT9MPlJaaLKQgwALvusx_s3Z7IrfUsAfo4/s0/VASILITSA.png,/Users/graogro/Dropbox/vlax-archive/raw/blogs/media/2023-11-09_VASILITSA_19_20_01___Ράντικαλ__0.png,0x0,fuitwashere.gr,c647ab5df24fd0950541a45f91054b4186dd21b0a2778e29334561fccf8ce2b3
ast_0549,ev_095,blogs,https://blogger.googleusercontent.com/img/b/R29vZ2xl/AVvXsEjt0cq1aCQ7WHLZyueoTZ7Jm44vGxUS-nOXDTkpi1xkCQ9pvBoI73_AnoOlTWWTTCvlAqp_gblt8UaX2xOQ1jL3wvVJmVD0m0juBN5nuRv5db4iMuHgXlGdkKc4PQhCG-07vmf8eeRE90wpQsXBTKhANKrVlrBegn61P30i6OSbHbBYVdOvkxSmwJiQnGI/s0/FUIT_VASILITSA.jpg,/Users/graogro/Dropbox/vlax-archive/raw/blogs/media/2023-11-09_VASILITSA_19_20_01___Ράντικαλ__1.jpg,0x0,fuitwashere.gr,d6f115646fea2cc4b6a400882127485648bddd6d555c50163a008db8742b943b
ast_0550,ev_096,blogs,https://blogger.googleusercontent.com/img/b/R29vZ2xl/AVvXsEg64rUHPpWzduE6ndTQZQcQ17PsHg-nfcpJPZscG2pwBQSAJKsqJ35WT-Ml7MfVy9JeE3RSNy7LY8GZxgQcfg3MTkQk16mt-9ODWSAxLzju8FXMZQwxADJ5_7aQqqa9Qqx8NwtE9acYSx-pLbGzP0gOVwZDdR56HehClB9ck9aVbUGWLBgSLv20mZz-wxI/s0/InShot_20231120_011041773.jpg,/Users/graogro/Dropbox/vlax-archive/raw/blogs/media/2023-11-05_3rd_Radical_Party___Elatochori_0.jpg,0x0,fuitwashere.gr,7b73079de8bd4e4d2db9035e6d3e5b8f4a8bc26d9f3a1435ddce5a618aaf7a39
ast_0551,ev_096,blogs,https://blogger.googleusercontent.com/img/b/R29vZ2xl/AVvXsEh5xd5-ki9Nhyphenhyphen0WtcsxsbZ7aSlmgHs9qiZjUFQ0DWtLNngLbLkRVyynhcr_zu6NQYZ6snWRmKf6ieIS3gm_a2PN_c4HObDleaaNCGHAvPWWnXxuItjuu0SgXG77WRVlIOWyY8r-FofapK1apqVurnluEsS2WBlLKQr-VpwtTNgCIOH253URxWixXKHqDds/s0/PXL_20231104_125634393.PORTRAIT.ORIGINAL.jpg,/Users/graogro/Dropbox/vlax-archive/raw/blogs/media/2023-11-05_3rd_Radical_Party___Elatochori_1.jpg,0x0,fuitwashere.gr,31a1421cba38ea4a31b6be360dcf914efe701f794b32f67279642d663a8d13ac
ast_0552,ev_096,blogs,https://blogger.googleusercontent.com/img/b/R29vZ2xl/AVvXsEgYNZFGYJiLQxd3niS0MrU9C5G8whidqyKTTmD95xn18bLEvg64MTdLR7ighLeEhMrTED5N3Ld8ywwk_v5CU1iByIE5GdOl8Ey0VPj1fVGJPKJHYfOKPXPE14ldLwQBNXNOR0dOKWyCFLdiINYWfKTUPWYRgg4eSQKyGuykHPRvtACAy31SX0Kw7BA00dM/s0/PXL_20231104_125041336.jpg,/Users/graogro/Dropbox/vlax-archive/raw/blogs/media/2023-11-05_3rd_Radical_Party___Elatochori_2.jpg,0x0,fuitwashere.gr,65f750d7d68c830aaa4a0cdd59a427f7ae3b782a8fb0e2fa75b1ae41ceaf7bb0
ast_0553,ev_096,blogs,https://blogger.googleusercontent.com/img/b/R29vZ2xl/AVvXsEgm8UoqrJEgf5DfKX_nU-6FWMTMcwV7KgNdDIiypPVjNr3F0kmzvTFrCE0Ff2kSG6HqcQRwsEAvAIgbf17vWAN36AedlERnL66A6fJep2lSm8qSaqbvL8t3nG2ZKm9GKrBj6c_KxjLL3v75QHqc_4e5WUeR533zr6uaRMpkT7bJ_aHAVOI7600SPrHTziM/s0/PXL_20231104_121922780.PORTRAIT.ORIGINAL.jpg,/Users/graogro/Dropbox/vlax-archive/raw/blogs/media/2023-11-05_3rd_Radical_Party___Elatochori_3.jpg,0x0,fuitwashere.gr,9c0130d2629c1f2ac80c83f5b2eb24f671a3e3672f75e4bf394461f205be2dff
ast_0554,ev_096,blogs,https://blogger.googleusercontent.com/img/b/R29vZ2xl/AVvXsEilKxoY_G3WbC6SKMwKGGd74K2N9BCHDElg4ACXLVG6euAo4voKBrtwOjaFPYhOjYTqXEA9WCO0j29spNg0zZ2G2z3JV-Y2WpAh0sPXT4uphPP76c1Vlsu-VPrhwdqByL3M4SiErLDVBr6FLuvbdIOomrGwIkyJOuEeCUAr-Zos8sDwkMjnX83lAKnRZmE/s0/InShot_20231120_011214201.jpg,/Users/graogro/Dropbox/vlax-archive/raw/blogs/media/2023-11-05_3rd_Radical_Party___Elatochori_4.jpg,0x0,fuitwashere.gr,ccc4f84caf377c30623639accd4d9ea63c0ebd973d7491f4a9115865f3fde75f
ast_0555,ev_096,blogs,https://blogger.googleusercontent.com/img/b/R29vZ2xl/AVvXsEgLvM1M6iAylvIwDLMW81ezNZRdbXUHS3ArPldgPPACyKeNdH41Xp_lBwGPBXDMsuobZcIoEj9IRtZHLagutNQSMZbiJdnlayaS_UvIW-WSCruJaeEF3LbqSBxg_8S_CPIsRnhNWjY1tocPQ5Yo9zXEfXcoz6kl84uMK3vugYZBlz4LSUJfrXGEVR6a608/s0/PXL_20231104_125116683.jpg,/Users/graogro/Dropbox/vlax-archive/raw/blogs/media/2023-11-05_3rd_Radical_Party___Elatochori_5.jpg,0x0,fuitwashere.gr,33482feafa57124687cd64450e6856dc75741ecb31201831faf82f0c32ac868d
ast_0556,ev_096,blogs,https://blogger.googleusercontent.com/img/b/R29vZ2xl/AVvXsEhE_oDFUUiKsSQ-cH7Uj7kzu_VaH7f2mA4DXx28XlH2y5ArK8FAMCe49auV6vVRdCTlgBpuhonU3RoCGfH97ICNy7pBfIoPAy5pdk-iXrc28gTOFnfMcwxkg0dHgx2OjrJOBIMKB0SxMaduHHaMUNv1DjvQG-L8wd6cXodM3_Zi376AEzaIIrGu_ZYCBGg/s0/PXL_20231104_125711267.PORTRAIT.jpg,/Users/graogro/Dropbox/vlax-archive/raw/blogs/media/2023-11-05_3rd_Radical_Party___Elatochori_6.jpg,0x0,fuitwashere.gr,a4cd1f8e206b4333f2c10f6259f77b537433dc6416849f22f2b60b23d9781c1a
ast_0557,ev_096,blogs,https://blogger.googleusercontent.com/img/b/R29vZ2xl/AVvXsEh6ZUjyRCB41LAZXTQ9MPbnf53ch3Zr318n7zNSrup_h0CwMIuXa1_D2g3QVtrZGVkE0vFYjRgmS2pPDDZ-LMAFBWI7ZMiodAYZ0XM9fpiqjYND5lgPFfvzTELah0GsrDiHPwEWK6OojWVHIyGKhhnfR6oZO3WFSqeBQGsLFVghgqSwrqsl0wdfg5yeuXg/s0/PXL_20231104_125747149.PORTRAIT.jpg,/Users/graogro/Dropbox/vlax-archive/raw/blogs/media/2023-11-05_3rd_Radical_Party___Elatochori_7.jpg,0x0,fuitwashere.gr,7c4c1ea688aecf5d82e3c0328fe2d6091d3eb7602595dff6fae8280f66a5bcfe
ast_0558,ev_096,blogs,https://blogger.googleusercontent.com/img/b/R29vZ2xl/AVvXsEjxeKYpkYNQvFEKC0INrnRifMsZLfB3G3SFF2e4gF5SG2PbWPR0FzxDteav-_mlOKc3Ec_XSAnBSECdK96NFeDOrXZ7mpyAVyeCb6Z9Zq5mLB15pc5WV17dfVrZ-a8HbUz1UI0fo0U0d4vzctoKdrsmmAqXXvvj47IjdWuxD8AOGy9vWxwpnKm8Q9niyfc/s0/PXL_20231104_125804182.PORTRAIT.jpg,/Users/graogro/Dropbox/vlax-archive/raw/blogs/media/2023-11-05_3rd_Radical_Party___Elatochori_8.jpg,0x0,fuitwashere.gr,ef898f9a1b1b500fe38603bcf4e6601ca23703317c595ca0dd04d4c3a0d06671
ast_0559,ev_096,blogs,https://blogger.googleusercontent.com/img/b/R29vZ2xl/AVvXsEhRGSEqOG8jIEf5plt2sbXorTLFcj3Chg-IL_H8aw2LJ01_VItQPN9hwBOlILlIq7R_yFOq4nmbKArr5DfoG0qS1YH3y1qd9a3rFauuFWvOwiUHK_EpiasyDFvxQsJgCZnVLbW9fwtTOBYOimkU5zTuBprxUW-vz66cqktmvAA7KBGjTx1NZHbWiV5P7Mg/s0/PXL_20231104_125808902.PORTRAIT.jpg,/Users/graogro/Dropbox/vlax-archive/raw/blogs/media/2023-11-05_3rd_Radical_Party___Elatochori_9.jpg,0x0,fuitwashere.gr,0b4664df1d1153c731c48bcf4e92284a764f9a89d3be194f5229a6a293da956f
ast_0560,ev_096,blogs,https://blogger.googleusercontent.com/img/b/R29vZ2xl/AVvXsEhm9wQjGEiH7HyrD7SIUawOUe5JyUyzFkY0FKkh2Z8ybVcWN18Vpd3Ut6_glRN2dV4hZeTRXAOBBBBGA-CKdLykjX3_3J_G6SOUnTnZgCM1gEx1sdblI4EycgHJ9KWJvYex3tFzDd5RkcFLajNN8BTs4mX3b0QaS8m7Ihqiyi57hV_vqqT65ceJDNTx35o/s0/PXL_20231104_151543605.PORTRAIT.jpg,/Users/graogro/Dropbox/vlax-archive/raw/blogs/media/2023-11-05_3rd_Radical_Party___Elatochori_10.jpg,0x0,fuitwashere.gr,a3515f8ce5b82e266b83e6f8586c2628a2b2663c5edeb98f42b2385db2d712aa
ast_0561,ev_096,blogs,https://blogger.googleusercontent.com/img/b/R29vZ2xl/AVvXsEjuZKOOHli8HiqrvyiphhyphenhyphenoVB5Vh1TpFnog1c5RHZr3CbfdqpQUVltpivHT_Vuewy4W93Cl-6OPGZ58d8ulNqwSSZJGu2LXHbBUpr1OwP8YxY4TznnllnGdXIhNyWPNv3FYcD9U9adhxVDi5UlfG0Iir4tPc1QY_X9rtCyZxxUI1SVRD5wn6ZDmN0nNFkY/s0/PXL_20231104_151543605.PORTRAIT~2.jpg,/Users/graogro/Dropbox/vlax-archive/raw/blogs/media/2023-11-05_3rd_Radical_Party___Elatochori_11.jpg,0x0,fuitwashere.gr,fdcb70597e6af1dfd1ed2671d0a0e41e56da8a1536434292e90d97796a60cd31
ast_0562,ev_096,blogs,https://blogger.googleusercontent.com/img/b/R29vZ2xl/AVvXsEjjCcB-B1R_9OxXohr2pOovJw5NdftmZzz_ceHD2iOBzWQkfJbwS5JyJXfzRyy97sQ0g_MRwP6Oxn8IF_BQuGL8PeMHKhG3hoo1N4pN_bx8GUy9A1p_cMicMMTsDbJt7vVG4cQxvtlSa2WBNmHDyWLbq4If8t58oLfP80zekd_zy0eav700EsdrpwY76jM/s0/PXL_20231104_151620175.PORTRAIT.jpg,/Users/graogro/Dropbox/vlax-archive/raw/blogs/media/2023-11-05_3rd_Radical_Party___Elatochori_12.jpg,0x0,fuitwashere.gr,c8a2017302865cb8f7102dbd6241a7d2aafaee90e7e4ef10020ebff328dc334a
ast_0563,ev_096,blogs,https://blogger.googleusercontent.com/img/b/R29vZ2xl/AVvXsEi9pzIRXlkNpFq6ANlBjrSwQkz99xDtQixsP6_q7j6iKe4oNyd91g96BZIJ8blfjKFZBi2yTG6Azw9swQmhnhTKHe8UXWdcyNrGcHbDB_AgimDGzF9qk1fT1TuOMo8W7g1jgYUkAWU8EqzU51JgsnVHqjQU2utPv32o0sMJd6P6LrNiM_-OgFSp77NjttQ/s0/PXL_20231104_151724325.PORTRAIT.jpg,/Users/graogro/Dropbox/vlax-archive/raw/blogs/media/2023-11-05_3rd_Radical_Party___Elatochori_13.jpg,0x0,fuitwashere.gr,26df82ff602b47fc517871b373d71314ccd9e881f9ed22cc84fcb80fd38a5dcc
ast_0564,ev_096,blogs,https://blogger.googleusercontent.com/img/b/R29vZ2xl/AVvXsEhVGKyUZiZVH1r126Uwle1jpUz0miQAVWkEObn0RWIbsbp8Xc8wYPgvel6DSqfgA7r7cmJcxHm6kGHnLoDmca49y4T93jW8KoYk3tRdzmf8ETWTgk-KLR-hpl5r39yQLV2RTL4qjJtRqpis4Q8vGnh036Z4JBwE8ugXp7WalGJFnEfrh-p-9P1_gL83FH4/s0/PXL_20231104_151852283.PORTRAIT.jpg,/Users/graogro/Dropbox/vlax-archive/raw/blogs/media/2023-11-05_3rd_Radical_Party___Elatochori_14.jpg,0x0,fuitwashere.gr,71c0a0032c060852fde7d895be85c2c975ebdaea2cb1a863ebc4bfb93f8fc778
ast_0565,ev_096,blogs,https://blogger.googleusercontent.com/img/b/R29vZ2xl/AVvXsEibJiCAbhNDNwVP1KCm39qGvDVPqKLqY3Xss6m_aAb_QFHbeeofOPfI9hkuj4Vif_IdkZ5TklLCBguyHszrOGWm75bgZhXnL8yhZ946s-9ZRK_BHzrfGg6Cv7kTeuHcs1rX5PBL5YoFVPu0gdvM1RvgKTTocp1gcpbFRG8XmXVji6lFUfeo2lkgQFdRVVg/s0/PXL_20231104_155700978.PORTRAIT.jpg,/Users/graogro/Dropbox/vlax-archive/raw/blogs/media/2023-11-05_3rd_Radical_Party___Elatochori_15.jpg,0x0,fuitwashere.gr,077768d3c5f5c861acf81858479fc7db653eafa768007508151ce81892234047
ast_0566,ev_096,blogs,https://blogger.googleusercontent.com/img/b/R29vZ2xl/AVvXsEi1NYYliLgCFIiix0Vi8Ox-coWq2SPxJuYLFNAsOrqpIZrBFDTmMr3GtQjuLc3eNR_QqlY8nrx7KuDWXM8_4jsQ_ufUeZNNw7aNugaM98U6HpTPhyyfERsbmJFaFb2DoXBCRqlEdfD_ZRH7niwF18SR1MPVv6SafP4KsaDvo03V1t3Pg7VAkfqC0H8Y40A/s0/InShot_20231120_011132230.jpg,/Users/graogro/Dropbox/vlax-archive/raw/blogs/media/2023-11-05_3rd_Radical_Party___Elatochori_16.jpg,0x0,fuitwashere.gr,4d5188172e37624372f6bddc78ceff821d611dbfd97f9900481e6a161060471c
ast_0567,ev_097,blogs,https://blogger.googleusercontent.com/img/b/R29vZ2xl/AVvXsEhcwpv-cxxvJ3XmL5YKfwsuPD8chPXF6JR6qMqKGovdn5LCLrzgp0206nlcKK3Nvq7sDOCUvoa2brhBJuXxCNAzLi9GXAlwyXCOI3iT5SmiV3K_0KeYw0VJE6aeUP2_N9TIp21LfAYJnJis0B7dxUzwkVBvuQbWpamlQjfPyxh0egQT73gc-a3GGi5ZD80/s0/fuit_elato.jpg,/Users/graogro/Dropbox/vlax-archive/raw/blogs/media/2023-11-03_Elatochori_04_11___Ράντικαλ_Πά_0.jpg,0x0,fuitwashere.gr,34868cf66242d7d3555cd92238a090bef1be46ca4750d5af9cb9cec58fa7751f
ast_0568,ev_097,blogs,https://blogger.googleusercontent.com/img/b/R29vZ2xl/AVvXsEgdgx73HhIwM-yqY5COpclISN-oce6qsCMp-uyEuaJDoEq6rtOhe3NLIgWzpLmcuzJYO6OJUsmEAclcx4ObdWCzQbmcd-Cp8r4JzRQq36rSQsVL6h2UsUx6CPOi_knbH15dbVj8CM1FVZuaACsLZFp3axBnBJFpE9Zcz3O-54sNlUI2qPv9zNoQ-2WpJis/s0/FUIT_ELATOCHORI.jpg,/Users/graogro/Dropbox/vlax-archive/raw/blogs/media/2023-11-03_Elatochori_04_11___Ράντικαλ_Πά_1.jpg,0x0,fuitwashere.gr,84b588fad7e7e4877e246c6b3d759746312c574dab59757644e148124f4ad59e
ast_0569,ev_098,blogs,https://blogger.googleusercontent.com/img/b/R29vZ2xl/AVvXsEhJGIkpRAO69y-8q4b-ur18SPfJ6seJ9ZgU5XDyLBB63Tj90ZxwJpzHqdMLvq5l5Ii-CTEg0lp-EG4lf5bPW6ilpi5v4zmQfnaBexYAsGUXYzf8Blos2D3lxvOFGEwRy9ktAgs7FdsVZwwLAOQ1e4-KRZ6Pj7n-cfcqrm_j5n3MI1bYe5uVqGlPCWaIxcA/s0/IMG_20230703_105114_221.jpg,,0x0,fuitwashere.gr,
ast_0570,ev_098,blogs,https://blogger.googleusercontent.com/img/b/R29vZ2xl/AVvXsEhV6uCt_AqxL5yZwkzqvXNPe891GVFGckdGnyX7mk8ZzGIhXt4XI5EiGF0OfljpJnLkT5wX7ZFPpnwOS4pjHWFgg-zfqbBjMJ82ymF-h2ypgmJXw7g7Dl7AUTwVWwQgWjYp2mADzlVKH-C7vhh1nY0P35fIenDXlT6Om-pmJqMjPg5HxH4t3VUW7C4ZUqE/s0/IMG_20230703_105114_149.jpg,,0x0,fuitwashere.gr,
ast_0571,ev_098,blogs,https://blogger.googleusercontent.com/img/b/R29vZ2xl/AVvXsEjuv_HXs2-LsMdLTeR1hHwpDR7LR6G7Px04p6XjckPfIq9jcRWV9QjatzrA4CGeQ8BTj-PY0OdDY5gbmOnlxx957TIPeUTyrhB-xDHjEbIndJxmhs1luDVu8CAN5kRsVjMbzf4Nz4OguBJ8ihwRoorKLzH6QqXF-6Z0LSOD3sdyzlWklRT4-4ZyrMHo-HA/s0/IMG_20230703_105114_274.jpg,,0x0,fuitwashere.gr,
ast_0572,ev_098,blogs,https://blogger.googleusercontent.com/img/b/R29vZ2xl/AVvXsEg6D-xwYvcXewR0UlG2jFttZlJdDuN92ugvx99R3Gk6h5jJH89iyPJsmQPWseRizUmqsk2ayBR7JM8i8ArloFtyr1ll9OV7K8hh1f2j1B8p3Umw7CkofYfwZMeDm06pmeylCm_TGp3xTjdIdoqzNbniO-lofUOLP_dECfF0bHeT8aSJOL92sc2Iq83no_w/s0/IMG_20230703_105114_321.jpg,,0x0,fuitwashere.gr,
ast_0573,ev_098,blogs,https://blogger.googleusercontent.com/img/b/R29vZ2xl/AVvXsEgrmKmP_ZHNC1gQr8gSVgKooDFZWK7Fn-k6WjvLX3CC1ZpkUR_DUCkE3nDswBDd-tIOZkeVl7wSa4XUmXFo1y7Qe5mjgoTddgzdoVdjznRmJHwV2ZfwOBdBNpSBlTyANtfpIDmAUw2GqJF_y4UYmHR-fn3krxReijO83qRdsRDGezcrFi6yG67NbMCJRyo/s0/IMG_20230703_105114_344.jpg,,0x0,fuitwashere.gr,
ast_0574,ev_098,blogs,https://blogger.googleusercontent.com/img/b/R29vZ2xl/AVvXsEhRt_q3uaUR8MbQfkyDKvZr3-MOzM3TIpUUONr3bxmZByc1b8pLoIsvGzt4OXjmpdbuHYIgAjBaRAAcJv2pPfP_nx55bBUCtV33K0-tps94xFkcPjMyTWUb5f6GJA8tnL9bxMx6FcSGwbxFOzUbIcirRaxUlXqg7Sqf3xd0EQcsKInT2E9Gwzyacgh9kX0/s0/IMG_20230703_105114_359.jpg,,0x0,fuitwashere.gr,
ast_0575,ev_098,blogs,https://blogger.googleusercontent.com/img/b/R29vZ2xl/AVvXsEi8EWG52U0FKP0ncxCOt_MrNqb5MCFq_MlqIBOEPGBhp4w9E1dPgf85c8HRazthMTxEy-GbQXWrQwuDm6zRme-DRrUZKYFkvh2l9La2YetdWYYsf0vtErGE6CkQJmJeKym5LoKTAnTwszmfqLddcARtjsMi83Ame1GZBd76k87F_trIp7fOKo8OJ1SEhFE/s0/IMG_20230703_105114_383.jpg,,0x0,fuitwashere.gr,
ast_0576,ev_099,blogs,https://blogger.googleusercontent.com/img/b/R29vZ2xl/AVvXsEjHUCJsoeXgiBcGxiqX1iMsd4fESjtW2U2jUjPIxLQWAfP8joiEAMHmnCEvJU-bTfIwYCl2jFd5HQiFOEEMGAUtBqHlE4DqRzoGux8gJSvENeCL2geHDU1JIwoXiRRhcPXj7_Os74vkSwyj62TKJ9h6L7SpAv4EGqXVaE88-I3KyXhZLraOEunhBX_igmc/s0/_DSC4384.jpg,/Users/graogro/Dropbox/vlax-archive/raw/blogs/media/2023-10-02_2nd_Radical_Party___Thessaloni_0.jpg,0x0,fuitwashere.gr,6d0c956982a838c961ca512d2364c15a741bdff338c87d40178d4f3360232cfb
ast_0577,ev_099,blogs,https://blogger.googleusercontent.com/img/b/R29vZ2xl/AVvXsEjN_VG6eagNg7G8Zbp4900UGv8JaeeiUkEp7uIIEEBHrdESoPJHPl6-qfT151vD7EJUjcoOmb1svDhAgwN48BXxNNj_DMSIPeEzYto4h4WHX4mGpXR_cIjkCWIZSC3HG1XHwFdjBzErF6mbqrZKUau8obo1HuTzBUcnO5vSvB3VwGvWHYVFLHdjrcuGQj4/s0/_DSC4280.jpg,/Users/graogro/Dropbox/vlax-archive/raw/blogs/media/2023-10-02_2nd_Radical_Party___Thessaloni_1.jpg,0x0,fuitwashere.gr,fac8c6f731c8f56381b545f8108ba297c6348574178cec778b8d4b34a23c5a23
ast_0578,ev_099,blogs,https://blogger.googleusercontent.com/img/b/R29vZ2xl/AVvXsEjSJSAwotK1keRevGSRU8sIgnOpUpgHTUnIDA_S2z49-YAY9QFcY4aHHCVSrLcR-CRgtVtVRa9eXfptaailfgU7C8-1zASyaUYusCK8PlL7fiD-s2RU46puwSeawGB4-HHTsIy2Le0yGh2q85h_2Hiq8zKzMjEbtozm-6s-3ywSHqk8UVNxy1ox5jqACeY/s0/_DSC4281.jpg,/Users/graogro/Dropbox/vlax-archive/raw/blogs/media/2023-10-02_2nd_Radical_Party___Thessaloni_2.jpg,0x0,fuitwashere.gr,f46d1411c0f25848b692c0369f605cac16fed869feb42d82c96f4cd3a28f0e5f
ast_0579,ev_099,blogs,https://blogger.googleusercontent.com/img/b/R29vZ2xl/AVvXsEgC_zm8zwsC5De4V4vvIBvLupPlohuzbYLrgRdPCRyYSPI1YxyTd-6_IZtc6t_l206vYNjexwgGboiDizhVvra5ZYNoLPakvvZ31_fliiE6pOeFtecAjdojAbZJ9hMBhnflHbitoBevlxbS940LseS7C1SaNJvZos17DZJpakXX-cZt0D37UFXEmPn0hWE/s0/_DSC4282.jpg,/Users/graogro/Dropbox/vlax-archive/raw/blogs/media/2023-10-02_2nd_Radical_Party___Thessaloni_3.jpg,0x0,fuitwashere.gr,baac8ee2fb42cfc2a0cf063fe2ff7ef20b2cf3a7bc4fac913753eb4ee205a82e
ast_0580,ev_099,blogs,https://blogger.googleusercontent.com/img/b/R29vZ2xl/AVvXsEg3gZ2j8tslFXaz1_BssSFdmATMrap1v8GHd7avygScdXxgPdvjXco1iqLwzZUE0pBPak3nUZASxGAU9BBsiQCbH0KVELJ-Q6vRTpgzrPPqyrDGrD-FECr7T7kIB8zf2qHNK-iZnIEpx_ZCOSefRoOUn0eNv17LTmTIE5TDkKfY2hNEfriYG5RsuNMHfrQ/s0/_DSC4287.jpg,/Users/graogro/Dropbox/vlax-archive/raw/blogs/media/2023-10-02_2nd_Radical_Party___Thessaloni_4.jpg,0x0,fuitwashere.gr,4a79a0fb661fc245428e08d49c8852f1da9a4667a3f4c54740c28cb6947b66e0
ast_0581,ev_099,blogs,https://blogger.googleusercontent.com/img/b/R29vZ2xl/AVvXsEjHaBkC54w44cCLh2ey5Z6YoDtcwMM7Pu76pzAG3XUQ_hGoj9Lm3WwmPsjIK9K5Ah0ajt2_jTFNueEFYTG6vlEL1DO6FOC7ocupP2z4D05Q5QkK5usJSKrjBTadiVBazgV7xDIlxOlfsvPlC_uTATWjQ0tj0bqaXAtpQUsYVBYS6-wXQMXuxhlQ-Vk4PPI/s0/_DSC4289.jpg,/Users/graogro/Dropbox/vlax-archive/raw/blogs/media/2023-10-02_2nd_Radical_Party___Thessaloni_5.jpg,0x0,fuitwashere.gr,4cfb661093b03e798a436d80d3e0321de785acdd95a244d6ae5f7ca20f5a7b3d
ast_0582,ev_099,blogs,https://blogger.googleusercontent.com/img/b/R29vZ2xl/AVvXsEgC1-h4CxmCnJ-Avf_gwI4g7QvzTdibH5Ggmbxw_-Hv5-PTE8bMhMW4bHbRqLfBEMAETzvlyUcjHXa6zaDPUoOigEsiEdcdd9h9p4aorXAeKag1WdeygMkiXsfJQLolcR0zZVvV4yKgb4_s8hQunuT_LfIbmccxHK5KxrWYA5kSSPWCG5nDs_JbwXHVERg/s0/_DSC4291.jpg,/Users/graogro/Dropbox/vlax-archive/raw/blogs/media/2023-10-02_2nd_Radical_Party___Thessaloni_6.jpg,0x0,fuitwashere.gr,1aaa8f9143c7aad12094a4a53231a70ae5893856772750403a511ae1982901b5
ast_0583,ev_099,blogs,https://blogger.googleusercontent.com/img/b/R29vZ2xl/AVvXsEgFjVWVZl7OvMiR9L4JUCc6b8d5LA_98xs56RaooGLYbN9vtQJZw29x4sB6hhyphenhyphenL_DJzv7lM5KfpqN2JEIH9Sk5AV4hm3VYT7MY23Yep-979SESRR94foSxjRMBL8DNlKRpEbVzgV0Jbla1IvnIDMesYzhULBTs6DiL_-TM9GhZ77quM79gpaartUlvQN-w/s0/_DSC4292.jpg,/Users/graogro/Dropbox/vlax-archive/raw/blogs/media/2023-10-02_2nd_Radical_Party___Thessaloni_7.jpg,0x0,fuitwashere.gr,448a4af74c623035d73f66b4ff365b3b9d11fd0a77837bb1d55c99277d2c543b
ast_0584,ev_099,blogs,https://blogger.googleusercontent.com/img/b/R29vZ2xl/AVvXsEh47zc8Efe9rSYtUtLfBMgeM1PCtvYM3k4Ann0E_ONLKcxu0nJKRTCyWM4sKfqm66094ZIuErbVwKZP91XIjevMXM0cnJ3x1chwD3MVTujlzNbdbvmWzDq7ykVK_uUexHWL2bORUAxMn-9C9Ti_aBdhPmBMUqxMa5ls1tTaWVp_d98FC7AUR7dvxFp0itY/s0/_DSC4293.jpg,/Users/graogro/Dropbox/vlax-archive/raw/blogs/media/2023-10-02_2nd_Radical_Party___Thessaloni_8.jpg,0x0,fuitwashere.gr,3ec6dd1057c9f983dd7d78c8bc284ca88a0b3a552a7013964420ac87bcd9b2c6
ast_0585,ev_099,blogs,https://blogger.googleusercontent.com/img/b/R29vZ2xl/AVvXsEibjJXbkluRcKPQ6cqKMNEAuJz7yEJNxGgBaoDoGzpn4r4v-brP4zrehVnnnFfurhDLK4CC_HCzfRcePJ8anS9zQjCrCkikss8QrZKykqbMGFILUeEq1OECg_-07sACmxOjovx8NZ-ToLvRPpILCwQYuu2fUfNmvFQzDvyRRkRnYRVJkicb8NIWkQyS2bM/s0/_DSC4294.jpg,/Users/graogro/Dropbox/vlax-archive/raw/blogs/media/2023-10-02_2nd_Radical_Party___Thessaloni_9.jpg,0x0,fuitwashere.gr,4499286a1c8f78e69e0e57c349200ad1fee384928c77c90fae7f61849a59bfc0
ast_0586,ev_099,blogs,https://blogger.googleusercontent.com/img/b/R29vZ2xl/AVvXsEirZwk_Q53t8HPY1deGOCfWnrDfs30llPusSp6BKTaZpJ8Sko5JUt0mLhHPlHFo8OG7GGPUVazqUeNMnjRW03JFUcj9yKd-2iiLGnBpssKhDyblqVMGeYN73VNonvCcdT_EVXE6p6tjazYugDNA_J7kNM0v5XpW6fu4JWoHVJkTm9u6cDdm0SBWw4Wwzyg/s0/_DSC4297.jpg,/Users/graogro/Dropbox/vlax-archive/raw/blogs/media/2023-10-02_2nd_Radical_Party___Thessaloni_10.jpg,0x0,fuitwashere.gr,7b91033227ba331fe6409ce75a60d9f1fafa3792f5b558ddbc3fc3c343ab6908
ast_0587,ev_099,blogs,https://blogger.googleusercontent.com/img/b/R29vZ2xl/AVvXsEjUQBA56BIsBvpO1OkOEIIVnDdYLqH0AnroZsL5FCJ4IRu0dPfMovjuprQBrK9GYm9TJOkKIfytfqUjhqlNHMxg8HWxYD5oanMLwm44jMEvBRImr-PurtjrUOjBKBoS0_UxpVdIZMvzr0mMtM0vs-650KJXXS_396zPH8BnV7GIX6N96lbWpY-uslWNPjY/s0/_DSC4298.jpg,/Users/graogro/Dropbox/vlax-archive/raw/blogs/media/2023-10-02_2nd_Radical_Party___Thessaloni_11.jpg,0x0,fuitwashere.gr,1e91396c0f493bb1159d8369d6a1e2a6268c68e8d1f21d463694eb4ca73eaec8
ast_0588,ev_099,blogs,https://blogger.googleusercontent.com/img/b/R29vZ2xl/AVvXsEhAynY0w9Z2PMRbiDuTTPp7tqe1JjI1TjoBdTEKIP_NfDa6lEz-jF1rVAEffGvyE6iMxIgwwjMJ24ivKivpwy4ePCQiTc8kbKhW1E3XF8ZUbqf1hrnZUxzCmphw2VN9DYzL97olqDQNHTDU1DOA_GEvXMH_QjZ13rmd53zGGOlZ04PexVMCc3sCptTPJO0/s0/_DSC4299.jpg,/Users/graogro/Dropbox/vlax-archive/raw/blogs/media/2023-10-02_2nd_Radical_Party___Thessaloni_12.jpg,0x0,fuitwashere.gr,8fa713648a130424e3d2ffae5c58089269e61932d35e1c12a60dd367ecae7c72
ast_0589,ev_099,blogs,https://blogger.googleusercontent.com/img/b/R29vZ2xl/AVvXsEhyzaT-1OYRjuPND4S2wVs25m75lBX41W4mqWUD8AXv6WFi7C37KGhH5rvyXGi4I5bhhKll92bpkyXFlDytxCIkg5fYnbFGMYGjOkEJ64U-sNbC6fXBCtfl3MAflLV8Ggn0H3nyIRKVO_5mjRowMM7tbFHqGjfvPZwOqLxPMhKONq3Bi7tIxxFo2F_m7uU/s0/_DSC4304.jpg,/Users/graogro/Dropbox/vlax-archive/raw/blogs/media/2023-10-02_2nd_Radical_Party___Thessaloni_13.jpg,0x0,fuitwashere.gr,2039d3581abf3ed3a9e113e38487ad89db0df2d1ff15ecbeb658a5bab585a2ac
ast_0590,ev_099,blogs,https://blogger.googleusercontent.com/img/b/R29vZ2xl/AVvXsEj3N1MvU94_ASgjYUTpvhIZdn555vdjsMx7muh1QKgtvCk5vBca1qJd0mOw3J-IA205YauCybm5ZgsQj4hjmTI3vKXKvIFbQs1RrNTwkjRKNf7z-LE5i85D77Wz1mGw3g-bnztDxJmDR7tigKzxyyHMJide5CecyYodJ__SKnYbjQ4ZPis5M-YXD3eIRdg/s0/_DSC4306.jpg,/Users/graogro/Dropbox/vlax-archive/raw/blogs/media/2023-10-02_2nd_Radical_Party___Thessaloni_14.jpg,0x0,fuitwashere.gr,658f9217b5541201eb3021da0a9e3827daf8ee2ca8bd31c129d2cd42603355f6
ast_0591,ev_099,blogs,https://blogger.googleusercontent.com/img/b/R29vZ2xl/AVvXsEipkc9H6MPLaAair3LPnliHwnFrKbvh1o_IlmM4hdviNDLcoAS9Ap2VcdB5M9A66GJnvU0nLH9NZwmWWZaIrhDkye-WSQwNYwaPYLGI317rUr9_iJEoKq-Y3V2ikC6AUmR41mBA7ekdQbFVwcpUtmf8jBoPHQ4lTyJbSrHqrLEJopfc-jb9kpbnAG7rMhw/s0/_DSC4309.jpg,/Users/graogro/Dropbox/vlax-archive/raw/blogs/media/2023-10-02_2nd_Radical_Party___Thessaloni_15.jpg,0x0,fuitwashere.gr,610da16d8ddf7692f80836756736050dfa5cfd93ac81992efdd7fb0c38278be0
ast_0592,ev_099,blogs,https://blogger.googleusercontent.com/img/b/R29vZ2xl/AVvXsEgODWHc9WmG_nkR13cv0wPAP6Yqt5LkK85Wr-NDeY2ddm1gY6mEhEz7c-RtIWUOCLCcVnJ8tq_I89sr-8l8QJD2CLH5VFpt2uf2iEva7F59u1E4BCbfv-yBMqoJFXVBJfVw3PQMTsie8hcHfCRXItDuHOCHPGyiwY7N9ue6j6oO4rUGtwHRUte_SK-9vrc/s0/_DSC4313.jpg,/Users/graogro/Dropbox/vlax-archive/raw/blogs/media/2023-10-02_2nd_Radical_Party___Thessaloni_16.jpg,0x0,fuitwashere.gr,f2a99bc90bb9025ac9247e405c288a918a2381b413283fcc9792a052ce716f42
ast_0593,ev_099,blogs,https://blogger.googleusercontent.com/img/b/R29vZ2xl/AVvXsEgQBKAhvZYms08YV9LAh7ojPH5vu_kBEX5_h7m6139_0zqb-tLbDZ-3J8mvqycwRDPOoS5FcGgaXBOCBG8HqKWhkaUGQkri0IshDjQG52Sg9qwMVKqXqGqshoQFTTOQe1jnuuZiRTevYnPAU2QNTk0jKgwmnf4FUZcIXD8VIrqwCggFARpD2S3oyh1KNsE/s0/_DSC4314.jpg,/Users/graogro/Dropbox/vlax-archive/raw/blogs/media/2023-10-02_2nd_Radical_Party___Thessaloni_17.jpg,0x0,fuitwashere.gr,e56600976f2802720b4dd43bb21ae731aee119a292c1e09a9b0cc1d893dd7445
ast_0594,ev_099,blogs,https://blogger.googleusercontent.com/img/b/R29vZ2xl/AVvXsEgx68T5dAoLlmDlNRI2IRCw1iTOSNr32JqO3xwBlqsTmu3acdWIgw0B76SIBOWADKt2kaAGxWKXIw-TeDbAvCBsaCP-uF0qpisdUVWl81Le41a3f8vRxkfWcvEwk5Psv_LVpQ5ois78chEDmxbLUyGwOAEX-PVyBsA6_d4zXCBTZvHw5zto39GX0S3OlCY/s0/_DSC4321.jpg,/Users/graogro/Dropbox/vlax-archive/raw/blogs/media/2023-10-02_2nd_Radical_Party___Thessaloni_18.jpg,0x0,fuitwashere.gr,e70b7c54e6f12c4668769def4bb30059e7ed8710ab02e3d8388414286df83072
ast_0595,ev_099,blogs,https://blogger.googleusercontent.com/img/b/R29vZ2xl/AVvXsEiZyj-g9Mk_Fa-_0-d3UbPQ1ibcyvlzlXbL9z-PZQem4MUqDYT2hL9YcTZEoKWhp_7wnwi-UZ-V2-NimB0GHcgfJ0X11eiKds5JkltjXY6l1sU6vunf9t3-f5WA0SzB8AP5oZJSO-SbdGBFYZ0k1rkNfiP6MQyWH0ZX9DZjsHgWV4JSaoveX57ChDWPUWc/s0/_DSC4323.jpg,/Users/graogro/Dropbox/vlax-archive/raw/blogs/media/2023-10-02_2nd_Radical_Party___Thessaloni_19.jpg,0x0,fuitwashere.gr,e97f47dd7ca6a448bbf2ffa1066d10d65ed16b7b4665bf39deacc18ff9a0e169
ast_0596,ev_099,blogs,https://blogger.googleusercontent.com/img/b/R29vZ2xl/AVvXsEgDzhbVWnzmD3ojmBRHqcRDTa1XdJw4cV3vYhJdtOGBcW5i2XvbMr_ypyg8btpu8ZIzuBKuXacp5Dgw5gHzzHSM_ywlVmhaeFHdPxwiSSQt4hFtneGTuW7w1m-JUDH_VpwjR8UjMJoUNdd8nHrTvzcBO2zgJntYJbekxD_l8ClbD9_izLKnH1ikqidXxr8/s0/_DSC4326.jpg,/Users/graogro/Dropbox/vlax-archive/raw/blogs/media/2023-10-02_2nd_Radical_Party___Thessaloni_20.jpg,0x0,fuitwashere.gr,f9b4dc902780b26bcea166a1999026a6daa69bd6ca1ec518ffe5ccd51446ec95
ast_0597,ev_099,blogs,https://blogger.googleusercontent.com/img/b/R29vZ2xl/AVvXsEgZQC5q6gDjaarDCyFGINhg0763dY4NjqjipuYuDPkOu3o82zyOkbal-dM8xh86mWZWeHAGelFOJh-X631ao5DMyoReiNhcERDOzR-Gg2fn8I8XBetHvw5o8zbU0FZ_Piz7wmUQuX3rbR33W3V2IKsApidjQX4IWJsEigEDlIphjPvzkR7MegCFiriNNaM/s0/_DSC4329.jpg,/Users/graogro/Dropbox/vlax-archive/raw/blogs/media/2023-10-02_2nd_Radical_Party___Thessaloni_21.jpg,0x0,fuitwashere.gr,03d85555cc17591059f91f51cbb70f448557d27b7d1499a6e443d3a7810f440d
ast_0598,ev_099,blogs,https://blogger.googleusercontent.com/img/b/R29vZ2xl/AVvXsEhVIA20dPBqImx0CncgLmUhvVVGZmObmFULh3SSA-tN5kP2IrIDkt4PdsL_oB2otjAzzTbkkaAWXzRnAjY_-Z07-Z_gOc7vodsTQ45sB80Hjs9a7YDT7Ahf2WDAVLV92n9wODqwvrygaqpTv8AySq9l3bQLyr2k-cLYQcP0qO93PDRqUb7JZdIgQt-a394/s0/_DSC4340.jpg,/Users/graogro/Dropbox/vlax-archive/raw/blogs/media/2023-10-02_2nd_Radical_Party___Thessaloni_22.jpg,0x0,fuitwashere.gr,acfa81e1215ed7a1fd25e2757452e90ad8f3778be2a71cddb0a8525acae8140a
ast_0599,ev_099,blogs,https://blogger.googleusercontent.com/img/b/R29vZ2xl/AVvXsEhiPJE3dBYTHYJKyO5NdBA5528tQ6c4TVVqOtQp278ciNrIU6gzYjz5WzasPCioQAy1LYyj7tTYCDZgKxNqlaifq__Xcrb6qNG8JHEE6NWAZ1NYca5jnx64In4slgsBoHr5uZtmMMe53anV27h2jCfxNOC0t5Il3PhOUHPx9w_3M2T96sDY8IC0gc6gMtY/s0/_DSC4341.jpg,/Users/graogro/Dropbox/vlax-archive/raw/blogs/media/2023-10-02_2nd_Radical_Party___Thessaloni_23.jpg,0x0,fuitwashere.gr,2fbec3594412802e6cc9458f3ba7bdd855cb611a5e07796df694232b8b0f7623
ast_0600,ev_099,blogs,https://blogger.googleusercontent.com/img/b/R29vZ2xl/AVvXsEjfYXZQJnLP2kPzAPGZvw394uJ78PvMU_HANiXDQKUqXhwTlEMaEc2JohQi0gdzHFQ6LnfbZfhkpRsJgHRia5JqAni8931am1f8PGig-QvawJWpmjZm3DgjU_oHKy4aq4zoKquo45-Qhao-LdEsqagS3QoFh9rdz2N7H0aQyKcJ6JIpQ44HCCadO7u59Bc/s0/_DSC4347.jpg,/Users/graogro/Dropbox/vlax-archive/raw/blogs/media/2023-10-02_2nd_Radical_Party___Thessaloni_24.jpg,0x0,fuitwashere.gr,bfe9f777248fc9e34f13dfbb4aa448ceb8716d854dccdf6bd0dcdc991191c85e
ast_0601,ev_099,blogs,https://blogger.googleusercontent.com/img/b/R29vZ2xl/AVvXsEg1QVRl1GK20A0qDwnFiBi-418zB9407WeDlxgMy3Ey4ZcTbLmkEeNBmNi7cBgPaRcwNaNnnTwzxQ0b_K6MZZ4QT3BFbb3woejE5Ty17EadBywcUxtlkB7yPCLGiei5FHhYs3hcTABIwHhwpB8UZ6F1mP3-rAXTXg0byEMK8N2hC01FXed5ywaCSXEwJss/s0/_DSC4352.jpg,/Users/graogro/Dropbox/vlax-archive/raw/blogs/media/2023-10-02_2nd_Radical_Party___Thessaloni_25.jpg,0x0,fuitwashere.gr,a0eedd75d095f65b65b57d66e8f76669f5f5899331cecc45649d137d3674137b
ast_0602,ev_099,blogs,https://blogger.googleusercontent.com/img/b/R29vZ2xl/AVvXsEhblcKdDhf5L3OE1fnjdGRw6PFFu07hbd4ThbE3t-KT2C1L5H5r9JiDYmPqgUcUg9fPCmTk6spIh1tnfEzXSba9DOL8eAwsQsCMVkVxXOjU0qtbsK245EEPw7zmxSWXuyfZuRseLa5onva0R6ev2Y4GCXg6qeU3PGLs_W-bx3wij0_-xpe_r9GjC1MtnpQ/s0/_DSC4355.jpg,/Users/graogro/Dropbox/vlax-archive/raw/blogs/media/2023-10-02_2nd_Radical_Party___Thessaloni_26.jpg,0x0,fuitwashere.gr,0aeb559df6ba59d36b34b09b0e45f1d82e7d2ebbe7aa858f37b627b4d9ebcc79
ast_0603,ev_099,blogs,https://blogger.googleusercontent.com/img/b/R29vZ2xl/AVvXsEguTqXXxdwy-G1STkz_PobmauDVHXUI3HKoe85dheE8K9uhgT_w-spj0OoGK4aZmqoE9fVd8F1Bcl93cdfwkTUHaDvQWcTmw-YqX4kMtos9fW3tav49wLyoA2XwaT67A6FCX42a5uoo-rU96yYP7tNpAlgek-3bnYOOIPEZctrTzFW4G7leLj0RjrBOYvg/s0/_DSC4359.jpg,/Users/graogro/Dropbox/vlax-archive/raw/blogs/media/2023-10-02_2nd_Radical_Party___Thessaloni_27.jpg,0x0,fuitwashere.gr,e4d42f2c58f8f044400deef86b0af62d141af604794e84a0f6fd9eaacbab1ddc
ast_0604,ev_099,blogs,https://blogger.googleusercontent.com/img/b/R29vZ2xl/AVvXsEjgXiVFoeDNnzrrCeiUv85QiT3w82snda1x-A0Hg5nMlrDLneIlFLHPvTEGzDiC2czqNMk0LNiU-mutdzUaZZGea1YreG9O2eelqzhW7C8qvy3r3gtG8DrKHJ_lNnqcnqL_jw_32c5wpX6fZaFb2J3WmupleSJ-_WYu4e_2yD1mdmifKuaQBdWodpJsUgw/s0/_DSC4367.jpg,/Users/graogro/Dropbox/vlax-archive/raw/blogs/media/2023-10-02_2nd_Radical_Party___Thessaloni_28.jpg,0x0,fuitwashere.gr,0a9d08ba44941a8fe548e6247a89e5e07b907d270b89ade5027483e5d26ef8fa
ast_0605,ev_099,blogs,https://blogger.googleusercontent.com/img/b/R29vZ2xl/AVvXsEjx196xT3UKclQkVaR9oDzQZhO8_045RTECqGOUscGYS5eV5k0aj9YZl674Hn7rnsMmKK6VUIclKtS9K2qmuyo7vSZHJsKa4NNJIoikCmH6IePWJ5bDFvCdb4ug8JhzlLPWMLNA4cUV4-iH19LbN1q7kffJnYa24tilOAc6jNVaIPpPVxYSer2GVJ3uSAM/s0/_DSC4374.jpg,/Users/graogro/Dropbox/vlax-archive/raw/blogs/media/2023-10-02_2nd_Radical_Party___Thessaloni_29.jpg,0x0,fuitwashere.gr,8aab3c97d892f98dae619d98949cf648bb83bf7b592a7f38108630721a779e83
ast_0606,ev_099,blogs,https://blogger.googleusercontent.com/img/b/R29vZ2xl/AVvXsEhTJzBwBtkjXXjlxOX52A5wbPzyAw7eGgT4VMg-hrpge4k5QnSgsiWk71UHwlmLSqCYgaPm2iPiVspep9gYDoBXodDvVsjMRRRhgMstScr2hi0MedIuquEHwXaWdk-SoptI2oJ4KrZ5qXHsx-bJfkmKWKQQmG07zHPSKTSUUnH_3ye_J4to0HVT7S6OVgc/s0/_DSC4376.jpg,/Users/graogro/Dropbox/vlax-archive/raw/blogs/media/2023-10-02_2nd_Radical_Party___Thessaloni_30.jpg,0x0,fuitwashere.gr,2f9b8458cc8d57936214bd6c52fa927667c3a9813e44927dae838161f996b350
ast_0607,ev_099,blogs,https://blogger.googleusercontent.com/img/b/R29vZ2xl/AVvXsEhh8QZAa8JbJJwZHVHIid5gcmMLGPAhrbcD-wdQqBzDR13vlsGBGCx6qkiuUnEny-Tm0a6OXwjX9O96NMIPrCslm_WGuY5UdqK1mpGCNmLv1s2OO69Es-p2dC-KRhoMQsG_gvRcl7o9-DNWsNjuSBgisNbqU0-uOL38c7GKSt1WK0LAWZt5j1ZSXd46KCo/s0/_DSC4383.jpg,/Users/graogro/Dropbox/vlax-archive/raw/blogs/media/2023-10-02_2nd_Radical_Party___Thessaloni_31.jpg,0x0,fuitwashere.gr,bfb52a739df5d9766f7e57c475d157937fc506054e3f987e633d97b8f1c61b47
ast_0608,ev_099,blogs,https://blogger.googleusercontent.com/img/b/R29vZ2xl/AVvXsEivJHgZG1wlVH0i_Abzkn-OO6CBcvN7axVnPIb-V50FUIfo9JjPwCu9mWyzceAh7m6OtFjYnjENWesoQe_pmG5sueDawGyLuz8XsQXhk-Ywkw5zOVXP4H1WHPo0_rU2RFAsxSI7MyV6KAwG-dFsrgt6B1nJCgKzzexxPjEwgJy9LSFUgGqaZa3peO-ZZsY/s0/_DSC4390.jpg,/Users/graogro/Dropbox/vlax-archive/raw/blogs/media/2023-10-02_2nd_Radical_Party___Thessaloni_32.jpg,0x0,fuitwashere.gr,e3d8a25d37cee6b58df8b566d5cce5a0bb691e9b30155bf288d6a8883f0d6dfb
ast_0609,ev_099,blogs,https://blogger.googleusercontent.com/img/b/R29vZ2xl/AVvXsEh0YT6iuIhVmZpVm2_f2OiKyuoRl8Y4_dLj5uw5Y3XjPp7Nc2qRtSKo6nTtl8cXdqgoaVIzGywqomD1Gz-fxO04Dp9iApOWbN2-59R4hA3qUPrk7KZ5ya2zhPObqf0sTwXafYd9_lOkhO5LcMRo-diJsvxJYZVzyR3YM4VGLGG7yjUcBLIsBufmB2DLSDk/s0/_DSC4393.jpg,/Users/graogro/Dropbox/vlax-archive/raw/blogs/media/2023-10-02_2nd_Radical_Party___Thessaloni_33.jpg,0x0,fuitwashere.gr,0e6b558bc529af8896c6c9247774d3216c25db54007e3fc144684bc0c6ba840e
ast_0610,ev_099,blogs,https://blogger.googleusercontent.com/img/b/R29vZ2xl/AVvXsEjPAaIHV5WR9Dmr4LDKgNXeJmhGHhaqf8neokZqaH9HuiELqyMK-0sVUDBEgrHjN16L6qvKOyb8iP7DXF2ijK1X5_tcWKGG0Y7Tw9wVqStCOxuBh-RJGjlta2WIC3C3YIMGrX4bkHqhrQamWUEvMZT_Z0iJuJR2wpgpxExOoQ8iA-HAgFc_JxHmqYc8-Vk/s0/_DSC4396.jpg,/Users/graogro/Dropbox/vlax-archive/raw/blogs/media/2023-10-02_2nd_Radical_Party___Thessaloni_34.jpg,0x0,fuitwashere.gr,250ba8c4f113ea6d6a181a413d6419c19c5d58d0b5343609bf3332d229fb2d8b
ast_0611,ev_099,blogs,https://blogger.googleusercontent.com/img/b/R29vZ2xl/AVvXsEid8mqc4VgAWo1YDwHIRWpItOBXBdz8c5_kceFPUyq08id8xpWzvwu7L6g_bojqOMQrLFsqVoi3ETV4fAbV-DyQGylOw3DlswEJAbvuueDKahjV7g_UZLP_j3UT5DMQ6Pk0S9daKYzE_2Jnb2TzaOZuxLPn8x3SdBB6DstCtetuBPLks6dAv4p7HanAxQA/s0/_DSC4398.jpg,/Users/graogro/Dropbox/vlax-archive/raw/blogs/media/2023-10-02_2nd_Radical_Party___Thessaloni_35.jpg,0x0,fuitwashere.gr,88dbd3bf6a2a7e4f656e3359c0e5437b003b0f015bdd0b7724e18adf325177fb
ast_0612,ev_099,blogs,https://blogger.googleusercontent.com/img/b/R29vZ2xl/AVvXsEg0TRxOKNRqLSvo7KMu3jH1O9OTAVN7CgX9QiOgMnsA23P1qJ19cPG98h_vFI14IMcBtTim3UA8ta_mlHo608SOB3vb7fPM-RArLMh0eTlJhwDdLwzxBGp2s5SB8juy2mHJGsqGkYK9YSgprESlKkaPGLpOuQtkt8WSqHJ-NMR-DoJxjuk1VgMoq-kwUj0/s0/_DSC4399.jpg,/Users/graogro/Dropbox/vlax-archive/raw/blogs/media/2023-10-02_2nd_Radical_Party___Thessaloni_36.jpg,0x0,fuitwashere.gr,d5f10e3a104574deaa8e9a509215951be050766d5187f28f744120a9598e1677
ast_0613,ev_099,blogs,https://blogger.googleusercontent.com/img/b/R29vZ2xl/AVvXsEi8MoNp0C6az3qOmUtoojrsC43Ea-pTsI11rVbfIjOcqQHdmp3qjlJ2XXncNC3s4QOT0iJXv94w6x8TJb80soZOkq72PEr6YNuJm1TK2yr7q1vf3GUZIyt_j_UXeunvi_j6YCUQgnAgzuygiWkvUle0xpKscEp11m56aEQAIUVS0uZmflZrt89dxQH9uqU/s0/_DSC4404.jpg,/Users/graogro/Dropbox/vlax-archive/raw/blogs/media/2023-10-02_2nd_Radical_Party___Thessaloni_37.jpg,0x0,fuitwashere.gr,3fb585c2f88189173c3b8097f511e9ea296f28ee83c2b7b9a27cc5d9af0deb41
ast_0614,ev_099,blogs,https://blogger.googleusercontent.com/img/b/R29vZ2xl/AVvXsEitKeL5C80vtdV5o2WQdfxK_fjTch2yAKshQKqyTAbcZ6Lu_1VZzwm1DBX6Qyb1uFR6ECc1jx1VeKIRPjhZADBM48H_Mcgf5RU3uZJRMeiuwOPuxW983gQaswkSTAF2ocUWuyzIKdLqw_o1tTM3E67OnIrHqjoixbJ-EFaw9Trvw2s5MfkF0jmWYgzE3nU/s0/_DSC4407.jpg,/Users/graogro/Dropbox/vlax-archive/raw/blogs/media/2023-10-02_2nd_Radical_Party___Thessaloni_38.jpg,0x0,fuitwashere.gr,c7843fa2461c93e55962848e9acb4115d1bd62c872a225df794f0c190af47d64
ast_0615,ev_099,blogs,https://blogger.googleusercontent.com/img/b/R29vZ2xl/AVvXsEgXJX68xL9NzrIl7PoN4f1xErpPuyI95tjry67NT2T3sBXqvgxXzSbtLBsNMUJrrZQHz0y69JO0NnXVEF9lGrYwJCKPjY5TfC7SoVd0gZkHLu09fnRdiT4mx_ZVzXXGFdSSAFrtoHAgfkdKUobYrXV7Fpxq0iTLOwMIVzY_u4fn2BuPkRE6eCGfLfeM4-A/s0/_DSC4409.jpg,/Users/graogro/Dropbox/vlax-archive/raw/blogs/media/2023-10-02_2nd_Radical_Party___Thessaloni_39.jpg,0x0,fuitwashere.gr,3e8e1fb52c0933db1684451c4659e56c6e4232473260323c0bace7d4e26a1f32
ast_0616,ev_099,blogs,https://blogger.googleusercontent.com/img/b/R29vZ2xl/AVvXsEgOdHOy8zHLgThU6JaKMhAsxZ_LgSazb6Z5neXQHArOMMkK8yHHrQlCZJFHCMf089_zSI8CI5lW_Dtg969PWsE5l6WfVVXpZTnRUWeRPFsy1i1A0AwqVwS_DWj-beoEfD4DK4dzU1zqcN-Lv_KiEkhyphenhyphenFKqr-PetanVO00p5w2SfyqtHUodyr5bsGx_95r8/s0/_DSC4411.jpg,/Users/graogro/Dropbox/vlax-archive/raw/blogs/media/2023-10-02_2nd_Radical_Party___Thessaloni_40.jpg,0x0,fuitwashere.gr,7f5637afc1b4638f913064d6c7487381c55dea95ad01cc21d22c96207669e0b9
ast_0617,ev_099,blogs,https://blogger.googleusercontent.com/img/b/R29vZ2xl/AVvXsEiF0m-ddGwwvpln-6z58BvX1hGcEH7-iDi04Oa9wJqchjIlBtWf7yt14U5-BULvKrU-iwei6GbCsmdMx5N1meyWw_y-bkByb3sOXuQEwtS7my6Z7v4jbzNs-UC5UEwkR7b08jxGeuS6nWvy_W3OK_nCa-2gZEPQ42qPdA711gjngPhlIQwCOOYj3dFmH_s/s0/_DSC4412.jpg,/Users/graogro/Dropbox/vlax-archive/raw/blogs/media/2023-10-02_2nd_Radical_Party___Thessaloni_41.jpg,0x0,fuitwashere.gr,631ce299bc3adb7b8edc5c7405bd8fa4d8008638f2a2f0fa275eac2f07ef39a1
ast_0618,ev_099,blogs,https://blogger.googleusercontent.com/img/b/R29vZ2xl/AVvXsEiu0IkolBvFCPoLQVx4O-duQFW0holRiePe9Tb_zn8LsViKVOtmHVJmmFRD1VBRIFtrU6sv97WwtVgthqhvquRvJjYDFIJg810XwT5JTmqEYzzVy_wUz8Psin9zzUPjLAbomkIDmpnKQJCa_03V_6VdOUTnS4tNZpyf4mlgQkVyjjzEQBv7ulwyK2HYOjU/s0/_DSC4420.jpg,/Users/graogro/Dropbox/vlax-archive/raw/blogs/media/2023-10-02_2nd_Radical_Party___Thessaloni_42.jpg,0x0,fuitwashere.gr,6a2b1d7c86d19ed57c8164bfbc64dbfcfbcae086fd10153fa4940914d12f0ab2
ast_0619,ev_099,blogs,https://blogger.googleusercontent.com/img/b/R29vZ2xl/AVvXsEgfLeTYtlodie9x75EhYEUrBYT3ZeF2UeZzWKn8xA9snIJfZv7qMe19-RUUzm5H3WazDJJtPqVf0tMSOg2WNNgA_NixLzjriEsv2-83f-x53mg4GMalF29riTbs8xzmounwJBUdSkeI2ojEBnffbNZ6_QTasSmlzmzrVrtCiW-nwJqj2qGts3OQSX15PN0/s0/_DSC4424.jpg,/Users/graogro/Dropbox/vlax-archive/raw/blogs/media/2023-10-02_2nd_Radical_Party___Thessaloni_43.jpg,0x0,fuitwashere.gr,eca418c144abbc33ae0e6a6ad43c5a87bd0deb482f9b10dca61653805ee63405
ast_0620,ev_099,blogs,https://blogger.googleusercontent.com/img/b/R29vZ2xl/AVvXsEjTTmNz8WAvlXhbd3JW2wdFKeYbElo7_dNx1QbrTgtpWzjm_vBguoLeRipbQjyRdDUxvd9Nb9V3gJ65KTD8Y_9uMNBsnoYia9M4FjY6E-C6uUD7hkC9bZHh8R1kKR2eBhiMYuQ5hxY97EIdFDcj7g4ozq7btQZrjXOFZoXrJR5GBJlqjQNm-t3zY7nf0SY/s0/_DSC4426.jpg,/Users/graogro/Dropbox/vlax-archive/raw/blogs/media/2023-10-02_2nd_Radical_Party___Thessaloni_44.jpg,0x0,fuitwashere.gr,06782b88b757611fc640148dba3a23ba984e71f2dfb13c07904bfc7d2d50bec1
ast_0621,ev_099,blogs,https://blogger.googleusercontent.com/img/b/R29vZ2xl/AVvXsEhVDP67TTMXhbb1OF-AG8roXPAvTcYjPhZ_0TbKUsJj3Cl9SXR8k1YyIvLwnRypCjFhdthsOV7fr3FAWnOro7k-nQOspCS423bxxmKzm6dnCnrU_pepVaorySUGKFjdwoOhbC1t7af7jU_E0G29uEQolEiapL_KCrwbHSNBcHy1LLvDh6EqPIzURN9fLlQ/s0/_DSC4428.jpg,/Users/graogro/Dropbox/vlax-archive/raw/blogs/media/2023-10-02_2nd_Radical_Party___Thessaloni_45.jpg,0x0,fuitwashere.gr,ca085853af3847a1b93f3dd9fbddb3d9989f5f07869cd697b2f3d93dfb78e9a2
ast_0622,ev_099,blogs,https://blogger.googleusercontent.com/img/b/R29vZ2xl/AVvXsEiMLk3-M66HsU1K5Eh4t9GbCluI8DFfysydHxCN5O4Dv2Zx-_qiXktC2ezCT8mc9M090RmGlQ08rGPmS9vZ6Lkv7lusdlo8fPLAVq0u8sp1CeeEApiMoN09yjv6XLWAhlwsYmCErCzBfoMooBm1_cXJo-p_OucAi1ll0jgOHhFSbjSoQGnzOJbfrKAREQc/s0/_DSC4431.jpg,/Users/graogro/Dropbox/vlax-archive/raw/blogs/media/2023-10-02_2nd_Radical_Party___Thessaloni_46.jpg,0x0,fuitwashere.gr,de4f0aba54ecded7e439696c4f410c6175db79155403fb68967454d19199004f
ast_0623,ev_099,blogs,https://blogger.googleusercontent.com/img/b/R29vZ2xl/AVvXsEj21RfgQzq7aYR9aHxHiwNSggoHHO0jI5tYCpen-2ysrkTkFX-M9GciCJld4BwOiu39o3PaL0m85kg3-bA5mCtk5JPdd7JzUxmSTrITpzOa1SypzSjjbDfcrbchzcvX4Ua0lgk28u3JUbBPmgr75f2Bg7o6_cLH6NAUTyV8XbaRvTTwx-A1EF0Ka_tUP5Q/s0/_DSC4438.jpg,/Users/graogro/Dropbox/vlax-archive/raw/blogs/media/2023-10-02_2nd_Radical_Party___Thessaloni_47.jpg,0x0,fuitwashere.gr,e3625cbbde2e858a1607b8e33ade50c40543bac7b6332ed3631bc03852c144d8
ast_0624,ev_099,blogs,https://blogger.googleusercontent.com/img/b/R29vZ2xl/AVvXsEjaOZ95H0R-fuFdAPfyY-oUxmIaolhiQ3g6_AF3ZVSR_wyQ95sODmuSjxM8t7AYAHZhiehrTo04-t05IH6aV3lCOt2VpBVXC5xWIpL7DubSt9YKOdwGPD0BeYK05ZWj4XfOApMmmfO0q8GgEfTGqlFUYfjZj0qt39mwiulz61Y1O8WbhpGCosnNWmlyrFY/s0/_DSC4441.jpg,/Users/graogro/Dropbox/vlax-archive/raw/blogs/media/2023-10-02_2nd_Radical_Party___Thessaloni_48.jpg,0x0,fuitwashere.gr,8d82390e3337d56d9e2470d40d95dadfaedd0eb519a8bcccc48e5c8a25e38128
ast_0625,ev_099,blogs,https://blogger.googleusercontent.com/img/b/R29vZ2xl/AVvXsEiYOZEBjuPH4JT4FV8BkwLEzEYIF_U5FtF7u3tlPgG62Arcz8HpbVqdf62LkzDuiniraEqDRKpqpUemvVIKtkt4HtnWJA9bT95kyfBRJ8_oVBLm4iypZmR8SXxUpMYBQBLxJQEjG5Leh4WiB6aYUlQmevQZmDsWA6G5VMkncRXQPKuWKBAz_AdROxabBuQ/s0/_DSC4443.jpg,/Users/graogro/Dropbox/vlax-archive/raw/blogs/media/2023-10-02_2nd_Radical_Party___Thessaloni_49.jpg,0x0,fuitwashere.gr,a8433e0acbdd063cc9bf70a08513816820b260428ba51fdd92a70e28f41cee8c
ast_0626,ev_099,blogs,https://blogger.googleusercontent.com/img/b/R29vZ2xl/AVvXsEjFmG_p7w6onWmjQulGmnkbjPl3n0UO6fcGHY9y9K1qkQs4TQAueiPMhYvFqd554TMs0dnUdNnTv01H6BkLaXAd-mY9FUPvUNec5EVXPRFAdLzpqMsq3qWpLgEhN1D5p_5DrHz3xs3Bb49HM3m4B4tjyvmihTMvriDxeD1Ka-vL1s3Rf95K0o5kZLUE-0c/s0/_DSC4444.jpg,/Users/graogro/Dropbox/vlax-archive/raw/blogs/media/2023-10-02_2nd_Radical_Party___Thessaloni_50.jpg,0x0,fuitwashere.gr,36f55b109be9efa93635ff441a89c09d89dbeecd86e1a8bba20731a9090e47b6
ast_0627,ev_099,blogs,https://blogger.googleusercontent.com/img/b/R29vZ2xl/AVvXsEhtsgGbB00QUyyGGB3cC1I7wk_5GlPIGfFf_-_o6ArPUfrSRVNRKrzFaUMyLJpPNAZyZG25E6Xh1sb-3mpKoKlSFyYqaMpcil7-9Jqdyh7AJA9J9n6BcJstClzH6-1StriiYxnJnGPzQTyh5-fMaM9F92gTp-bkp_yYaBVeioGCuvelhv87TBwBnQg8N5Y/s0/_DSC4445.jpg,/Users/graogro/Dropbox/vlax-archive/raw/blogs/media/2023-10-02_2nd_Radical_Party___Thessaloni_51.jpg,0x0,fuitwashere.gr,a712df904994b33045388093238a532a229844943364d252a0b96b90bb77bf02
ast_0628,ev_099,blogs,https://blogger.googleusercontent.com/img/b/R29vZ2xl/AVvXsEgVcuBzW2DVZSxs7KDXs2_4iBeSJXJd8MXbZnzplZUAAQatiXZhHpGvOoI2orPrAhh4E97oD7zdvZOFPN7IqGFvAsr05d-PgoB-lrjQqIXM0dRF-G9HaRC8l4WY6Ex_l3pCN3_75PapH2ghMfLfvFiyhK1zC4fZ4OxOgoxGgAvQVu5fSNgYzH6TSgwyBmw/s0/_DSC4446.jpg,/Users/graogro/Dropbox/vlax-archive/raw/blogs/media/2023-10-02_2nd_Radical_Party___Thessaloni_52.jpg,0x0,fuitwashere.gr,2c32f7d570b2132be336d22322a6a56853114a151d2aa5688ffa1392f60f6ed6
ast_0629,ev_099,blogs,https://blogger.googleusercontent.com/img/b/R29vZ2xl/AVvXsEir3Vl11x26sVBHgfsVevXakdMTFL8vc-Dn9Jr8YwQ99jexMdjicXML1EG58foWhl7WzYOXAzF68ZwD7JIjcH-lgBWcZZPCXNYo9gmK9q_2SPITy67qjF04_CZjDk1r88TGm-0lhvDVycpOR-PWIlp8BAaO0N_EKGk7yAeQO3jFd4h-d-4Je3Bumml02-c/s0/_DSC4451.jpg,/Users/graogro/Dropbox/vlax-archive/raw/blogs/media/2023-10-02_2nd_Radical_Party___Thessaloni_53.jpg,0x0,fuitwashere.gr,255fe7c6673b878272d97db6964ebc8ea9e24261e802e332a9e19bd7903c3934
ast_0630,ev_099,blogs,https://blogger.googleusercontent.com/img/b/R29vZ2xl/AVvXsEi8fDeaHw3ElBK36ze9_0RHHWLB8nrz4blJaOIkle_ARQ8f7WW9gBRyWNWUvjqP77um8mVU052OpJF7MdepGqD-SrVQTw9oaHdAtASV53e2-Fea3PodW-vn77hchxF_BVggwoH2XcJhFhXICm2uuLh03YJGKqR64CDRQyFUBlghcFF90s1Z_5C4KtBNgNI/s0/_DSC4453.jpg,/Users/graogro/Dropbox/vlax-archive/raw/blogs/media/2023-10-02_2nd_Radical_Party___Thessaloni_54.jpg,0x0,fuitwashere.gr,f5a553b961ceb58c3a8299024cf7d86305e82496302a1f05d8332831e4bf0b34
ast_0631,ev_099,blogs,https://blogger.googleusercontent.com/img/b/R29vZ2xl/AVvXsEgkXZL_ImygHb3Ik0lDkd5Gy44HN8VTgLfzBSxaI8buK9UNoFB7UgGVJWD5QWO5EHkGOVMArrmBz377c2ZKvbrTTJkbFrMi8mpxESJuf4HnjNtQLmmXsDZsBzVFENhKJw7t8WzlFKXTQ8smcopXk03LCwhHUm5aGh3yK8GqllGBnHVM0ZKUenYk4jaUtto/s0/_DSC4454.jpg,/Users/graogro/Dropbox/vlax-archive/raw/blogs/media/2023-10-02_2nd_Radical_Party___Thessaloni_55.jpg,0x0,fuitwashere.gr,ff7b1ef7d505d56d68c40ec5c318c3190a0555123c5751fa9420ab47a0bfea1d
ast_0632,ev_100,blogs,https://blogger.googleusercontent.com/img/b/R29vZ2xl/AVvXsEhGgN0LbIF3N1iE8O2BWr4mVl6IVi4wY5Bl8lMg-J_UzlraMoVBjWTd_NR1_rudSMg_ErrbCP9NWlaQop_76ChpYGGjQY38-LHpIbsGiqITpFV6revSCUfm4s1xuL6b0da0KuikZxMzev8dA1Z5kRRSC7UeSqWo9BF-uGS1_L7agMXqFWZLJhy-PvnUado/s0/fuitskg2.jpg,/Users/graogro/Dropbox/vlax-archive/raw/blogs/media/2023-08-29_THESSALONIKI_01_10___Ράντικαλ__0.jpg,0x0,fuitwashere.gr,a22eaf85611c4df7e94a5e9898d09087ce2dddfaa379667a829c1bcd328cab08
ast_0633,ev_100,blogs,https://blogger.googleusercontent.com/img/b/R29vZ2xl/AVvXsEgqU1B7Rv-riU6JYSFjkjkMTacl7l-BO7qweTYDmP4Y6Xb6W3410wpoG6PXd8ItL7xNRiCAu5vmg2qbZWjCz8BN1BGPKhIax7qfn5iybeGGEejqhDjQqX8TUXrM8JpxLy3N5ks8GbZyDX-M5UZM_OT7pSI_qUMjfCqHa77W-oMr3QwV7uDe1WOffSGOjrg/s0/FUIT_SKG.jpg,/Users/graogro/Dropbox/vlax-archive/raw/blogs/media/2023-08-29_THESSALONIKI_01_10___Ράντικαλ__1.jpg,0x0,fuitwashere.gr,7a90898a074314f71caa532feec8a92b86390ee8aecbf064345529f14c94131e
ast_0634,ev_101,blogs,https://blogger.googleusercontent.com/img/b/R29vZ2xl/AVvXsEhgAb5nGLMTdtgFiO6uX7O1WyZyH5QbAQb9gKdev0rtAeQgvKWh3KVf9l9GWmzOURd6COvPae4g68QPWWrn7k62GOc_y4voF_5dsiJNOFSvB0-bNWvLDjD49knDrnePrdQVnPRsLnjJJwmydBwBKbAi8y0wGtDAxrr_eAL1kp1HvmabnimEXJg2d4T1bfg/s0/DSCF1590.jpg,/Users/graogro/Dropbox/vlax-archive/raw/blogs/media/2023-06-23_Keep_Vasilitsa_Weird__0.jpg,0x0,fuitwashere.gr,a93293d1d5344591dc8ba4a0b11dab9fc9742cd1b1a8b11a6c33ba6d1dc3b2e1
ast_0635,ev_101,blogs,https://blogger.googleusercontent.com/img/b/R29vZ2xl/AVvXsEixi_U8i88BV7ixLn7gpgo0Rdsl2Z5NH_8vOeP4IfYMUT0YIgmo23GRnJaEif204cMaDgeub5rw1caNww_-JjLD6CDmsHDLP1Q4N3wZn5BOmLwFevPDhpluB2dlorHUxla2Em-XBVTKTNC0yJ6MBUzrx8xPUOJFPOg_Sx8a0P95XePu4X24VMrRRWDetT4/s0/DSCF1597.jpg,/Users/graogro/Dropbox/vlax-archive/raw/blogs/media/2023-06-23_Keep_Vasilitsa_Weird__1.jpg,0x0,fuitwashere.gr,58bac32ba0ccc10748fc4b708c93c528e666c0be8af3923b34babea0b0868346
ast_0636,ev_102,blogs,https://blogger.googleusercontent.com/img/b/R29vZ2xl/AVvXsEjdZmQEpbZzom0DtnwJc3dODAqUMXijRn1Ec414ewOH2xWgXf33ej-5o35DFs5okwrUF879qvqot5jHmQNl2aoJ8GorwZef34cqgla20YRxb-mk872SnV74NtRc0xHcMI3zyhZuGJsrNgrGWj1Zna3uJblzjwZyEZf1u6ZzjNwVV4m3bkZLcDjzmOzo/s0/DSCF0144.jpg,/Users/graogro/Dropbox/vlax-archive/raw/blogs/media/2023-05-18_1st_Radical_Party___ATHENS_Kou_0.jpg,0x0,fuitwashere.gr,6aa307c461ab6908ddf22a8a94fcec716cec572ecc667f8d42d6790e3358a610
ast_0637,ev_102,blogs,https://blogger.googleusercontent.com/img/b/R29vZ2xl/AVvXsEhUvXvR4QM-xDwYBxDInr66VbGqLHIobyHLhX7KO4-SA4GZ7g7w5YOWQT6r4jpV2J5WW8mFMorDgWVLfOXRIi0Cjb93mPz3K_lM3ABLSs0UNLkahmx_lcwsjGBohav0dTmLwXv_rTyQiP4bc0Qd92u_hpY1Gj73C6uz2nsl-00nwztYhI0RtRHOS7bt/s0/DSCF0123.jpg,/Users/graogro/Dropbox/vlax-archive/raw/blogs/media/2023-05-18_1st_Radical_Party___ATHENS_Kou_1.jpg,0x0,fuitwashere.gr,eb2a0b7cc07c8dbe410b48003b82aa3dd9e78f34ff481a10d8169e65f4161d4b
ast_0638,ev_102,blogs,https://blogger.googleusercontent.com/img/b/R29vZ2xl/AVvXsEjr6dWOLl3yF512Wye7SmYWtenNyJrnV1Aov5uKYu83bdeUWg4mTuONNKalzEpDmmiu7jwkphkZ3uBW_GjdQ1_h_fH4ftWX2FJkvZwoe3mYTWvbLfa84mEfd6mqrR03nai00JsCREWx0htBwE1cXYoVtWgG5AJzDHgldql0FLzx0yKlcOu_pF5Nrznj/s0/DSCF0053.jpg,/Users/graogro/Dropbox/vlax-archive/raw/blogs/media/2023-05-18_1st_Radical_Party___ATHENS_Kou_2.jpg,0x0,fuitwashere.gr,86c2e565aac4eeec045360e463d19355fee7479c415a1c79bb920bcf4266e2e8
ast_0639,ev_102,blogs,https://blogger.googleusercontent.com/img/b/R29vZ2xl/AVvXsEji8OLoUeWcfcyX4GbfSvjuy9UDTMe3WEzCrgGCN0V8hAzWbZTdB53ZIm6rcLu4c75-sRAHgPIQZj1zw1SGJ7gTX9muPuRHXEGMvc_MRakIhTnx_lbCQkAVwWJCkkAK-t2DD9dtPBZFHpjo9BfVF2XSOXWwooWkeQlT7l0i8_Schc8a2HYhVSbf_1GL/s0/DSCF0056.jpg,/Users/graogro/Dropbox/vlax-archive/raw/blogs/media/2023-05-18_1st_Radical_Party___ATHENS_Kou_3.jpg,0x0,fuitwashere.gr,f24e48fe00bd4fe653cf263b33d929154e116acbd926222c7b30e821fb4f29b3
ast_0640,ev_102,blogs,https://blogger.googleusercontent.com/img/b/R29vZ2xl/AVvXsEjcnhFw0Tyg4Bcc066XmJMmdd5N0u699bChVECGs8saxSDp9sl9f0yPicP-KWKFcnhxvpEGK5ard-H7ua9PmPDGIbXS6DKQmO-tuOaHz63B0mes2IZJlt4rC3qG2fBkNv1MQ2uKU_gv4BqsDlBkVc26OqNeiyFP_JonDTr0HDf07PDZviCbYXEddLIz/s0/DSCF0057.jpg,/Users/graogro/Dropbox/vlax-archive/raw/blogs/media/2023-05-18_1st_Radical_Party___ATHENS_Kou_4.jpg,0x0,fuitwashere.gr,5d0f171cfe1d36dd33f164848da33f287f5790777348ef7087c4c827a7cb63a0
ast_0641,ev_102,blogs,https://blogger.googleusercontent.com/img/b/R29vZ2xl/AVvXsEgh5O8YE-jZLMzk_6SkRZT5VxSFFth37e54L_EEAl4uWj3nEpuju6mLtKF7TryxXUkZW2MSh6bqM0wMksRQyfVEsOU5mqFV-5959qefdNEqxDsDx34or_dZvhkTR7jEkGzd05dlbnt6NcJVP-9qyYUFx_DcI-8z4n5c3qR3EPic7J7Vf4WPybyr1tqv/s0/DSCF0064.jpg,/Users/graogro/Dropbox/vlax-archive/raw/blogs/media/2023-05-18_1st_Radical_Party___ATHENS_Kou_5.jpg,0x0,fuitwashere.gr,0c385cc9cc60f871c76d0eccd4f4a6fd56c50bd9531f7092e7de833977878eee
ast_0642,ev_102,blogs,https://blogger.googleusercontent.com/img/b/R29vZ2xl/AVvXsEiyJXonkuBkSZfC-Mdemtd9wEl2dqx-45bVLV82y8wsRHuiaK0Asb2hsIbO1EY0Fr-SNoWI_oMCIXn31liqXQ4eZiXSQr5n15ZgC7S4_sHwsv_xQxhYY-bsHDiVfE5J3qfr6nm0jQ8Vnm15VV_5xYZx6uTJfbdfZqgDM0bTBq9kGGW1RYKQW0xWnWh6/s0/DSCF0067.jpg,/Users/graogro/Dropbox/vlax-archive/raw/blogs/media/2023-05-18_1st_Radical_Party___ATHENS_Kou_6.jpg,0x0,fuitwashere.gr,9d5f6eb459a58abfd673aaa8682eea5c4bc7dc27facacb1470b143e1b620f9f4
ast_0643,ev_102,blogs,https://blogger.googleusercontent.com/img/b/R29vZ2xl/AVvXsEg7ghftCS1dQdnVK6RkZAuAQhE9uRGrIx9kClQUGqWTQ-6-6JjBIiwwwaaSLixrnvnh9TPxaQIeVhGNK42p_mJW182UvGQasWnIAaWGxTmxxZfFqCwywb49qPaHj2AL6bH0speDG-mws9wKoe7MshMjv2ZtX7Cmjgb8YpPbgyV_MFMD-PMFHuH_m-DK/s0/DSCF0068.jpg,/Users/graogro/Dropbox/vlax-archive/raw/blogs/media/2023-05-18_1st_Radical_Party___ATHENS_Kou_7.jpg,0x0,fuitwashere.gr,0d7f6d9b6b419776271cd3bd91cc0e87f8d7ccfb18f00a665b5f2413af59313b
ast_0644,ev_102,blogs,https://blogger.googleusercontent.com/img/b/R29vZ2xl/AVvXsEgLuw4l2uqbuZq0uQNb_ZFKJsebR2gFpWqlBJ4oOSUTu3T6XVQ477tSZk33qUnQH6ZAjHW0YqCa4YYYl48cLsIFQqqs39T3x4CszeXsowrg9BVIf8lAgHES-9CKkVsfHyfGEE1ELggGJCIwCrRN3DzSitz_a06MSG96Nrk2qMVh8kN1zih7lK51TdIN/s0/DSCF0071.jpg,/Users/graogro/Dropbox/vlax-archive/raw/blogs/media/2023-05-18_1st_Radical_Party___ATHENS_Kou_8.jpg,0x0,fuitwashere.gr,2d676fc1f7dc50df141ded4ecf18f1aab3507bd1450a2b20a08393cc6874316f
ast_0645,ev_102,blogs,https://blogger.googleusercontent.com/img/b/R29vZ2xl/AVvXsEgapfWzzy-9JgIIiloccn2vI-AtJXvmmGO2pM_0NAMv-FzX2x8wdbkCVaoBCkqLMCpak6NPy84OMhegApHIIX-dQcIoouw1jZUc7TBpl6j7iMrViI7ZUsiYEf2g1dIQmGwMJR2wnirigE165V27e2QohTAAjs6xvZZirqDEXO48b3TGh_rroD455dhL/s0/DSCF0081.jpg,/Users/graogro/Dropbox/vlax-archive/raw/blogs/media/2023-05-18_1st_Radical_Party___ATHENS_Kou_9.jpg,0x0,fuitwashere.gr,367d8ce08f95d8cb1eaa4f50751f211c11cb21616ba4a3b50ef76c69efde8da9
ast_0646,ev_102,blogs,https://blogger.googleusercontent.com/img/b/R29vZ2xl/AVvXsEjy-sa9_4YqBGiklOg4nO9gJwYxQBPj3qna1T4hy2DYv9nuICHXAyUtZKJEffY46Q6F5t5bgihE6AMWemGMSiUlzfFLBUesMee510b8LznONsS3a216a37p-D8P25lOMhvxDtQVOKXMSzBrzAMBIy1h_kb6cr5x3DDX2iq35b73tuQJeRsg7gbdhG3u/s0/DSCF0083.jpg,/Users/graogro/Dropbox/vlax-archive/raw/blogs/media/2023-05-18_1st_Radical_Party___ATHENS_Kou_10.jpg,0x0,fuitwashere.gr,056f687a51194d64edbcd0272694f388c401561046dfe29bbfcf38fc9a015b43
ast_0647,ev_102,blogs,https://blogger.googleusercontent.com/img/b/R29vZ2xl/AVvXsEgixDyyoRBF_CX3ZeWgrOp-qQ8K3VAf5sju-5sod-CJaJqaBG4K4f6R7htPCbMW8MG4ca1yLVLAq4mkey5VXf7mH5nUHm-nl3AbaqB4KkUNA7q2PzD-MEpe3EEHu5mlKBpKaUvyatLi_NmuAySIvvu4_FW1401bkNTQcCWr73pgbvKTM6zxOd6-Tfhi/s0/DSCF0085.jpg,/Users/graogro/Dropbox/vlax-archive/raw/blogs/media/2023-05-18_1st_Radical_Party___ATHENS_Kou_11.jpg,0x0,fuitwashere.gr,95b0988d7b37cbc2dfaf8a77cccbfb85bc5f7aba90dafed7cecde4dbf7b275c1
ast_0648,ev_102,blogs,https://blogger.googleusercontent.com/img/b/R29vZ2xl/AVvXsEhVw15nLUmaK7Nvgy8FLkaaKZw9vlo2DuHmrFaA2KXDtoGW05Q5e5DONyHuqEa6NWwx0pTJJFuXADNd71GL91oDlGDxqOmtr2JD-OBN4wiQwMPLq_bD51j-t60XF3v09IqrCSrkpNuxpnyVWJuh5H2Ofijx8RN5BsGF6X8IFI4KXCAOK5iWuQYf3gh6/s0/DSCF0091.jpg,/Users/graogro/Dropbox/vlax-archive/raw/blogs/media/2023-05-18_1st_Radical_Party___ATHENS_Kou_12.jpg,0x0,fuitwashere.gr,74c28231ed59c9dff1a48d0a3af7895a653b60e347945eda781728fb62703e09
ast_0649,ev_102,blogs,https://blogger.googleusercontent.com/img/b/R29vZ2xl/AVvXsEj0qxzzdLtHvJjwQqJ9TpBhOqCLzkluqfEJvDrIoVWwjM33V1SGeB6hDYiq_2-QXv8rfvzjHp8P9yVQtAuj1Y5uqxNVKLQwhf1D5dF6x1FI_0XqTdKrTorfGthbjCnceO-IscHo5J-5AfCn6c791mYLBSFGIAaxsQKPZCH9HA_BJTrLXLpKCawyc9Ed/s0/DSCF0093.jpg,/Users/graogro/Dropbox/vlax-archive/raw/blogs/media/2023-05-18_1st_Radical_Party___ATHENS_Kou_13.jpg,0x0,fuitwashere.gr,a4569df275e26127280a182d62894196750807b0d9e9f0ab00596cc16560c053
ast_0650,ev_102,blogs,https://blogger.googleusercontent.com/img/b/R29vZ2xl/AVvXsEiNVUF7zEkmiipXLjHFs7RrB-7gkDuVZglSJQ0PK2D5WW_ms6dytkOGBz6Ir4sS6_a2V0yEmU1I45DWfqOjoJcLgiJEg28AeeQmCkd4cnv29otR8C7vbE2GDy8F2a3qfDh9jtp99_4a5Kq3oNoEJ4ufOWryMH9wH2stIcpJHX820mR8HPpbtMEFOE_t/s0/DSCF0095.jpg,/Users/graogro/Dropbox/vlax-archive/raw/blogs/media/2023-05-18_1st_Radical_Party___ATHENS_Kou_14.jpg,0x0,fuitwashere.gr,5646076dd279ef4635d3d28e5067e46fa034b1375a43d5b88c639f97d1fc5c08
ast_0651,ev_102,blogs,https://blogger.googleusercontent.com/img/b/R29vZ2xl/AVvXsEhieMQjKtwpGs3ruExZNpJSHcBpETktcCL-NQlZRT7GXAz85eQqfwIFKW17sYtLVU3ZtAnAVvqA5_fWieqlZRY1MYudNPj93_XvYI8VNjOgjtAavetvyOChkx1-kiVCg34eLeM2CGaiSfrWSpRS-eMoFop7djJkJzbtHiIpGc1qDzXZOmU9jl0Fc6tx/s0/DSCF0096.jpg,/Users/graogro/Dropbox/vlax-archive/raw/blogs/media/2023-05-18_1st_Radical_Party___ATHENS_Kou_15.jpg,0x0,fuitwashere.gr,bc9965139eb048c5c23335ae66c3318b953da1e0ea137dc65762aa7143673338
ast_0652,ev_102,blogs,https://blogger.googleusercontent.com/img/b/R29vZ2xl/AVvXsEgkR3KTBzMZXYj5rndVp8EjUfHtDCtFk9ittKIXygDo9Oy7DDDJmFMIdSIAsvAYsmKGv3DTtL3vCo9L48ce4RcOGkI0VWAXdD00pI1T6vT5PuAv2MGi2_pxkYtuHvQ6Rpjmn_nhlZaL0NlxW4bDqty_jHD23f5Vsnfn1bdwtHrk_19JmWrgBj35mZDS/s0/DSCF0097.jpg,/Users/graogro/Dropbox/vlax-archive/raw/blogs/media/2023-05-18_1st_Radical_Party___ATHENS_Kou_16.jpg,0x0,fuitwashere.gr,882d0e5ed528a2cda7c75349a8f4bbd6e13df21e546f0c8ec62ac94bc9ab0d94
ast_0653,ev_102,blogs,https://blogger.googleusercontent.com/img/b/R29vZ2xl/AVvXsEheRoS40oH_KpSDHIYKrpZB2yQyTZGE26oGzNXTE7WWyO2xkWQv9ZnnVYh3aunQn8aDDJmWF4maOwyPWYFOSoJBhCJli1sWgOa1zck6RKM5GPe-1uEX513mX6ML_FuWnJZcrZTuYRk9zQwIxNGeikGDrNqwFnWt3JXpDGhc1ZR4Iv_Czh-Oi07PCQR6/s0/DSCF0101.jpg,/Users/graogro/Dropbox/vlax-archive/raw/blogs/media/2023-05-18_1st_Radical_Party___ATHENS_Kou_17.jpg,0x0,fuitwashere.gr,c0a4e99a4aa80844e499250bab061b0d2a82645bdda28ba6d54afbe3fde77390
ast_0654,ev_102,blogs,https://blogger.googleusercontent.com/img/b/R29vZ2xl/AVvXsEjz8CUWncxWXNfeGvrBs7UJ1ZTY6yrecFeKtgbLGSfZ1G9ESgxI2N8kPB1ZWYI7axnzShqLA2-lG52noNqoAVdwwXnB3tE3vpZiOeFMPyVvT3pO3F5MtrLINGSTYXojliFGaB0BkAw8HokE2AMR4p4l4DgNf9wEH_cOAfJ17DfUt1ZCkTFpJbJ8Qu-u/s0/DSCF0109%201.jpg,/Users/graogro/Dropbox/vlax-archive/raw/blogs/media/2023-05-18_1st_Radical_Party___ATHENS_Kou_18.jpg,0x0,fuitwashere.gr,9fed0f7c3dcd09e4956c31e286a7d86cc759e31222a7a5d3ce2549361ac1ccc5
ast_0655,ev_102,blogs,https://blogger.googleusercontent.com/img/b/R29vZ2xl/AVvXsEgwAjI-CXZ4AnFWcASVlqseeLNvDZlp4iXsdw0YgC8dmUrMM_AqmOUjgeiCQERes_nMpKnz78fAk3g29R0TnXZDxGVOiC3iwwLRTbVVkKA82S9qSQnF2Evmc4V9YQ5z6r257eKIp-NwNUwvbreaGVYnjhqmprAZIMX-JFZzacm38-x0_8s2yiGYjmCY/s0/DSCF0110.jpg,/Users/graogro/Dropbox/vlax-archive/raw/blogs/media/2023-05-18_1st_Radical_Party___ATHENS_Kou_19.jpg,0x0,fuitwashere.gr,10413dedf85469b7b97130e2139e59307de2c604fed3fc709ba9f2f6c6a02d5f
ast_0656,ev_102,blogs,https://blogger.googleusercontent.com/img/b/R29vZ2xl/AVvXsEjow3fguHoi7LshNDcNKIw91aYD3kiTgEJQEqhuM0-Qgod0cKW-7hSlVSUu7djtrh8YMMPxk71-jJQgtvooim8QlQLLZV9fLy6um7qx-6_4wSqUhRhQueikWbOvMpnlSJTrC-d0hbgFWL9t3-6vaqZ17RjaXSxp2Vl1IEpjeJdTAJwm0mvdUtZh3i-W/s0/DSCF0112.jpg,/Users/graogro/Dropbox/vlax-archive/raw/blogs/media/2023-05-18_1st_Radical_Party___ATHENS_Kou_20.jpg,0x0,fuitwashere.gr,759362f8b2a914f9d3159251529f37b1dc30dcb05b6bfa85bc39e3998ab3249b
ast_0657,ev_102,blogs,https://blogger.googleusercontent.com/img/b/R29vZ2xl/AVvXsEjUBcin_RTGff2w2esZg1yOzpw8MHsVnV8ZfexjXwGluTeP-DyZAefYGXaPcEgmPGIZfCAi4a13nrWNqYysBD82176CeSevYfJXn_dYEeZcm0ZqnLkFZYHBQSa7apMXxbFZFm26ax4tw_31uLwmnwQ47nwfvo_VIyTB53inyCq4SmJgJM12YzWdX-jW/s0/DSCF0120.jpg,/Users/graogro/Dropbox/vlax-archive/raw/blogs/media/2023-05-18_1st_Radical_Party___ATHENS_Kou_21.jpg,0x0,fuitwashere.gr,3bd3ec48abd709b02b3440c99e6adc9535c0d645a25efd24c43902224440ba59
ast_0658,ev_102,blogs,https://blogger.googleusercontent.com/img/b/R29vZ2xl/AVvXsEgS-l33ZVogSIoefYojjDC704wyPVqfBBqEwA1QVcoeu6IgQajaXmpZOFp1PRQv71KQzXnhvn4ffxJfl3eKHnVuLoW0f104q7okWJu2inXvLw76KPiuOdefkuaLp5QHZbOfvdIyAmGmVckNoihsRkFU-kbpXinJUP40UQpHAE_akSdd-KqYB_HZz92c/s0/DSCF0122.jpg,/Users/graogro/Dropbox/vlax-archive/raw/blogs/media/2023-05-18_1st_Radical_Party___ATHENS_Kou_22.jpg,0x0,fuitwashere.gr,930f63b91831b7445524ab6b647d341f7fe260ddfc083fd1fbf0772296ecdefe
ast_0659,ev_102,blogs,https://blogger.googleusercontent.com/img/b/R29vZ2xl/AVvXsEjhhK41g8Xi0jNbsCXFmDvGvdOzpURbunRRU9WMEJBPYD52r3XJ52QLyf1azb0C6TOsSqGtM9fezF53nuVEUp0I4XQkO3qsC72Q3jPeqF_DJqoyXdZbtp2IYgSfIFzLmJV_yNx6gilnPqLN6hVTzprZH__fUnMs0SYe5HO319J_Pf5AZB13IpQE5xd-/s0/DSCF0124.jpg,/Users/graogro/Dropbox/vlax-archive/raw/blogs/media/2023-05-18_1st_Radical_Party___ATHENS_Kou_23.jpg,0x0,fuitwashere.gr,00ed4f0ed930756244719dc7fcf09aafe67deb7cec0afc49415b90bcd8d7215c
ast_0660,ev_102,blogs,https://blogger.googleusercontent.com/img/b/R29vZ2xl/AVvXsEioKTJP98hVfN82o_1Uhe9gHNFq3Jy5HMh49Ni3HA7-9bg5m1miIimsfSwAXsMzhCPvDR5gnEmxsuYKKhjFZ6rtM8QZVVAjWGE_oSmjfm5b-6nPJoeBR3cEw4ROGGzl6casGcAsyXW-PA5c0gTzzHLGZnUmiuP4cGIDJbTMu1QiDwDav9Tg8gfqeb0j/s0/DSCF0126.jpg,/Users/graogro/Dropbox/vlax-archive/raw/blogs/media/2023-05-18_1st_Radical_Party___ATHENS_Kou_24.jpg,0x0,fuitwashere.gr,c6f99c97b9166e5c24ad4c2cb082cbad5e76b96d85e2ddc023d3d9acc2b78170
ast_0661,ev_102,blogs,https://blogger.googleusercontent.com/img/b/R29vZ2xl/AVvXsEjfD5LMEnNOkIJ0b-E_IvMcoaN7xfoFQ3ob9m-IhR4cdZKsz7elyFthBWqavqRGfyQcaiA0X5J_i3QayZo-uiGvUz5O4P7PmkMW6cY8P2cDU-tOPCZKkM50yh-UMgMKDM-YLJ5kWEXXvAUW7VSAj0XqyydzF-Ug5w2Psfzb7q20BbQosznlzSRRSfEz/s0/DSCF0127.jpg,/Users/graogro/Dropbox/vlax-archive/raw/blogs/media/2023-05-18_1st_Radical_Party___ATHENS_Kou_25.jpg,0x0,fuitwashere.gr,0aa5eb479fd3389becbd0e014e29a3e3dac9eaf6cf6fba37956f5f7a70e75ef7
ast_0662,ev_102,blogs,https://blogger.googleusercontent.com/img/b/R29vZ2xl/AVvXsEhSV4nBGJE2Jj4eOUxKxxqRC87p-WTSRomuZqWiCg2sN6XRSemBmNTBAmjFKTYNa8QQbhUrXaLG2pZe14sPdusSwDHjq4xVhCC4mfd2_S7FwQ_JVVwiMo5guKVw3isUI4b2R0ck2HOHI_5-XV0oBtMSylXgErBzRenJEWK8kkAx1eHkt0sKFke9hQ4U/s0/DSCF0137.jpg,/Users/graogro/Dropbox/vlax-archive/raw/blogs/media/2023-05-18_1st_Radical_Party___ATHENS_Kou_26.jpg,0x0,fuitwashere.gr,8406a16261929b24ebec5eccb633aed0fbebcad0456f854bf6414eeaf4dddf6e
ast_0663,ev_102,blogs,https://blogger.googleusercontent.com/img/b/R29vZ2xl/AVvXsEhOJLrwUQRFbF_o7Iu_9V2hY7ogEguVas12WFSoPWYlcLFnl-Y15M5NJqiu5-6AEt4biRJYQTjL45wADqnBWbwfcksY4yO1qaLzcqbQt4J7hMGeo3Gk5QijpFl0YJ3hO4N7bWA2NJ9-fc9KgvpWeSCJMz1y6oDnL1fBqLGzW7fmmamYMiGOmwnQ4NEJ/s0/DSCF0138.jpg,/Users/graogro/Dropbox/vlax-archive/raw/blogs/media/2023-05-18_1st_Radical_Party___ATHENS_Kou_27.jpg,0x0,fuitwashere.gr,46d56e5ed288db34b7baf93a95fa871aeed19fe4ada2fb56c9429f624f09ca6f
ast_0664,ev_102,blogs,https://blogger.googleusercontent.com/img/b/R29vZ2xl/AVvXsEi-OvYjEV-XANOrHVowLRm6CwoqSrorm1TGDf120LDStVrbWBb5x7Ip9w_Romr3EQJlWHJ5gZj6zwig8OP6lt5PwEliyvve_A_ShddU5wm3PRmuTFhkicpTFvjPM0_IDu27JJg3RzuWq4_oWxJsQy_ZX4u_kbepkoSYLzTL_yQhWd0ngTn1Uqnnga6X/s0/DSCF0149.jpg,/Users/graogro/Dropbox/vlax-archive/raw/blogs/media/2023-05-18_1st_Radical_Party___ATHENS_Kou_28.jpg,0x0,fuitwashere.gr,ab14cf5f3fecbefe3b6e50c6b8fa64d7d8c369c59e70c0e7649e425a1dc1d3f4
ast_0665,ev_102,blogs,https://blogger.googleusercontent.com/img/b/R29vZ2xl/AVvXsEjqyhRrFg3rdEWkFtx0uyXCsWgAGj60D3GeaGeUSCF9LMpX9JogY0W-iJyvOhKCjv8-CsjECGMvkRulsuHcj9fS_cWrA3J5AxfC2cLrBgPXsVLY82I1CQi7h04N2NqQEiEIvT6jMRPsZ7UO8keGtGJXAeO6XX3ZlM6pMcNdeCtvbBkJA2LOL3f8V8Bq/s0/DSCF0155.jpg,/Users/graogro/Dropbox/vlax-archive/raw/blogs/media/2023-05-18_1st_Radical_Party___ATHENS_Kou_29.jpg,0x0,fuitwashere.gr,c9b004a4a92c1c653a1fe23cf84b96cdd87360230b51b3810172f376b5f5edd6
ast_0666,ev_102,blogs,https://blogger.googleusercontent.com/img/b/R29vZ2xl/AVvXsEiZDUudgIMDp3TzdrRPTB-I7m-jxiOPljtG5awyoB5pH_jSXE3fXui0gcmsJeUlvRz1WMltROLvXxerZwQ6f6sjDIyzTR0Y_Z6flWrD2Mtk6jgHmlJ-TyEl7wzIaGfEXkST7y5ux4dObwD4NEOlXsS32I4vi7U8GSW77OXCAcy9706ikgQQIQ8isJeu/s0/DSCF0156.jpg,/Users/graogro/Dropbox/vlax-archive/raw/blogs/media/2023-05-18_1st_Radical_Party___ATHENS_Kou_30.jpg,0x0,fuitwashere.gr,5c24716faaf71a53b0b183b962a22bafe01ad020fc0e03e0388ce39cc685b331
ast_0667,ev_102,blogs,https://blogger.googleusercontent.com/img/b/R29vZ2xl/AVvXsEgWe6itnmp760aQ0GXaZR_qaamivopjyUH_4slDR43WKp-mlTqhnyaMK9BhUGB_gOLzgOC21NfiBLQeUTfN-H_2aNrDaRp5DC4PJJe1-hiceOp0C_XOw48CwNOmWDnRZYBmPhT2q3cfB0Q-tRi1cXdVweJCKe5ry7MwlTrD6i8dVvAGaLsBxeMPo2jM/s0/DSCF0162.jpg,/Users/graogro/Dropbox/vlax-archive/raw/blogs/media/2023-05-18_1st_Radical_Party___ATHENS_Kou_31.jpg,0x0,fuitwashere.gr,5e7882efec13f45fa614891ec9c13936e5c05d1516a1bb97e85f339082d97477
ast_0668,ev_102,blogs,https://blogger.googleusercontent.com/img/b/R29vZ2xl/AVvXsEhmbMdUFYufO2rIGkhmC0yTnuvcbZcl3xrrTnwDxj4X7mHp8TYa4uGJYBP7N8NYnO02xRQ6yBEkgEEuiB-wVjECZH_gyQ_TWGkeQDN59vEodVa1RQJMsz7kkNfQLutFg4kM7Svt1VUWluGtEfnYJhALX-kJh-AEsKiKsqjHWI5pGpn9ceQHBA8fLZWP/s0/DSCF0163.jpg,/Users/graogro/Dropbox/vlax-archive/raw/blogs/media/2023-05-18_1st_Radical_Party___ATHENS_Kou_32.jpg,0x0,fuitwashere.gr,2297302965e6e1e386128450c1af604f3c8abed9176a88b3f57276a2aeafc769
ast_0669,ev_102,blogs,https://blogger.googleusercontent.com/img/b/R29vZ2xl/AVvXsEg4vGO-pQJEobFTkO-JoxiGH_4gHGm1z-dt4SVYiAmUuOwj2NaRfn315u1YwgvDOIhinmwsI7K9WBAg1-4mneYeKdrfGCH2iBv_UuhKNQW8PrSuNamccY6zR16aDnIpjhYKq2rdt6-oJEFJEj7CLlLBy3K9IchIR_J2f1MZ3MwDwgK6jPUvPcokCIj2/s0/DSCF0183.jpg,/Users/graogro/Dropbox/vlax-archive/raw/blogs/media/2023-05-18_1st_Radical_Party___ATHENS_Kou_33.jpg,0x0,fuitwashere.gr,e2e4be6516c6a1a860baa8feac93d17b59161f645f7c53997f6e0961e86d919d
ast_0670,ev_102,blogs,https://blogger.googleusercontent.com/img/b/R29vZ2xl/AVvXsEis1LQIJG15DCbLfeIHrqSAEYnMo0OxpIomgsykQ4QwFFTi-QgwxaowTk1AvOaHueF3qSAyNW4L3ouRvoRYKGQsXzNn3JJlHIAasd9A4gvCfdfeESP6AZKFmfwdF86-rQ0sCRlgKOTYgz6_DCiCpsjuyJmEq4x94rv04paU4sfbwBYbr_0LOOzr-dfo/s0/DSCF0191.jpg,/Users/graogro/Dropbox/vlax-archive/raw/blogs/media/2023-05-18_1st_Radical_Party___ATHENS_Kou_34.jpg,0x0,fuitwashere.gr,240e20e3b1e4855fa3648bcf9332ba675feac0143a3b03173e4e69ccfeedcc46
ast_0671,ev_102,blogs,https://blogger.googleusercontent.com/img/b/R29vZ2xl/AVvXsEgeWpVRvW_hFxV7qThPMFsR15aH2saIMVOEk9H8OzAg8vohJdo8XFOQXpsR0GSgtUNr9XYlYOyCObr8l_2v9xiQMRDLjDga95SGAqYmQMBhH9GKt6KeURRE7Gmr-bEwnjjYQTEZNHzdAhxo7JefxOv3p7kO66i7wlG36t8Chze7HtAPI8micp89J-XR/s0/DSCF0193.jpg,/Users/graogro/Dropbox/vlax-archive/raw/blogs/media/2023-05-18_1st_Radical_Party___ATHENS_Kou_35.jpg,0x0,fuitwashere.gr,5527ca7749d962887be8117147171520ae299e5bbdd739a2ac9ec92f01ed1e6c
ast_0672,ev_102,blogs,https://blogger.googleusercontent.com/img/b/R29vZ2xl/AVvXsEiB2yF6qG7aROu54GKCucBObOKwxT-LDs_YGXVZ714cKwD1RHKPdj6vGjsEhMyv4hmAptRNqVhoYzRJFA2HUYk0vU82Ky2YLP5wfan_FHlKoTtIf08aSiYEva683_d7Cm5e63FRLTg5ti3v6_javTcJIwN-VbwPSuGJlsgOWnOiRp_eyQxH_V8L2dYD/s0/DSCF0202.jpg,/Users/graogro/Dropbox/vlax-archive/raw/blogs/media/2023-05-18_1st_Radical_Party___ATHENS_Kou_36.jpg,0x0,fuitwashere.gr,3d36dce8779ee19f85508d9623c06793e933c7b0616019505f01252cae78a3f4
ast_0673,ev_102,blogs,https://blogger.googleusercontent.com/img/b/R29vZ2xl/AVvXsEgi9_DUdfOAXyChMkZ4f9Nl8E39vpnt6vF-YzQTrNYcTNBqdItKFjRiBwIp--ZJrGkrnnnLqIyjz8vDgn-IvrlGxqWu6Um89yiZBWxlhbH5qDuHO4NUbJTeoMVIxoK6qwvYxVf9x_Xfu_sT1uZQIoKat1VwvcthzbuTWlTKtSX-xqS-MZHG9l7a-Jq0/s0/DSCF0209.jpg,/Users/graogro/Dropbox/vlax-archive/raw/blogs/media/2023-05-18_1st_Radical_Party___ATHENS_Kou_37.jpg,0x0,fuitwashere.gr,4ffb95d400010219e4af41e05efca96da2a56189c232f2c9b488d4fdd5b26140
ast_0674,ev_102,blogs,https://blogger.googleusercontent.com/img/b/R29vZ2xl/AVvXsEgymOo_Ziy3lB1bjOctf_NfysiaAGNZEIsQm46Qb9Nb5ASTHP4dhVV9YZdP4YzT7UvgiyfIzPtFbLMv7HdjkmL7sKGDED6arT9MMXKyn585-eazDcq8aeGGQMbDUj73UaeuXEedOQB-FTfxGHUOB1bmmGV1fYYl2hLP-rO-oqPKMQJEbj0XQmTOv8E5/s0/DSCF0211.jpg,/Users/graogro/Dropbox/vlax-archive/raw/blogs/media/2023-05-18_1st_Radical_Party___ATHENS_Kou_38.jpg,0x0,fuitwashere.gr,f78f7d93ca700ac62a167e199c01988a2331691c0fe05adb7b23460d1da2a0e9
ast_0675,ev_102,blogs,https://blogger.googleusercontent.com/img/b/R29vZ2xl/AVvXsEgTdUy7cCXpxdUg7I6PHEjXtme_Zx2kY_Qy_7REkwz4ZpID9c_-MN8YcWmtiQKA12aFSqn3VzYGXDCxbP9WzE7tDdzibZ_CCCvV3iWXMQV-JTuWIK5spiK5rXkpjFsBT3EmoNhyb2Y8eDCtrrE_Xo25mo5oY6SWNBhZ2-Bi9-e5nLf1Wxw5_tUz4he-/s0/DSCF0215.jpg,/Users/graogro/Dropbox/vlax-archive/raw/blogs/media/2023-05-18_1st_Radical_Party___ATHENS_Kou_39.jpg,0x0,fuitwashere.gr,25560ffe5781d75eeadd8338acfbfb7f25c6d482adbccb123633ac7866308eb1
ast_0676,ev_102,blogs,https://blogger.googleusercontent.com/img/b/R29vZ2xl/AVvXsEj4NxG__xBy0xQCmLabV7sGUpYoZy9U64hvIls2cNjN-hVWna5wXCWJ4l04CDhNyG12dvX_zWtIzC__GpCtrk_THDtoz0n1eHdbc8TnMwBxEv5wrLkyhm3PVSgYDG63LuErsVc3MMMkd3xdtRsFOM4P_xqU6HNPUqihuDJ4kqww5iCnHmuVBDdqf_Pr/s0/DSCF0219.jpg,/Users/graogro/Dropbox/vlax-archive/raw/blogs/media/2023-05-18_1st_Radical_Party___ATHENS_Kou_40.jpg,0x0,fuitwashere.gr,a4e0053842375147bfad156f035be8a6877ad1fb32bdf3418628031032c79e63
ast_0677,ev_102,blogs,https://blogger.googleusercontent.com/img/b/R29vZ2xl/AVvXsEhyhrSKW7gT_zrlTmSpYMS-_sNaDGnOpmKkvKIyfEcPSgnq8k-hEcRJgkxnPLP3yLkPK4DLvIakO_MZFZ_JzIFqKFx63wZ9XN4XXnsI4SmWsUiuyjOyjSCzO0narS52ntIWkA6gxHQnnqy32Yh_jT7psjMeIz1mtCvygLXnvoFDxZbmOL4QkEsZN-Kc/s0/DSCF0223.jpg,/Users/graogro/Dropbox/vlax-archive/raw/blogs/media/2023-05-18_1st_Radical_Party___ATHENS_Kou_41.jpg,0x0,fuitwashere.gr,54165da9afa02bb770c700cac21318f9b96439e6a2b02cd689f152416ba0281d
ast_0678,ev_102,blogs,https://blogger.googleusercontent.com/img/b/R29vZ2xl/AVvXsEjJDI-qjhUDTlV_inEPbire8_Rf-ddkSXTTbbhKPG2GGaPWwx0L3Nia1tTflJnXBIROXICgUx2YCBZvRxzzPUcvXua0imItzXCRpUQ0j__DKWsryD7pq3_-JF7m163tsys7-_a7JuyOFIYtcTWf5LNd-BqRXtNUh2SvMkdspKobDFcWgodWtYAzklgQ/s0/DSCF0225.jpg,/Users/graogro/Dropbox/vlax-archive/raw/blogs/media/2023-05-18_1st_Radical_Party___ATHENS_Kou_42.jpg,0x0,fuitwashere.gr,c11c0169bf3a68b1bf49909354635db9102e12f02acc32f36fca21dd968ccea1
ast_0679,ev_102,blogs,https://blogger.googleusercontent.com/img/b/R29vZ2xl/AVvXsEglDhhjSMqThUqdB0RgrhmECp1u8l4fCeM1mY46MJ1Kg4A94mj12g7H-fCL6G_7MvcYQGP6B4k6MTkh6UoQL-Uo_hIG8SlXEHd4Sx5cm64f_p0nMxykIUQXfakMXn5qtPFlHMMwtHT55Mf9QkBWXoTUKOY3gvA_qMasX0dsEtB5EMTfwmVHk0ijFXen/s0/DSCF0233.jpg,/Users/graogro/Dropbox/vlax-archive/raw/blogs/media/2023-05-18_1st_Radical_Party___ATHENS_Kou_43.jpg,0x0,fuitwashere.gr,364c02b82e228ec8e4488a999498e97e3d0758a6ad81a5986f4dd852895cc3d8
ast_0680,ev_102,blogs,https://blogger.googleusercontent.com/img/b/R29vZ2xl/AVvXsEgIS_aBrLMn1YUgri4HR0tViHznZu6ZYTRl2s7iXHq13h91-bxk8CWNR7UY90k9pW6KC7gS8YHVO8t6PyLD_4E_d9Ei5Dc5_LiRX5RQkvZxACG_Kpyp6XhkadwRAiGQc4L8EoYB-o4sMaHlN_W4hi2i1Svd-TRDx-GuA8Q13EjpyJUTMf-yEiDFbfDC/s0/DSCF0238.jpg,/Users/graogro/Dropbox/vlax-archive/raw/blogs/media/2023-05-18_1st_Radical_Party___ATHENS_Kou_44.jpg,0x0,fuitwashere.gr,9b9f6a3a8cf02aa5a35b95a75693859e1d4a9e75eef90d1da5233b545be641fb
ast_0681,ev_102,blogs,https://blogger.googleusercontent.com/img/b/R29vZ2xl/AVvXsEgQR09hi-lAranAyspSVmpEVvlCuw_J2tyQ3z7L1Ena8JhwCJohIHSV9_LoIQK4ip3cwJP8G3-F4L9Nlg_1NhrB0MYWZf42s6VNKR2MLDSWj5fSVkoUMG2iCkGIie4BvK_JKIy0N5hcDSdcwLg8uQ95hSImzW2iJpxTY14HZNAb5D2wb_MEPSmOgHYV/s0/DSCF0242.jpg,/Users/graogro/Dropbox/vlax-archive/raw/blogs/media/2023-05-18_1st_Radical_Party___ATHENS_Kou_45.jpg,0x0,fuitwashere.gr,15fdaeffb4c27f44333a6f0ac8258b1dd171a8d832d0dea8992c1a0873a442d5
ast_0682,ev_102,blogs,https://blogger.googleusercontent.com/img/b/R29vZ2xl/AVvXsEgjVJyXVp3G9jGq9dHokDHNgBN6bq8v5flf3KCpEMsc6dTp4AtPkPzg9QEjuado8eubOrB6UbruAUQuKae00JhU6KwFmlzi9--aLhmIPrskO_SSkl9mvxTBMK9mEtnpgHSwpOObdsJegFwlw-Av9XR-Hj7srMVuCUJUybpFyOmignpM4-Px-VGxQhL6/s0/DSCF0246.jpg,/Users/graogro/Dropbox/vlax-archive/raw/blogs/media/2023-05-18_1st_Radical_Party___ATHENS_Kou_46.jpg,0x0,fuitwashere.gr,c3f74c6ca0f5b93b4254c2137454d21a1b681a23a099c791c1a5fd6a555187e7
ast_0683,ev_103,blogs,https://blogger.googleusercontent.com/img/b/R29vZ2xl/AVvXsEhAVlvOCuNDIZX4QXXizPwT4jcGL7u6YGGNGdWBb2yEuTDRtpWW5DPHvqxKYov2bgwC-tTFo97m7MSa0DLO_O7ocsRwxGzJm2humaAIxJOPqnY0800F4k3hx0QBkm6pE2JpJk44waCjh7AgpvaErB5Neh8i5dOPGm1JXJkLyv-kY661EQw5XHxK8j30/s0/A2PosterMockup_01.png,/Users/graogro/Dropbox/vlax-archive/raw/blogs/media/2023-04-19_ATHENS_14_05___Ράντικαλ_Πάρτι__0.png,0x0,fuitwashere.gr,7bec17b98f62b60e9272194bd38c30b503f0ff764566a9b67b0160b27cd35034
ast_0684,ev_103,blogs,https://blogger.googleusercontent.com/img/b/R29vZ2xl/AVvXsEizjWHsHdKRbrmQmsknvUvCAQeVq_BaGofBhC0GWm_AdjkvCrmYZptX8eJUX-dZ7RtSVkkZQPiJpurPGN4GNyYlInpo-_aAlx9WMC6t5sg6Te3vuH2RoChIyiGhb2Q_EQoob1rCHZMdinGMC1enM0B_wJBIN2xjm_dkacIKYO-Wr6dix3LZBDCGl674/s0/FUIT_ATHENS1.jpg,/Users/graogro/Dropbox/vlax-archive/raw/blogs/media/2023-04-19_ATHENS_14_05___Ράντικαλ_Πάρτι__1.jpg,0x0,fuitwashere.gr,82162da1f0f2f88339dc5fb0c8c94fa04a28126ca9da9e98041c8d3f4e50af2c
ast_0685,ev_103,blogs,https://blogger.googleusercontent.com/img/b/R29vZ2xl/AVvXsEieDqu6P2shnJa_khxx-mO9X2LupQOfI07FyzjZm9ecOBY9C1LsZMiSacepnkB55isXrJkP7dJr5kd3iIV0XS0zw4GWiQGqMDq80cXA3wSaJvhNKs-J8WsD_H3CC4k05iNvqv-Okulvbwvj3VQVHAX6RZLb-BcVIX6jE-u2HKE1dVeSIlvy1bw4I1lF/s0/Screenshot_20230426-011054.png,/Users/graogro/Dropbox/vlax-archive/raw/blogs/media/2023-04-19_ATHENS_14_05___Ράντικαλ_Πάρτι__2.png,0x0,fuitwashere.gr,ee56e80fd9bd1fb244d25057f23c9a6e2cc65668d12c8e378786442687393655
ast_0686,ev_103,blogs,https://blogger.googleusercontent.com/img/b/R29vZ2xl/AVvXsEi1oWOKVgjjs3Un3DCSLAJIM0nVd5gF2ul8YcaB6lCmi4iUYZbf2Xew3RID8VYueKUk4kNSaX_dTkqgsWypb0IZbFxim8iBicgMm5vdvACwRxJNC6Ru9NN9VCJVh04OwrTJCqhjm4tKSytP4LhwLeLqGM4s1Nc_Tpr2AcYjiG7Pz32dgqkKeLieFre8/s0/Screenshot_20230426-011007.png,/Users/graogro/Dropbox/vlax-archive/raw/blogs/media/2023-04-19_ATHENS_14_05___Ράντικαλ_Πάρτι__3.png,0x0,fuitwashere.gr,6b91977f66d3f28012df7b66ffd68892996cf77a9f5746fffe495df6747f3dee
ast_0687,ev_104,blogs,https://blogger.googleusercontent.com/img/b/R29vZ2xl/AVvXsEhbd5xe_cQRkAXp3Ze1Mquy4Xy0kR1vTVndJn7cO7ew-JE-aB6XKlR2L9pN4btrtfsix5PC62sABCYtjAvDvTrbfpti6FaKHVIDcsUmrN1Di88uC1ZNQZbrYz6KkxIkuasWgUbVIcUhfSV5Ok9PdBW4UyhuTgDAqGZSCs_bllfiIKbPAr8XeUso5xjH/s0/IMG_20230417_211130_394.jpg,,0x0,fuitwashere.gr,
ast_0688,ev_104,blogs,https://blogger.googleusercontent.com/img/b/R29vZ2xl/AVvXsEjbnmsYME5B8FJ3zMmf-qA-FcS6a0jkFs83MLX1Fcrha6Kiw1WeMzflzXL7OYtr7s2OCsPIlzUs4VsemmbAd0bq_v6J3VxzsbHHm957c19ImixQzao53qVW4C6Wsip_gNjPlS1p7-SEc5v92TaDySSQaZYDrm-uFgKHej43PEmrE5MUJ328GIKxFrKF/s0/IMG_20230417_211130_567.jpg,,0x0,fuitwashere.gr,
ast_0689,ev_104,blogs,https://blogger.googleusercontent.com/img/b/R29vZ2xl/AVvXsEggF8Egji_MWCaYZyfx72MybMBshAVBr-AhTq00B5yRKydKE5BK5_aqR13RfN31vY3lihCEoHsE_KrgCNAW5xyGa6GTA_Js4O6DA3ApVnmCrMkipHaqdkVM5WBkcvPimuFUpZQWMI85MqciZvi9EmpqmqzWtvyCjyd22PE0iuPvLC0srwVD8Y1F703q/s0/IMG_20230417_211130_596.jpg,,0x0,fuitwashere.gr,
ast_0690,ev_104,blogs,https://blogger.googleusercontent.com/img/b/R29vZ2xl/AVvXsEj9Fo2HadwmUekp7OVPpPvYACH-Q1Q1PR8VvpgRVvVwFZQwD-mmkWNntCPUX3fYSaHn9COSbUUNW85c0f9wpxuyTe1gZ5I53yu-feN7k9AnmFUJvg-C_Umi1R7CIO9PyiImMIEWwQQR6JTqCmSkpTcbMMwr5qxXGGNF54hHgHTiACKsrN0h5855XdJl/s0/IMG_20230417_211130_706.jpg,,0x0,fuitwashere.gr,
ast_0691,ev_104,blogs,https://blogger.googleusercontent.com/img/b/R29vZ2xl/AVvXsEifRrXwaC--8XotKIABu6lhMMscY3A4q9eOEVagq0VaMTAT8-XCcAroztg7IOIxrXMuqhp_011uvEfNMRrrYhtdSg6NDqcw6eK9oCIfSMqEBNatn26axxGE4meVHGrxIUYcoQFgfGp5OmzNrpuTujl0HN6d9yqRS_IY9mb-vvm8tuybY-GzDb_dqQDt/s0/IMG_20230417_211130_730.jpg,,0x0,fuitwashere.gr,
ast_0692,ev_104,blogs,https://blogger.googleusercontent.com/img/b/R29vZ2xl/AVvXsEg5q4CnIU8W-nFcFpqy6tNwC2swQyp3ZOSfy8ZKP28hLkjdFLSEYmjCeaADTQUumd_zVGt92EzV5onqWXQt2oJ77O8ZR7l0QG-FLEArYU4qme19YKFSMp4kucZ-HkMSQsQIMQIdmLdHvGSOb-4uKV-8RVrlhTUruGhiwNT1vsLsiPVq11XxK91VKmye/s0/IMG_20230417_211130_876.jpg,,0x0,fuitwashere.gr,
ast_0693,ev_104,blogs,https://blogger.googleusercontent.com/img/b/R29vZ2xl/AVvXsEjkcsM__ogeyScpneA3adgScrNo1IewjwhP5StH2A9Z7owBQcUFEFOaz_4b-wuHtwpUKbbcZQdRMbc1_KNzD3hlxR8mCRmMr7x7abTudDRQk2Spl8biV99kptvY-LTcvLksWawP9PN9GLNIWVqnOWpYCwQdT2tdT46dPLxbZE_1hDOQ1C3kCdZV3u1I/s0/IMG_20230417_211130_893.jpg,,0x0,fuitwashere.gr,
ast_0694,ev_104,blogs,https://blogger.googleusercontent.com/img/b/R29vZ2xl/AVvXsEgq7524eNrzuxvnIqbxz54MVlWCxLfkFPkjvwyDcm2XtZET9YjgP_eTEDOpqPyNsbu5DWVfF5Xa1PZsadhNXDHBhjwYalAwsvoMvn6tNamLfMRqCBlfiIflN67wEDD-Wlt_MaPu_xcSmY7XbBgFmtnbBzCn6MvhT_y3tV_4xRl1EGsU2WukE3RAaLnI/s0/IMG_20230417_211130_927.jpg,,0x0,fuitwashere.gr,
ast_0695,ev_105,blogs,https://blogger.googleusercontent.com/img/b/R29vZ2xl/AVvXsEhJgTfU0ku8ld5XvHScFjqBRgsn5gNj_9N_V-ztIKn48IBA5dMmP_VuNKCVEXL7OHBKpQ3sJ1RND3Skoa8d709sFwYl6Mz94PBl1vf34rOClMErxEDt57pZmY9zgsZVN7LLSPnJjN8f-FZ8rSIQs7I-B9TyLRveRHLLduXawFIhVoDS0RnKgvjFPzOx/s0/received_623313292744400.webp,,0x0,fuitwashere.gr,
ast_0696,ev_105,blogs,https://blogger.googleusercontent.com/img/b/R29vZ2xl/AVvXsEjXfTRmtYkDytMCCgHsKCZAK4kn0YOOHKh8xj0Yh5QbTawts_johhLrSqLrR-dvsy8-J1_TN4DMZSczqZQoVgpN1VFFyYP5fzRk7hoVgsRlmHDJQEsV2hTddNXxWI0A3ydJaHHT0mnHaN7LvXxI7JA_8ciiJJK9m-FPDDxve9skrDhksNiqeQBbwcRY/s0/PXL_20230222_182306906.PORTRAIT.jpg,,0x0,fuitwashere.gr,
ast_0697,ev_105,blogs,https://blogger.googleusercontent.com/img/b/R29vZ2xl/AVvXsEh3rqTOA1wOyEm47GvjW9-6p7s4XxBTDcoxIwjhIrfSoO2cMERj0O5F599AHOCHDdk6LYveaBShZH8tl_U2w1i9JaVWpQZo0cSptYsZ-cGBn4deiEYhSY6c7EQohtfVCm07jllFp8CdhZ7fOL-zHrr8OjPCy54R99vVkpYbdR_2tKHJ_bZqslWYCsi3/s0/PXL_20230222_182502182.PORTRAIT.jpg,,0x0,fuitwashere.gr,
ast_0698,ev_105,blogs,https://blogger.googleusercontent.com/img/b/R29vZ2xl/AVvXsEgI7uZylVSlEmg9J0J9tcq4EifzUC-tEJhidLEYc2VVQtn13F86062yOkL-WR39--70NK-Eh_5AAVjoYvFP-yz1EGYyf4B2Q-fve3OIZZokQxJ6K3Ssu-9QHoQOzlMcPbvFlXa9Zv_Rq0rAiVzK8pxOYzoBfO-rINUuZoBj1Sf2OPpgHodMwf53Ot5Y/s0/PXL_20230222_182539156.PORTRAIT.jpg,,0x0,fuitwashere.gr,
ast_0699,ev_105,blogs,https://blogger.googleusercontent.com/img/b/R29vZ2xl/AVvXsEjhtQDxmSHRUB0uQrocd5hv1IJ0qxiaHBjppeH8dLMN8nYpkWs6upS8oXOm5XdSOaAdrHv0mAg2N-UZC9NTMiQEXXTJ15jHoMi3y-TXar3kl14qj3j_77LrmZI7aFLlFRnAqM99_UX1oO0xfmd5YdWEF7ymBL-RjbNzCx13mVxWCg7jEXOcIxTbljJq/s0/PXL_20230218_093917182.PORTRAIT.jpg,,0x0,fuitwashere.gr,
ast_0700,ev_105,blogs,https://blogger.googleusercontent.com/img/b/R29vZ2xl/AVvXsEiXWxEp_MSF-W2c99PYPDTp73kyhwTCtlDkU8CIFcBrAP9oLUWkItPLJXxJLyZVvZnsIM9B5e0aeWRugNmmma0FJKNoZ2kBe6CuDKHYpONq7KGaL7PFmR538RumtUWt1OU3v1yF8rsGAheM-4JzUCOZJ4qwm1-1tHQbO6ar0HtC9XycacTFg-h1v85G/s0/PXL_20230222_182253363.PORTRAIT.jpg,,0x0,fuitwashere.gr,
ast_0701,ev_105,blogs,https://blogger.googleusercontent.com/img/b/R29vZ2xl/AVvXsEh2iBP7RTobh2eTx6qAmOJS-DbYLo-RxUuZyFpMymNMoHqLbuIQXEsp6gYwHb_TORtHD7nEfs5U99zBIDGsyFS402RmpySDisuJO1lDIgyCCHJwqAb73vVdWNltJMe6poICQzwNghUq8rvVg4dlkWfw8_AAU1cA5nNNN35Z89O1upCX-qL4_DkyJOYF/s0/PXL_20230222_182341823.PORTRAIT.jpg,,0x0,fuitwashere.gr,
ast_0702,ev_105,blogs,https://blogger.googleusercontent.com/img/b/R29vZ2xl/AVvXsEjW3OrU0yPZ9yjTSxhCJjEWsF7M6AZbhI5HUAQXwIP6kpXnmhu73xB_pt0pSP0CqjGAYlu1vlHIOMcvAPVcjHjXfY7n0LtuA3X8LI0Ou5hgFDC8ozpIh_PrDu3neZuWj7ElgTIZ-ww-TJOlJ1CdD2Uq8ynl3C6oBoNPF4S8PF-CNV3JGGM3kmY3-wmE/s0/PhotoRoom-20230227_085700_2.png,,0x0,fuitwashere.gr,
ast_0703,ev_106,blogs,https://blogger.googleusercontent.com/img/b/R29vZ2xl/AVvXsEj5zId8yZWNBlIcJPl4DH1OzXUhmaN_zjF4O_MwKGapKE4tLXDlzvLZ-goMP783IspdkUEgQEcrxFFhv8YzGjR8p4lxVG_YRQaH1mkc7XAwtxEGA2kp-2lixsWHmJXt64hE5jas8Tz1Yb_EVJ9priAi_vANq9lVT_BDhL8BqKbdeFKEa4Zyz0IW_SDJ/s0/received_596876638800125.jpeg,/Users/graogro/Dropbox/vlax-archive/raw/blogs/media/2023-04-03_Fuit_Was_Here___Our_People__0.jpeg,0x0,fuitwashere.gr,a9c1b9c0648d5407850589b1088f4022bb971de68456b62fe3f93f0d36b94983
ast_0704,ev_106,blogs,https://blogger.googleusercontent.com/img/b/R29vZ2xl/AVvXsEhcGQh-sUStkG6ZeBUa-2KN_O1La6kFzqTYiPk7LmW5MKu2rQ2j481GUAtBg0F3c2H3KM2eu1iLdd9BK5CiVQVPsO_aKdJpAw7lDs-AB-kDHbaTOJuGIBipgn5QcCAf60Gz-LSs93ydfnyQLcrQ89IsiFaV2aDM47p4VOp95qsNXMdvafIGBLiIAFSn/s0/received_242055184906827.jpeg,/Users/graogro/Dropbox/vlax-archive/raw/blogs/media/2023-04-03_Fuit_Was_Here___Our_People__1.jpeg,0x0,fuitwashere.gr,2fdbb0eb44d2aba0a05e22c6bb5f0c5c4f8459ac9cd40599d06c5473a48763b3
ast_0705,ev_106,blogs,https://blogger.googleusercontent.com/img/b/R29vZ2xl/AVvXsEgnMmPUwKhq5cw-_eO8zNTBDf0BoZwyZRI-8XTasoXG7AfE_-MacNwznd7tHRry6MGL4lxSAadyAw0NyxxC56-p9u9MjZGYdVO-3PDwXBhIgFIKFfv8jRc8LzBxhdyit3RJS4RBbjTNy3D6JTaer1FG9JqD2Kfnz7kXAIufDxjXF9gl_ct5rC3_9cR2/s0/received_922866855426730.jpeg,/Users/graogro/Dropbox/vlax-archive/raw/blogs/media/2023-04-03_Fuit_Was_Here___Our_People__2.jpeg,0x0,fuitwashere.gr,8244ec1905b4750085222ba82481bbfbb4bfabb2725965d116b9ce858b367350
ast_0706,ev_106,blogs,https://blogger.googleusercontent.com/img/b/R29vZ2xl/AVvXsEh2vJgpuGcTXuE1n1wTQELvS5NHRcqLdozyVQioJzXrc6XBomZ2bnJPpkYVizHBhM1FE_5LK1eQxw3JykSw_mYxumNgfeiQsiSv9cBv_zGZiOfUEwPUOTEH2II-h8SXaZ7Hlqi5qUxjaWxq_pyFlJjVPsCgHlcrPwwK96SXVuHruIt3v54FSTSCGm3g/s0/received_224196170154051.jpeg,/Users/graogro/Dropbox/vlax-archive/raw/blogs/media/2023-04-03_Fuit_Was_Here___Our_People__3.jpeg,0x0,fuitwashere.gr,ce4a8185dcee821f350372964595b9965123281f953260e6cad385944150a9cd
ast_0707,ev_106,blogs,https://blogger.googleusercontent.com/img/b/R29vZ2xl/AVvXsEjTxAFHx5-1ZcNVgvuydLUB5-LKTwrREIPutZMVxFvdzkP3dMz8BOQbvYfkymS5IN5B_3e0c8UUdW_yZzokiumtYhIklpyGM3YhAM12hwFH2GCRDkqVx_s97pRbSdt5riuFt96bJ87ZN7Q8FzsMTYVMCx60udtlNyujhUL_NcOq-wd1uR_nDdKboAL9/s0/received_1106127233620089.webp,,0x0,fuitwashere.gr,
ast_0708,ev_106,blogs,https://blogger.googleusercontent.com/img/b/R29vZ2xl/AVvXsEhzBr7XjNZpcgyfsXNVQ5NBeS6kp5c9GlFQUk4PzEWftztfuw-7r9HmgaT1K_lE-EMbz7Tk4lmbMNGjtOuiLuwNedO4w0kp8s_lKhhshefKzGdCbAfiz7w62_VYvwGGuctFAJMaxbJfzVpGERT7T7l4xV-KuukQGYtg-QEcOuHVx0RrE59LaPdOzGnS/s0/PXL_20230218_093438497.PORTRAIT_2%20(1).jpg,,0x0,fuitwashere.gr,
ast_0709,ev_106,blogs,https://blogger.googleusercontent.com/img/b/R29vZ2xl/AVvXsEgyusNdm1as9huhUG1Cu6BOucFvS1Y-_GVDy0PkGHYvJj80V4DPOzomGHlWit2uDfVRHFutTlZnNdZcomtr_fTomRbD4WuiPpQSBjpQSfL-aDCQBIww4IkN1m9DtkLLAJ93dOWEL-4S3hIloU4m_i-bM_lvoapKdj10haSQIPMNbInBUAfJ8HSHOHPu/s0/PXL_20230213_152323570.PORTRAIT_2.jpg,,0x0,fuitwashere.gr,
ast_0710,ev_106,blogs,https://blogger.googleusercontent.com/img/b/R29vZ2xl/AVvXsEhQCAdKu6QJ52Zcg6y5PjnhRPiYd3mz1iIZy7YmEL7FtwlNXey-oJ6j0qyF29M5M6kZZ-wfUHf6-30g2Ay68Gi5TrntkFwmmLSCEoLTm5Hwb62xdhXQOrU6Iq9Q4Gc4xPMiXTRPHg_c45UCO4sE9aFqIGJ2VsIVArW1jp5-QfNJ5gpCIad_n5ZWC339/s0/PXL_20230213_152254877.PORTRAIT_2.jpg,,0x0,fuitwashere.gr,
ast_0711,ev_106,blogs,https://blogger.googleusercontent.com/img/b/R29vZ2xl/AVvXsEhkMVFg20dN2bLUs--NO-6SXQjTBdBCmrGLrs5dv3tcN0JBZHAeD1h4ySrQRMqZswHEIrVSHZjxRUgUAsdWahGg_H70j6xQi81--P2ewFYfhyH6BNSYKlHVH3N2Ac2woVC3Do6A5x94DAMKYkQ_vuSCZHxcnZR7vKDZr-GlLoEs9pJ8KCWzmmNT25vH/s0/PXL_20230213_152456670.PORTRAIT.jpg,,0x0,fuitwashere.gr,
ast_0712,ev_106,blogs,https://blogger.googleusercontent.com/img/b/R29vZ2xl/AVvXsEgahvc6VIWY0XXknkla8jj2fIdkpni5bZYDLoxxW7PLl_zm-iseZsz3lykxFbTdSgE9HnHxEsJrYy-14sSOITtyyIfqEIGGBiksUvhWYbpNQLCpIlK1vQVz1sOizSNvH8yxtFeHhAc9tUVJzXSA6WrLIU9kKD9aMvhYcCjS5Yco_pEN1EYqNe5MIdjC/s0/PXL_20230218_094015168.PORTRAIT_2.jpg,,0x0,fuitwashere.gr,
ast_0713,ev_106,blogs,https://blogger.googleusercontent.com/img/b/R29vZ2xl/AVvXsEi49Pwj7g4hezDf2w13V3_V6Yg_c15jP7_A6uevCXIMNuTmL0WErpkDKXx9V6okUqXwkkSW7RX8lxeoiiU3qlrpLXzexXCIUUOGqtZcddRJ5tTEYUAnZ3QAXOS5p3l7jj5Dkge4t19uDnnmIUdkthLdmjSfV2Cm1h6xgtz9ab8j2TgnO6Fr3OsYshAO/s0/PXL_20230218_094343664.PORTRAIT_2.jpg,,0x0,fuitwashere.gr,
ast_0714,ev_106,blogs,https://blogger.googleusercontent.com/img/b/R29vZ2xl/AVvXsEhJRjgN4Ef66OXzawZqCnZ0_RSu15jwsbfUSgSBz1XVw-0OjWSe6Gp24J-W7snnGuMXNvpX4E5y_GqU3e7r0SRiA_Z-Jbsi8Q5R34Q2ZOGFZDfk8a9xI-aPYqRqWgA05VYZ9Fk3g0ewsJFe6zqz5k6O_bYfFTHhM6eBc61OadNMz77LZGOKaRclD22Y/s0/PhotoRoom-20230227_085546_2.png,,0x0,fuitwashere.gr,
ast_0715,ev_107,blogs,https://blogger.googleusercontent.com/img/b/R29vZ2xl/AVvXsEhVcTVXKcId_d1SLoqeM-MC_OR98sKWoiATFKtav0OJAgNZgNyByyASLFwkNg-GQIBimttj923i3PGhOPqfz5XBJzTsoz9kGE_NiuhiNmQ3T6ZCgCkGeYcjxiTpkTm84ykgCiwwZyfUxT3sBZz7ZElfHgyUPaKAfXsiCHBrYN6QC4BjOEmASrlXsdVS/s0/1680084378708~2.jpg,/Users/graogro/Dropbox/vlax-archive/raw/blogs/media/2023-04-01_Fuit_was_in_Thessaloniki__0.jpg,0x0,fuitwashere.gr,d38ff3bad54ab95b090c57d6c1dab90abf309cabe777b210ddd685a95f4c4fb1
ast_0716,ev_107,blogs,https://blogger.googleusercontent.com/img/b/R29vZ2xl/AVvXsEhbJkcQekuEVVpbTCVnzFj-2zeVpkJQ9JWliqv7sh32P1kS2zXZW8MqUQiI5hrnV3aAyW9o-vwe0iPs33FEnnfe2GEp4ET9CLPGibfZt1lyzuHx7rqjkQgBXr94XlV_Q6YOTxyCrgCClTBgUYEOsCX8XXgooFQ3A70LsnLU5ZKsV3Tcf_fQwUWAWFbQ/s0/1680084378693~2.jpg,/Users/graogro/Dropbox/vlax-archive/raw/blogs/media/2023-04-01_Fuit_was_in_Thessaloniki__1.jpg,0x0,fuitwashere.gr,9450acb375bb0f8cd50aebc14bd4d360f8c6adb191b0dfb785dfc75a81c57aea
ast_0717,ev_107,blogs,https://blogger.googleusercontent.com/img/b/R29vZ2xl/AVvXsEgEj0x5JQkw35m3A94PQym_z_5jnYNkh5P-Gg1OhVpDpbmUL3lHMcResg3PSbE9biNTTL9Z8E53ZJtXZVGuH0oOKc_dkLKkLvlqZKApdthCmwiB7WVjETAy7m7aC68ffpZmkICtWvGLzZNFU8cOsBqie9sQTOtjZlDWEaRkI0-j3e7Y8sa5CwB3VwcH/s0/1680084378678~2.jpg,/Users/graogro/Dropbox/vlax-archive/raw/blogs/media/2023-04-01_Fuit_was_in_Thessaloniki__2.jpg,0x0,fuitwashere.gr,8db21e6f0cb22557b69353d376d41efa7902d2c626f0b4b3479e5d40d8f9dc5f
ast_0718,ev_107,blogs,https://blogger.googleusercontent.com/img/b/R29vZ2xl/AVvXsEg_j-B_CHEWlqu0NJ4h5f6xdaqQlcz0OoyLHmsP7jNFBKgRjBfmiDqVasKTSgBKO7dpEpu8SagEytj0TPxaGSfG0wodCEshtLCdNVXs99eD4AstxAuAQA9gZv_JauUvMkzUp6nXMGM9xVlBKrySWAtDZdF-CIKwC34LTVtgDaOAywC69lsVpb503Rpz/s0/1680084378660~2.jpg,/Users/graogro/Dropbox/vlax-archive/raw/blogs/media/2023-04-01_Fuit_was_in_Thessaloniki__3.jpg,0x0,fuitwashere.gr,d766825b3971629d5e505733017c8b998fea210d08bf21284ed93cd6ab2dc8e4
ast_0719,ev_107,blogs,https://blogger.googleusercontent.com/img/b/R29vZ2xl/AVvXsEjQfKIKhHom8KpMHyMC4XnE5CKKWMIWK3PJyJj0MPSefXGdUbMnZNwD7fseXt0W2syQcpCODMxf2a0Jp02yJ2_ZbTw1f7yVkImd-tDmLaCA97xUvzbMRthBzH9rAhMWbzGR3-xp6Z_p_B1J6j_Tf_CEDFGgRNsfkNao-vS4Ryx9qnki8m5dp_5Z192e/s0/PXL_20230523_095004545.PORTRAIT.jpg,,0x0,fuitwashere.gr,
ast_0720,ev_107,blogs,https://blogger.googleusercontent.com/img/b/R29vZ2xl/AVvXsEhP0q-2B82oQdQ88MB5O5JyPxyVvEJMchQCo5Bx7DrUZ1VUr1eyIYmy85DfppnK5ngeOxLjTWig2K-r7NOnj-c72MUC6j9qxXoykgh0BOZfx_J2KqWYp6BbV5aeuCqYkIMQnzD1CArU5bjbDXvJx8NhkYRog7J0IoU3xtw7FkBShbR01pkFto6n30Ik/s0/PXL_20230523_094342004.PORTRAIT.jpg,,0x0,fuitwashere.gr,
ast_0721,ev_107,blogs,https://blogger.googleusercontent.com/img/b/R29vZ2xl/AVvXsEiRO9vhguRzOG6NKhVxoaRGFNcra2TLNq-RH7yaHsBHD-6Bfh4AcZzUHBrlbSisBw7i2nT-_f9s3TkD2QShhnTCu8Z2lABKNWEouTMhR5OM_x71E_LW09c4YfZ-WsP_sbu1zcgD2jHnnlk_0DnSUMBHCSNaNt8BKcoN2UZXl6rtspLHWJ8EXjDobRdH/s0/PXL_20230523_094549623.PORTRAIT.ORIGINAL.jpg,,0x0,fuitwashere.gr,
ast_0722,ev_107,blogs,https://blogger.googleusercontent.com/img/b/R29vZ2xl/AVvXsEiCCKFuzMCPfbfqRoPihaZAD4-pPABJBcXzshfRkBoKb50YHGjMHsCLPMBbQr4179YbGE3JQ9tEgKvYGhBEvuJFHFJ5eitprWQY5cjVCMcBsFQrL64B5hkOEbIrS6lZzwTz_9h-L2CuGf6pA0lQwaOdJ37-aFbVygBAWJTfW-BKxhtvZDxeGLC06LpR/s0/PXL_20230523_094945142.PORTRAIT.ORIGINAL.jpg,,0x0,fuitwashere.gr,
ast_0723,ev_107,blogs,https://blogger.googleusercontent.com/img/b/R29vZ2xl/AVvXsEiIU8GC1pMNV-o1-Xoa3iHk7pgGotCcuo_ittLssMiWDhrWdhPwP7p7AqgL8Q0xSCzo0wlLJqVEoME7p3axRw8tyWZ-gB3xbk57PIbts8FPS_f_UGlt0ArvJd6FcJr5ZEtt1bMBqAON7lDFFZbqlbEZbS9gH6m2AUG1CMlGSaEDAtY4lN8MCWCxigqq/s0/PXL_20230523_095504269.jpg,,0x0,fuitwashere.gr,
ast_0724,ev_107,blogs,https://blogger.googleusercontent.com/img/b/R29vZ2xl/AVvXsEgCCPru6LL_k-BD1ymmLnyi5OHBXJynCk4VumhtXrNSsJNaWebH8XKT8JgN_qQmSHs4_DYETdQcpLEbBYRRqVPVIu_fqoUfFOqXVZXf2gCGRLHQ_DW7eqB90lw_x60ZPNOWTp71-2bW-nx8gL8iQ2WxBB410CaLwoz--JTSnH08bc8VOKq8HcELpZ-S/s0/PXL_20230523_094917995.PORTRAIT.ORIGINAL.jpg,,0x0,fuitwashere.gr,
ast_0725,ev_107,blogs,https://blogger.googleusercontent.com/img/b/R29vZ2xl/AVvXsEh_1q9htnRqVMGh0c-j-JQhmdbV0edKBJT-One-vEs5UhvZ7W9Kthzn6cRZ4ZKcmxiXi8Kxr2iJlfqOAu9xevfDsNdk_eyQVFf-B0A2iwWqbpaSxOIBtKdSYp6q7523TNg0bMSTXangQ_1W4HXXdey9hWNqjfCmXo9XrkGmpf-wNUcC7ZwAszkI_QGP/s0/PXL_20230523_094947382.PORTRAIT.jpg,,0x0,fuitwashere.gr,
ast_0726,ev_107,blogs,https://blogger.googleusercontent.com/img/b/R29vZ2xl/AVvXsEgpKA3VaUJNTdIOKsdbJhjaw3Rwjht2BZprT59BbOcQwS7Myeqb4cI_zkWCysq-Py6mAz1uEWYdwscOkvBHJliH4crJT5-SKGaYJK8lDw2aVtvEWJpR8jMOxUcxahe6M6kQ9A0hMLInKEU-HZHJqruLwPSePJg_ZBxivgI6dYYQ9NBAHqIponDyYosZ/s0/PXL_20230523_100838882.PORTRAIT.ORIGINAL.jpg,,0x0,fuitwashere.gr,
ast_0727,ev_107,blogs,https://blogger.googleusercontent.com/img/b/R29vZ2xl/AVvXsEj7b8cMSViElNLKp5tsid8yaKlQdCPf0Pdw1StKCHCPU-wD-fxH7sWDJTrzMkYVETfRK4oEYMG4QjtDFDMYZXSXvQGqFPJq0vXs1WmYM_nmsh0e5LhWryU1m4sYjJba-Jvqqf8ynkyvov7-6lk_HuIqf2QnBRssiiACB8lTxJTRB-2vMmBGbBEtX_Vf/s0/PXL_20230523_094607237.PORTRAIT.jpg,,0x0,fuitwashere.gr,
ast_0728,ev_108,blogs,https://blogger.googleusercontent.com/img/b/R29vZ2xl/AVvXsEizwE732diYhAqm1zbqM7B40R2YQGVLMYlIxaW9z0d28vlvIb6-uPxD6C7dZFIMRzVaYwFJ9ZS1mO5TbQ6E3CPBkM7cs4lCEr0hY7l-SccWtZp_yUvKGWMjIdXZlUhz4FcUktWDwb081Nafj55MXd069lL6yynPry9bMj3LIbQUlUpyYAkiD1uTH-L5/s0/IMG-a38d70fb70361a0692f6b2a675b16f4b-V.jpg,,0x0,fuitwashere.gr,
ast_0729,ev_108,blogs,https://blogger.googleusercontent.com/img/b/R29vZ2xl/AVvXsEjR2jpIjQa7aoNqQ6sD8Ux5gsc-WnvxRaaJWRWdWd43M11auIT_aa6EN7cwoGfzjzLb4NCwO4DumoRNVsqIl07f51wxE-r5O4xu7q7QTLVO04jOcrHIpYxzAlm6bMOxIDA9j0CW5XXAxLfVh3aToA_SKpG0NT0IX6SmnCz_egzg4AsGusVKBoNjQLwd/s0/IMG-fe60ac0fc23bbb322c6f99c827601427-V.jpg,,0x0,fuitwashere.gr,
ast_0730,ev_108,blogs,https://blogger.googleusercontent.com/img/b/R29vZ2xl/AVvXsEiKeDCqJLGAFk3GxkJXkSKoJqCO1FxTI3OEu5vYzPpgqpOZpqZRkfE6een58-SSpvJJt8nAW-oCAUHPzTH2zGAeyST8Kyq3vA7fzMlXu5XkBLffaVBrFC1YfbhUPXiAb8MgrtqoWzr4WtmZ7jZ6LfV9aIxjKcMYnaaHaza4fNTbahkH0gnw0GIpO5QL/s0/DSC_1214.jpg,,0x0,fuitwashere.gr,
ast_0731,ev_108,blogs,https://blogger.googleusercontent.com/img/b/R29vZ2xl/AVvXsEini5bh9Tf9nP38yEw-6FZFpgjNqDlZrLm88HXAg_1Y2K3gImhgWCNS_J9IHzOx-9gZCnTI2MJXotltQLN5og64PDz73EqF2g1nx3yI2DTslj5zz8TiiR78kAaxhXokBxrV-96NVtyIZ27W--9uKaEBZgTAFGDVMZZVYjzHkF3nFPqP6UAc85UIrZJO/s0/IMG_0565.jpg,,0x0,fuitwashere.gr,
ast_0732,ev_108,blogs,https://blogger.googleusercontent.com/img/b/R29vZ2xl/AVvXsEiBvV9GdrTdyRgLd-HAre1Q62xaesOf92ZWhdq9F-JZUH_xLtf_J8PVBlrZNb7JizixPBtf9KF-3dkmsVzm370inpICAL6J8Sgc2ApYGLBQRmM_Y-cUsjBToGQFNJUouT9mZjJ_fkmfx0fg6P1wbkFRwWN2TuzcPkKzrVr-H95BZ84UEQ1ELv1IxgSd/s0/IMG_9085.JPG,,0x0,fuitwashere.gr,
ast_0733,ev_108,blogs,https://blogger.googleusercontent.com/img/b/R29vZ2xl/AVvXsEjk_9-cmv_b3CgcbCyX4VWw4LjmRG2ZSzMlEoO7o24jHhudFpQyNVP5if_fOeC16EbjLKX1vqASPNjdTGWjynQ4SdPgurLvhj_8bJyMYV-aM572fgCXHstcXvQmj9wETdzFycRhXyohh-yAWkED4-vYo5RXHgczH6_Tzf_5LlubDuuljrn1DW2rV2Pr/s0/DSC_1021.jpg,,0x0,fuitwashere.gr,
ast_0734,ev_108,blogs,https://blogger.googleusercontent.com/img/b/R29vZ2xl/AVvXsEh9mB-c2jsqAg4ihZ-aulHqxpASqDLPz7crGS3ebQ7oflzdDX4IjOQCblDoI1mmvoYHp0sV3Fn1D3tO0L1jraln0gCzYG7ENNIT6Im1GC5-wYqSrooMknJbH5y0lt3EHur2nSdzob2Xzch2W7ndFqe3644a4FsKLOrIeP-skoEA7pBDjFl_Cfe_oP_h/s0/IMG_0912.jpg,,0x0,fuitwashere.gr,
ast_0735,ev_108,blogs,https://blogger.googleusercontent.com/img/b/R29vZ2xl/AVvXsEgsuNB_nGegys-hbJFHb6v1aJoVSIruly7DJkcfLVV-PtGI-Yss-c_UhlhC1Ucnn80lrrSvF9UsRtAyCZE5fMbMThYjSqPucKfUFBnop5DxQ8a1Ew5gM13h10Po4ynqA3HmoNRDzTGsE7VE7WYIFug8bORgi3hiqCP1KoLknTAdLwnxkcAkwa5mEYxy/s0/20A5FB83-AC6F-46EA-B59B-928657A37020.JPG,,0x0,fuitwashere.gr,
ast_0736,ev_108,blogs,https://blogger.googleusercontent.com/img/b/R29vZ2xl/AVvXsEgcWKPUx7SuOsKhdT4ktunC7WZ7FfZse5q4JkkX5NSXFBAQlVrEihYtlPE-X7tORP5-eD3khzzHXTEsbMdaJnWZvpGudWFZm6BC0WMyK9qbNatZKnrGD1OEAKd5PGrf454agn2NQ_QJWfAcGg6rDugq56E0GZVDcYZgkM4y1fYjWhTPenRKHkgNvoyz/s0/8EF6CB06-F7AE-46B2-818D-108A88F8A073.jpg,,0x0,fuitwashere.gr,
ast_0737,ev_108,blogs,https://blogger.googleusercontent.com/img/b/R29vZ2xl/AVvXsEh3KG6pJRiW5eTANNMZ94Qim49624RkUZyKlU5HJ26Z6qMxbGbRFbLwu9UuECDBcr8lB6hYvKvYTyl2A_UVjsVeHOXYJAiao_CpSki6NkE_KRPf7zE61U-AjikgkaInRj_w7eUhXbVf9CSjMpo4i1OHAPk2wOVVl40iHH2hNIh6EDcZ0kzZxR156ZIw/s0/CDE1E0A5-64BE-4A8B-B83E-746B4B58F5E8.JPG,,0x0,fuitwashere.gr,
ast_0738,ev_108,blogs,https://blogger.googleusercontent.com/img/b/R29vZ2xl/AVvXsEhOl7m0gWgvtyaYFWXN26tO16aVNl8f686zAcDsk9_Ya9q90S5h7LIec-WNbRf1upMkBd9ceF7-0Hfe__AEXuegVmz4DCpW27yNYeKf4BHZxNdVXG3hUVdniuGLI_k_BkKIpf3i4JNypv-8L3eXlfvUS6wJSdOwedjp3RBX1R1LXdHVoqtzfcz8Ee84/s0/IMG_5691.jpg,,0x0,fuitwashere.gr,
ast_0739,ev_108,blogs,https://blogger.googleusercontent.com/img/b/R29vZ2xl/AVvXsEgxQ4XFB5FsGFX4LiCXlS29jo2Zg1n9ig2K1FsAN1tTYbBcyHDkREK5ZRQIzJwL1w-d-Fr1RUwdGpUz2QWW0ZHY-9JKY2EL-6qnIkHc4Zn4pYMup9lQNDD0dQjlNUMbaZRYPGwOp3MjiJyJJSGWr0iocdRZLqpcbDqNofuUSr8ibK1Qhm9TbhGPuSOQ/s0/DSC09804.jpg,,0x0,fuitwashere.gr,
ast_0740,ev_108,blogs,https://blogger.googleusercontent.com/img/b/R29vZ2xl/AVvXsEjDD215C4wusRi33IXRp_jX_5WOM13siet4-6eHZwgoJ1UGxzWOAHhpDRhZolUWmy4OE2FokVSmdVuzMRx4JkjlBRXqDU9CGT3Oo7hRvQ391LUfq15V8e9e6HnXyie194SzfjjM59P21bEuX38BucxHKSNJMA9D8CZgDyaIz8Wl2fKj_wA-YkUx8ncT/s0/DSC02206.jpg,,0x0,fuitwashere.gr,
ast_0741,ev_108,blogs,https://blogger.googleusercontent.com/img/b/R29vZ2xl/AVvXsEgTQosd962SWHFzZksYA2_9jBaiBMZLL8DzTaiKVsajGlcMK4WxS4yEnb-HzpNs0pCtfmzyYt3IpuQBdeG3N9JKM-Y1e7QkQNB0fcOiBGEl1WIAV9PNUAp2LiLgiZq6kYZycqFn8l9QcMWxBx9stl48-shD_gzY3zeW-3P8BFLd1zmfNf-qlw1kvhw4/s0/20200822183606_IMG_2748.JPG,,0x0,fuitwashere.gr,
ast_0742,ev_108,blogs,https://blogger.googleusercontent.com/img/b/R29vZ2xl/AVvXsEjoKxlfD2X7Rs4I46JcCNAVnCQCcBL5m-Y_OUcQ6ZW_F33jwsuuDdozH6ZdDwf7yjDYNyI4nMG4unVk-JlqLtmPscjksPb4lAGUeNODIpF02wpXoApBchfKQotAjfFykAN1N8Admqz-ni7VtMSHsWxtS94zPjyE_DE-6GZbqKMeQdrD3WsrDTEZoqOd/s0/32403477_10214304717243188_3225297466068828160_n.jpg,,0x0,fuitwashere.gr,
ast_0743,ev_108,blogs,https://blogger.googleusercontent.com/img/b/R29vZ2xl/AVvXsEjADUHHYOuTl_fZRLLz75kIKfPXs_xXwEW0hB3BECivS-0f-sEPvMHusg_V3r-UZ0S8oynRBupSsYPBKw7zzyWFGMy2aYYqNN5FMIx3OKvoIUfk16SEZJwTeHp1seYHFQ_EZRw8Diqc3qg_j5XX7ipYR2zTJRxmfLwg2D9ExGDs2_LwIn9HKyp6S_ds/s0/IMG_1403.JPG,,0x0,fuitwashere.gr,
ast_0744,ev_108,blogs,https://blogger.googleusercontent.com/img/b/R29vZ2xl/AVvXsEg1niHp-UUd86ZZwLE4AhI8rLJUkd7zHi1SEHINPWOxJqRouNUZH0xz5x5KJ--1qZOLjQbAmb-j2thxAzIBkhr7YR5nx_KGKkycJVsC6ixkAdz5B3-NdISXjaGx7yKCHioP-lrkV3VFksDsJesqaJ_pq5DtLnuK67GSyKP-bwVQM4Vb4L6SMSNHPsg2/s0/IMG20230606190214.jpg,,0x0,fuitwashere.gr,
ast_0745,ev_109,blogs,https://blogger.googleusercontent.com/img/b/R29vZ2xl/AVvXsEjfvfko1Aa5X2jRA9gJKfIlnWy61XVtyAT6Z7MnQ7cbPXjcLoLSTn8PxGP4YIlcWCiB_lmQdAEA-rOnjhWdPqgAKoU35q__f-6jHhFdF94_jGSZfkTivFsAsg87dkiClry4bSvg7oMxFVAjAJHLxn8cw4Fnnp0P1PqURRhAUCtLkxaQcdNGZtXIgb-O/s0/PhotoRoom-20221021_111956_2.png,/Users/graogro/Dropbox/vlax-archive/raw/blogs/media/2023-03-20_Enamel_Travel_Bottle___White___0.png,0x0,fuitwashere.gr,0b372be35f9e056eae82f22480d7f5ea292b3427b5ba75b0fd16f05f283f6281
ast_0746,ev_109,blogs,https://blogger.googleusercontent.com/img/b/R29vZ2xl/AVvXsEi6AUw4gUncwHFqPQLA3F6eOnhPXlKXMqjfG2zqKWOvq8kN7Dg2Cp6Uomz2soC2OgJk_DHsg4DjcPsGYAA2iGhG9h40CVrB-ldl6JKbHkKyvYkOfRrUlpFEyODk04GKO3BWsJX-4d6rWIxnGmN7vMzT7BsdBvpAje-ZaXDtSEh8Tj289_MpK9nvih8j/s0/image%20(1).jpg,/Users/graogro/Dropbox/vlax-archive/raw/blogs/media/2023-03-20_Enamel_Travel_Bottle___White___1.jpg,0x0,fuitwashere.gr,0c0e790b316472d41faeef464b9a2de6e229908c248da60fcbfb9adac7892a08
ast_0747,ev_109,blogs,https://blogger.googleusercontent.com/img/b/R29vZ2xl/AVvXsEg2tqVZ5YThEw1xZum8wsQmgL4V3ekaknbvbEnIfzd2HfFvIYRWWy1DTRZZd5fjdQRZ8FYP4H0bOmqnZS9U1J1XlDl3vSYCt9hncI0ggXBqzenRlh_WS-uAYi02gRIWWlz4try0dD0kX5_7thD5GV6jFvWJ9iZkcFSjnbFMHVABMCgN_XsoVpOYYuIf/s0/PXL_20230218_094636715.PORTRAIT.jpg,/Users/graogro/Dropbox/vlax-archive/raw/blogs/media/2023-03-20_Enamel_Travel_Bottle___White___2.jpg,0x0,fuitwashere.gr,5c51d786819c219be5612d61a5e5c19d5f7fea70c18b5d7926f6298eb9955e60
ast_0748,ev_109,blogs,https://blogger.googleusercontent.com/img/b/R29vZ2xl/AVvXsEiBnBSc1QrdVdfVtqL1UENA-qyvdOXATgaxoC8vyeVVJawGPHgajJFaOaw3qd1WCw_gQJ0Xhg4yqZgOrt5TVRI4xHTP0tXC6RgCw4rJ-Hisoiez3_j7wxExhFoqaY8W32L_J_tE7MxZL6PDLKV--ZovoOw2aIlGQefJhq3XcWfIDTQ9-mAnj16Qg3BB/s0/image.jpg,/Users/graogro/Dropbox/vlax-archive/raw/blogs/media/2023-03-20_Enamel_Travel_Bottle___White___3.jpg,0x0,fuitwashere.gr,2e1a96f35039b1461d811e727d32d3e15d900627680eaeca3e5e4ce01687cfed
ast_0749,ev_109,blogs,https://blogger.googleusercontent.com/img/b/R29vZ2xl/AVvXsEjwSVqdXUt2ZD10QpX-Sws7w63YqnuVldEF70rzISz81kglW4zJlXJw4tXRbKmvVXSuGgIrJnSuoznaFG-urbsA3xEucoS818i5qMuz1CjxQNl0AJ2jLARu66y80BlOfRD5DQJarFzmYJHz1P7POX8bLhvh5Pd9V-AsJ3t0pAY8-PW3557kVhf4Hfda/s0/PXL_20230218_094935276.PORTRAIT.jpg,/Users/graogro/Dropbox/vlax-archive/raw/blogs/media/2023-03-20_Enamel_Travel_Bottle___White___4.jpg,0x0,fuitwashere.gr,afbb8de5656ba24e6ebcac86ad6fca03d4d6fb34faa5284ad969c328c502615c
ast_0750,ev_109,blogs,https://blogger.googleusercontent.com/img/b/R29vZ2xl/AVvXsEj9uOUlrXqka9eNTfVhlHJtmZk0wFwC-I9n-ywKpLEe8JtrUz-wKv_NumQ9ObTXRGAD7pgW_qYsNvBk0WiyrDjA5nVy4zHLfFwhN4qnfj9qfTOuc4OZ6nD_NTfgpfTSlu8s6iEXtDVGR71Zy1UYfdCTAwybvsnno12J7eiLh9j61JU7Qbu3KY2OIEae/s0/PXL_20230218_095004046.PORTRAIT.jpg,/Users/graogro/Dropbox/vlax-archive/raw/blogs/media/2023-03-20_Enamel_Travel_Bottle___White___5.jpg,0x0,fuitwashere.gr,463297a304cc7906103a6c5f7daa17da918c4d5144273e572bccae8d29c7463a
ast_0751,ev_109,blogs,https://blogger.googleusercontent.com/img/b/R29vZ2xl/AVvXsEiN2hhZ0BhshMfZVX-F0rC8e5uQTjU-A2UDJY3n_QXzkRI9lnBoYtTAogTkFdXh9pAty2xrXMXq_C1F_nnyWi-HHnuBG6O-iH8Vr18oQfyA-67AdW1rdnzkaxFJn5Pv1yypWbG5LUcKvbyeeoMXgEjKiviRoEsJfqL3ON1TctUqaPZIi9EXq5-4wK7F/s0/received_169137302182355.jpeg,/Users/graogro/Dropbox/vlax-archive/raw/blogs/media/2023-03-19_Fuit_Was_Here___Our_People__0.jpeg,0x0,fuitwashere.gr,9184b8ef4b6ce8376fd560441dd91d57039c5051135c71361dc7fedd7ce2e48b
ast_0752,ev_110,blogs,https://blogger.googleusercontent.com/img/b/R29vZ2xl/AVvXsEhsHoWlwt9EflaErLWNuHGaB69zWTHRezSXebFEzgpyWX4y7pL_s59x5thF0IbmcW-qbjNtBgPqaxS7kHWNlr2L91G08gQWWhpYf7l1KOnUucGFxQAaImatQKxAQfVjohYcT9SfW9KXLssVaPtLb5K4KXJ-MqBKHN3a9AMTWssSpynn0jv6RVVBXGSD/s0/image0.jpeg,/Users/graogro/Dropbox/vlax-archive/raw/blogs/media/2023-03-18_Fuit_was_in_Cyprus__0.jpeg,0x0,fuitwashere.gr,a70ba66cb2fd9d56d1d3a5c0898e6280c30f3c1f59aa8c57fe728af8afcbeb61
ast_0753,ev_110,blogs,https://blogger.googleusercontent.com/img/b/R29vZ2xl/AVvXsEhmtyvlzjcPkqD6bvdoyxURvWDBzp88rJNA9t9-bYMYF8qXeu0KNerlyHBNc7bUwQObxc32re-nx7m5su6yDJ_Gihk71f764dpFsFdmnyeq38uUHqKH-US8blT7khd3PmHbTtQ5JaASCbzpsZqnhbAuLvuki4eEpUqZhpGeJv3nO-Cik3asiz6xKIbO/s0/image1.jpeg,/Users/graogro/Dropbox/vlax-archive/raw/blogs/media/2023-03-18_Fuit_was_in_Cyprus__1.jpeg,0x0,fuitwashere.gr,bba7781dd8aea7fa2c9c16b3229b485f1d775c91c0536fabcd19c0f309fe5b13
ast_0754,ev_110,blogs,https://blogger.googleusercontent.com/img/b/R29vZ2xl/AVvXsEgb52tIl9lgAMVR1tF992PswTsS6GAtjIXZ05Gb8yVSxD1fWcabPjWyTVvWmNVDmnzeFiZTKoQMzxu9MpGltw4jcr_rPmzyJAcwiF_bW9W8-gA_gVqAlEVHd3OBV00ERRArLwhwyP34g9NUiTxnQ380rSmVb3qLc0LPxXi11U1Vgtw47XWI3FNT8Ywi/s0/image2.jpeg,/Users/graogro/Dropbox/vlax-archive/raw/blogs/media/2023-03-18_Fuit_was_in_Cyprus__2.jpeg,0x0,fuitwashere.gr,12fc59cee64cd0478750897c60eed12b2da0c75f50211aa352f15c76cb9035bc
ast_0755,ev_111,blogs,https://blogger.googleusercontent.com/img/b/R29vZ2xl/AVvXsEjZegAc-6mvI575Erx3WADvicjwBQ3c-HpxRC_BJLlUrBWTPoXB17ntYIEzfl4GCQA2yqxq9wm19coknez8mTszk6H-KEFkNVVzWLDTbmJLLaUUV9oSUKVqI_SVqbl6fbVhrfvKX1dpmARfB25gn8m0JJfqYBeRIk7gGllbr3awLKNsw7RwzlcrbML0/s0/PhotoRoom-20221021_112029_2.png,/Users/graogro/Dropbox/vlax-archive/raw/blogs/media/2023-03-14_Enamel_Camping_Mug___White___L_0.png,0x0,fuitwashere.gr,98f32d6d1b55e3d670eaf97fa9273ddd69128357c3e9c9a9b537bb975c27972f
ast_0756,ev_111,blogs,https://blogger.googleusercontent.com/img/b/R29vZ2xl/AVvXsEhkVbPgW47sheWlWR6JYRgMEchzpOX06ymwjjjq7PAhv2_eMtrugJzffLsTtc0_7FbUxpxO_XJ4HAqdhxa_mIOmhyr6VBKLbrmzdvMbOIyDVRT6AxGODjXbcntT1uhpRJUNnMYeFl2NTutHE0_unLRtLo6Cmqi_trGnuYufVCb0S60lHFS07epi4u5p/s0/image%20(3).jpg,/Users/graogro/Dropbox/vlax-archive/raw/blogs/media/2023-03-14_Enamel_Camping_Mug___White___L_1.jpg,0x0,fuitwashere.gr,bc1d521a396922138923569d2d0366557ff2c2caa8dbfd4dbca7eaf3f374f00e
ast_0757,ev_111,blogs,https://blogger.googleusercontent.com/img/b/R29vZ2xl/AVvXsEha4n50nuY__Zq7FhHZ9zojjqLZBEXSoR-o_NAtWq2_CKwUbfBC1VhfrYgNP-dldnSfX3Tx8PNSVvAlB4Q_tRwdw5JJSPxvIDshdttcRYBvRtSSQDMHejRXY1rbxPcdt_-5q3pewRQeleGfwDcJo_3UKB8PqbyJEz4J-shiM2a5sRbqCw6WMIWGT8pf/s0/image.jpg,/Users/graogro/Dropbox/vlax-archive/raw/blogs/media/2023-03-14_Enamel_Camping_Mug___White___L_2.jpg,0x0,fuitwashere.gr,2e1a96f35039b1461d811e727d32d3e15d900627680eaeca3e5e4ce01687cfed
ast_0758,ev_111,blogs,https://blogger.googleusercontent.com/img/b/R29vZ2xl/AVvXsEiREt65EX3zoeceh9IBB8DbqYBeTAfIvTttCZROgGL6C36cYU3rC_O2QsQq8Unq36y-9dSNKQiyzUmDISvfboHH3rq7_KofIJgq3DsJ9ZeKkbchzR3RIyDfiKaJMRC0eQ0IhfqFCYHGbBIpt2Kfaq84UathHzdRdMNe13xXGxg2CSyemTo-eUO-D9k3/s0/PXL_20230118_114115062.PORTRAIT.jpg,/Users/graogro/Dropbox/vlax-archive/raw/blogs/media/2023-03-14_Enamel_Camping_Mug___White___L_3.jpg,0x0,fuitwashere.gr,7a810b70619e733175fa7432fe2378099479caa3c7567ba662d6b724ac9d85de
ast_0759,ev_111,blogs,https://blogger.googleusercontent.com/img/b/R29vZ2xl/AVvXsEhfAgvmyya7hbXx2-H0Sjv2FBLsCc2IpuSTcPaeT3bB50Jtv_avSNaQAaHYpN0ORXJFVTUDDQTuTeSX9ujBQ9m1oPZ5EET3Gb4HUsadHY-WjdS7fF3Xiq9nHDGZ0jq1hUkl8RAFA0tULEGR_RxG7SwAbrmmx12Xwfyt1hEFACByF9vXUU93rhYQ9GQt/s0/PXL_20230218_094636715.PORTRAIT.jpg,/Users/graogro/Dropbox/vlax-archive/raw/blogs/media/2023-03-14_Enamel_Camping_Mug___White___L_4.jpg,0x0,fuitwashere.gr,5c51d786819c219be5612d61a5e5c19d5f7fea70c18b5d7926f6298eb9955e60
ast_0760,ev_111,blogs,https://blogger.googleusercontent.com/img/b/R29vZ2xl/AVvXsEiDK_auMvVXTdc0bAJH6WznrcKwLR-JzDDYsepSbn9D0Lbdx-bOvbH73RSVJOEfRe5OQqEgz7aaatr4q1KypA-Ul-n8doB5LbCLJ3VRd2qtcBoy_j8INw4jSor1DuNtK6aQLj7HY2x0NgnDnGRxd1jRCwVCZ_lA9WLv9AqXYxa3YayLpApYp9m2T_8S/s0/PXL_20230218_095912451.PORTRAIT.jpg,/Users/graogro/Dropbox/vlax-archive/raw/blogs/media/2023-03-14_Enamel_Camping_Mug___White___L_5.jpg,0x0,fuitwashere.gr,7c7c64b1ae72506c32e8fcc4bf114877548421295b48db476c959b2813242702
ast_0761,ev_111,blogs,https://blogger.googleusercontent.com/img/b/R29vZ2xl/AVvXsEidranBEnqNPaX9pX1aiY0wJe72K8F2r3oShg_K0AtwFRkxnuKANuzYOsJSYP5iWlZehEvSeQU2XY357n6RQspdxRmJOaMSdcwDdovE9V60hp4T6U6nOnuhVOI5aZRJ7uzupHKZEmUV_w5w5WcwYvYaNhV2bRy3h538LezMRHEfqxj0ielhlDL3mRul/s0/received_608072874052109.jpeg,/Users/graogro/Dropbox/vlax-archive/raw/blogs/media/2023-03-13_Fuit_Was_Here___Our_People_0.jpeg,0x0,fuitwashere.gr,04f30d7f5f6610345915662cba7a0ba185cb1308b9cdba3f91107e1c56d481be
ast_0762,ev_111,blogs,https://blogger.googleusercontent.com/img/b/R29vZ2xl/AVvXsEgdP6u7dQ9FW-I3IVL7wTOYEYOwfF3eY_FwZGNhJeU2v6ycvrCp_cwR9NdWBv3yq61BgYDze1nDvojyQa_UJv_s_mfdu274RXXPM3oqanYE3TWJZer6ISy6bolD1-0nmaG8zK-3jH2KNBrCNoJyrffTCAMymG9xgxj_6UWJ-x4Dy_Q5HW16PpEOAf3u/s0/received_116112374671549.jpeg,/Users/graogro/Dropbox/vlax-archive/raw/blogs/media/2023-03-13_Fuit_Was_Here___Our_People_1.jpeg,0x0,fuitwashere.gr,243fd5b106cf8471d3ea5ff1a8c41189182d312272f042903d667537b968bbfd
ast_0763,ev_112,blogs,https://blogger.googleusercontent.com/img/b/R29vZ2xl/AVvXsEjroTyx4lKpikAcuyGuFdvE0N4VkTDl7FIaZCwVQG1Dmd-cuDfyxMZrK9RajedhMdq1bgAHH5vRfKIAdRxTbx1BTsCVxNM0M4_TvZy5kYLqwBMk-wn1zfiRwEt2z-BIONagSjMtv9gYIPhg1gb0fi4ftu6aM5Fh-I6_ZXJBtTIbRF-qh7sJxXjDIDyR/s0/received_936443057807037.jpeg,/Users/graogro/Dropbox/vlax-archive/raw/blogs/media/2023-03-11_Fuit_Was_Here___Our_People__0.jpeg,0x0,fuitwashere.gr,c96d0d3a2f8339f795509d4bf4848826d6ad48aa19432ea611c12eb260c619f5
ast_0764,ev_112,blogs,https://blogger.googleusercontent.com/img/b/R29vZ2xl/AVvXsEh4dsnx1cwojXTtcO9Pzt5Iqoo5cLKGHW_ZAwfPtTR-4RZD4MHU93CI8cH-i4bBPu75LrXNAw3hVmnZRWDwReB2iPWfJcEkBAbOZeSRm1P3bWHMRMZaWd4an4B2Sbn4l_FnGYR9HLyKZiXQwADGrwU_qhtO_0gP4H1OENkDqAzwz9qlNG4tJZiuDEjT/s0/received_515936690704444.jpeg,/Users/graogro/Dropbox/vlax-archive/raw/blogs/media/2023-03-11_Fuit_Was_Here___Our_People__1.jpeg,0x0,fuitwashere.gr,f18135e5a23220616369b03ae3c660a0134b82cf16024b05fe7788665c5e2f86
ast_0765,ev_112,blogs,https://blogger.googleusercontent.com/img/b/R29vZ2xl/AVvXsEibQnkLg7kiowZoxw_EfHcUnR5LZik0vSnWWU1h3B8_6ZC4lxHNQQR1uY8Qs61_fuJx8345366jLEXZ5I2g00gIp16kmp7uQHHf8UTsSf-YqqClTABn64PZ6ECn-CG9Evq_U4LO5Wdl2BGhjo-5ssxWB48Wt4gBoFDm7yvj2bxQxVUm0nZRQ7PPP3fq/s0/received_223314730175587.jpeg,/Users/graogro/Dropbox/vlax-archive/raw/blogs/media/2023-03-11_Fuit_Was_Here___Our_People__2.jpeg,0x0,fuitwashere.gr,d5065da43fca7027f0edbf7119dbc73542a460f22574ea7af42511ae99c5fddb
ast_0766,ev_112,blogs,https://blogger.googleusercontent.com/img/b/R29vZ2xl/AVvXsEigbXjKGhlh47CAxzXuHjW97TF2ezv9SrtrYqgj_nX0iFsGTUbc62Ph4t3HzbW88fHPQF2qRFCBn_PzhUX0zIYj0qnr8d5oTcIQRTEe64yUhyE-ewHamgSi2SH6MYvyxyXZBAUDYjFEUKp5n_sAmWpTIHc2uGyyqJfhy7TaTsEAVDWyS372PqKAJReR/s0/IMG_20230312_012251_855~2.jpg,/Users/graogro/Dropbox/vlax-archive/raw/blogs/media/2023-03-10_Fuit_was_in_Rotterdam__0.jpg,0x0,fuitwashere.gr,1a0e0e508add09aadc58166a3874d8279279642c4ec180d1a838a9e3e4c02e53
ast_0767,ev_112,blogs,https://blogger.googleusercontent.com/img/b/R29vZ2xl/AVvXsEhTyzrNHPMop9vIucqS691YdD9svZvnFEZy8tp2qm1-ZPIllqyw3KQdE_Sx9h5ZmVXV0RkvQQ1P5vgxzm8TzR1GMKBVcFmFErJPHv1KJeAWumxw_LeIxEjHgj057WkwzzNnNC0AfmUsC-k8nCB_j6Rq1j86LspEF7qCB9aqiT4A5GzM2jPWe9-n1iQe/s0/IMG_20230312_012255_049~2.jpg,/Users/graogro/Dropbox/vlax-archive/raw/blogs/media/2023-03-10_Fuit_was_in_Rotterdam__1.jpg,0x0,fuitwashere.gr,84d8a37d1ba5b1c2e31c6f98e6a52c9d108d081154ec4159c655f25526ed66a6
ast_0768,ev_112,blogs,https://blogger.googleusercontent.com/img/b/R29vZ2xl/AVvXsEiBwzN0Y2-GEBSFyibtF3cpVgWAPCCxjiALGj9Eyc7XwWLK3rjZR4oq102MNox4CVAyUWzwBBLhTuHGqDTaIxYx5ieVTrKrTzIjtQRvgy8U9Ns-HBCZWk_AsdBOxP6BqZmiE3A1t8dmtMpzj_29TF8w85k7BMgD5feVA9FmTwLwu3jEY2_gyRMlWxkL/s0/IMG_20230312_012248_768~2.jpg,/Users/graogro/Dropbox/vlax-archive/raw/blogs/media/2023-03-10_Fuit_was_in_Rotterdam__2.jpg,0x0,fuitwashere.gr,439112351acc5babe258b69e949c8e953a485d1b94247689cd5fd612c35c96e6
ast_0769,ev_112,blogs,https://blogger.googleusercontent.com/img/b/R29vZ2xl/AVvXsEhHHXlXHfp8dkLY3XvDruT9YLq76_US1Uy4BpI8Ye80UMWpqRZM-xgNrcvJWS-BSBMpqeymJyL0sxkYlIquc0qQ8-vShJATU4AwYxLfTqrX6ziC-91IhSi9zBY7T5lc9rq1UnvYmOt5bmAG_tZXC_oW1yVcRJLjULG_oa4KJdnhPh1BuQa2co6Kzo5q/s0/IMG_20230222_165504_677~2.jpg,/Users/graogro/Dropbox/vlax-archive/raw/blogs/media/2023-03-10_Fuit_Was_in_Vasilitsa_0.jpg,0x0,fuitwashere.gr,4e509c22f29e0b3e44eac5433cc2a06436601bbdffcee1bcb2ea2b39dc76beb8
ast_0770,ev_113,blogs,https://blogger.googleusercontent.com/img/b/R29vZ2xl/AVvXsEgX874X6jhIwype6m20mN5ZOSM0jfSa8elLQQcOJl4SOWzzMIb0IKo-it8jMRLu-ue2M5FSnF9Ku2GErwAce_VxI9Nyr4rf2Y91GlWpaFCOtfwBiZPCZpbm-kVZfXvuzPCCMUzcBA2ci5MqxMMyyXnTovQEBU2j0wAQRLXyeT_4DOIjkdt9y_6hZbNv/s0/PhotoRoom-20230305_194300_2.png,,0x0,fuitwashere.gr,
ast_0771,ev_113,blogs,https://blogger.googleusercontent.com/img/b/R29vZ2xl/AVvXsEiqsTHqdNbgxaAUpLt777pbK61g-Q-_9yr4PIGxruvCql2QxGXgPzL0E6s0dEvlIUH01rqUQPY7KmsUFzdyyvPXpsJUJFT_wT8TeH3kBqWK4j5GeqoZfrtVyeoUX6sjXdspYBAHwxJEU0R_upHwZ3WvhuYNa376lbpQIMr23zWnOa1IsTA7xFdu5y5-/s0/PhotoRoom-20230305_194230_2.png,,0x0,fuitwashere.gr,
ast_0772,ev_113,blogs,https://blogger.googleusercontent.com/img/b/R29vZ2xl/AVvXsEhgbPUPigvVR_YLaL7iVT_npOZaAYJ-M9JpyQueqncQsLTbsOH02KI9g5ClJxbeY-tCHzY7sr4rb9p0VaRmXxSKWWdNOVe_jiHvZhKrxvpa4617rNqpRoj1M3DmhNZHvSo0nRM0V2imwSlK0M_28Qb4Mqblrjk6hs-3T-4CkKZAVmgZHIarnkDI6J5X/s0/IMG_20230212_114935_833.jpg,,0x0,fuitwashere.gr,
ast_0773,ev_113,blogs,https://blogger.googleusercontent.com/img/b/R29vZ2xl/AVvXsEi4xh916Jg8UHugLwEemrRsNpQ6O8Mij2zViJJohfc4TFSSzgMLPTbfV5erR1PG5g6VCGbOj9N6jEf-qrxxXAqqwmBhST82cNaNN6ydQuvJzBDzW_r6pCqZx4bPSs2lHNSf-UOovjw11JNXb9Cc9ft6A_vYv0H6aB2Fhos6k73Li3naJMtshmBT3FQG/s0/PhotoRoom-20230213_131830_2.png,,0x0,fuitwashere.gr,
ast_0774,ev_113,blogs,https://blogger.googleusercontent.com/img/b/R29vZ2xl/AVvXsEj-P00jR2MPi7WkwltS-s5wqwgKCb-1fUEB1yXpuFRQelRNWvEgUh7M0sy85EeE-UOh0I3P7Sy8hAb13zBzVkUcQlyEFMCBwz0_sASyrpQ-NUyMQPD7x79d_Eqjjfmnt3TxPD9w2ObfKEjUDC64uDEj8E2wrrITB4bE_D9d62I97JCv9X0Jzq3sbCkx/s0/PhotoRoom-20230305_194148_2.png,,0x0,fuitwashere.gr,
ast_0775,ev_113,blogs,https://blogger.googleusercontent.com/img/b/R29vZ2xl/AVvXsEgA8MLiA3GOK7VqnE63vpJDyNWxgdelZuENHV8ElfvlDGBfrmlGhHQcuUtYj3kiWiIdBjeVirhK5t-9Hqaqm0DwEi0jUE9BCzvyDzo0XfRo-VX0AYZswqHMyxiG1_YDqItKrkPB8YseflF3-Tq5qrr0AUjui7zZO7h6Qa3jieUZpSlanrGkxXR_jV9_/s0/PhotoRoom-20230305_194207_2.png,,0x0,fuitwashere.gr,
ast_0776,ev_113,blogs,https://blogger.googleusercontent.com/img/b/R29vZ2xl/AVvXsEjIUGKc82-A8G2mJ2tGMHB-fGF6MdGw8Vr34cucpd7XyJaM9RDuk3LR8m6HCtpM0M62GjaGc52lH8u1KmNsJ44KDqCDx08A5Nn0V0nGbMVF9s5c0Cp-llsjeS2Usj-VStjXJ_WC_YX13-EdBHH0gi5IeXyQNt5KqVmhif39YmZop68KL9WgRB-9U1BI/s0/PXL_20230218_095730987.MP-EFFECTS.jpg,,0x0,fuitwashere.gr,
ast_0777,ev_113,blogs,https://blogger.googleusercontent.com/img/b/R29vZ2xl/AVvXsEiMxYcDCRp8HjRpee10QfNeLVy8iGfHhHCI5wDMUSpEeUUH7Fa40h7ukk8YA8_gnYcZ_ikX5Cxmpk7Hd2gdK3vCB9pJ1paCkDI1vXlHg9Me3oR-JlFEBcSnps9Fy7fY2ij0iauxJHv1o309riNazpVcWWTPXu6h9F7VfM5yP7IVqjdFnGRZ8lPhDpKg/s0/PXL_20230218_094343664.PORTRAIT_2.jpg,,0x0,fuitwashere.gr,
ast_0778,ev_113,blogs,https://blogger.googleusercontent.com/img/b/R29vZ2xl/AVvXsEhxsu3AhQnCcMqX5-8iKEmQ0yAB-WeKpjNYuAubCe85O9sdH1DXPjnhUadJvQ9M9QXEZJQXRpTJeF7BEctlntuIByt7yU1lZKUsHSnlPfRHNW-lERBPKnqYAVoMaUmatPZvMI0SRLdKls8XwuNgyTY79vA7auCI232PhXV3sexCMh7wss8IiOKOC_Op/s0/received_1424175318326468.jpeg,/Users/graogro/Dropbox/vlax-archive/raw/blogs/media/2023-03-05_Fuit_Was_Here___Our_People_0.jpeg,0x0,fuitwashere.gr,6fdd95ff995b9e30b3cab5af8b8288cb5d5b5d39e41f2ffd782cbed1455f8c45
ast_0779,ev_113,blogs,https://blogger.googleusercontent.com/img/b/R29vZ2xl/AVvXsEhX36SiMNusa55cR1IOLYym1LwJ2zs-FIHzrXxYPkYDU-635TmUYTQqbZ29bq6aI4yhSlhxgvdh9WdATqYqgbbGY8iDATr3n5DScw32i6oNUWbchfjw2dxwka6QR-QNXqpB92ICaGQ3DtNOTJTMgQbvLQ3vydE2AqU5ObN4UCeG7Q6PoDVP23JpfvLa/s0/received_767287338247700.jpeg,/Users/graogro/Dropbox/vlax-archive/raw/blogs/media/2023-03-05_Fuit_Was_Here___Our_People_1.jpeg,0x0,fuitwashere.gr,cf27ba93d3ded9f9b891a2a09c3c817f4d1b4863b34f64fe47b76eb985ece2e0
ast_0780,ev_113,blogs,https://blogger.googleusercontent.com/img/b/R29vZ2xl/AVvXsEg9cUse5bELymNHh8yvvvywInu7y6G1DnI1nk7adjrKkxkNN7JeqGfN0Oh2IScbq4SeaI5iaauk-J3WMm2_zQIzUux35JWMqN9i_oe8hCIKxgi0M2hNgQozk1iAVDXiK5PGYodYPW-NhyqJ_p5XUPGxETGcgSigetQ13C0inhctruKOvvORFzWSmzl4/s0/received_744610670619501.jpeg,/Users/graogro/Dropbox/vlax-archive/raw/blogs/media/2023-03-05_Fuit_Was_Here___Our_People_2.jpeg,0x0,fuitwashere.gr,b30da6d64a09d2f593abcaf2565bc99638d7cf8e72be0185ae4d99c4dfe47dcc
ast_0781,ev_113,blogs,https://blogger.googleusercontent.com/img/b/R29vZ2xl/AVvXsEhoe9uJWBcNwblRym06VVQjFOAXcj7Eb3yLbpaNgkcvi4mZbwF791mkE6DxmovvxVC6OijFWkNhCAvCG3yXbmNxnpUrBBRyjpjhe0EDOp2KJFc6L9bAgeXwNn7LC-LfJiBKCI0AGtdVj7wxv7zUBVN2W6cYxBPVz4HU_7NDddIyvvWfyCvG4XbQCf95/s0/PhotoRoom-20230305_194046_2.png,,0x0,fuitwashere.gr,
ast_0782,ev_113,blogs,https://blogger.googleusercontent.com/img/b/R29vZ2xl/AVvXsEjJJQxD68IygTdF3qpc5cXWqSsOLSpyc8ndqzkEuM33-NYl9OONBXmipxor6ekbL9V4AJet8Mib-7CfThZgpYDSqd3NdVmA2roAjfCdTjblrtndLM0b7gRVl84Agj9WsWj9cxve-CwFavxdv76eG0UZSkfSYKkdf4PY-Vc1xxa2EaJk0lhterSZI-zN/s0/PhotoRoom-20230305_194017_2.png,,0x0,fuitwashere.gr,
ast_0783,ev_113,blogs,https://blogger.googleusercontent.com/img/b/R29vZ2xl/AVvXsEh2DYV_1R3XsR_gksfnQS8t711Uwh9qE4UL3fkCKBOyNyaFFq7EkNYRPOSKsXSCgI0zuDaSAVwG3B-I-HN71HT_hepJuyxgI0b3VwqM7fKMmwC3a-bNuzLSNMh7v6BS1s_pTswIO4Q2QgNSwMaMYuMqwpktQz9fJJ6_uS6B5PiaRT5T5UDQyluM3BPj/s0/PXL_20230218_092739683.PORTRAIT.jpg,,0x0,fuitwashere.gr,
ast_0784,ev_113,blogs,https://blogger.googleusercontent.com/img/b/R29vZ2xl/AVvXsEj8_XTyjk6kyDXrVYS0PRQo4qeYY_x35M0kZEMjHBT10-yFMVA3KNBdrKGIAf0hyyqXVJVrUdh3B0pojuvXt27fomztHqRO4S5VnRjjt2UwwvY1D4LTj9J01In7xZcrnBA9F7TfYussZ0OktIa3WiUBsfshWEQzu0OKTpx8D0YlALGfTIuZgVimRJtD/s0/PXL_20230218_092649461.PORTRAIT.jpg,,0x0,fuitwashere.gr,
ast_0785,ev_113,blogs,https://blogger.googleusercontent.com/img/b/R29vZ2xl/AVvXsEhxJFPMkoUVaz3mTwacZMrz72lchG9ianvGL_IQdf01XcwWBYXICM-8GDqNTnQqBBEofTI6VaRNMJZ00hiFyzM5T20yaiaHfaADmPEsAi07-qDDy1hXsfhYOxjBJGW1HNCzEOVqlfZpXyw7AcNj1T31jTUIBCmBJgBTwLddsoG5geUjUV_f7P7xG61H/s0/PXL_20230218_092701124.PORTRAIT_2.jpg,,0x0,fuitwashere.gr,
ast_0786,ev_113,blogs,https://blogger.googleusercontent.com/img/b/R29vZ2xl/AVvXsEgRk2rRhXVPJwI7paN_EoRyKvn-Og2RGG5uT98BprHO8-p_IR32HH-L6sLxUHt8R7AExgZCBzDfcrYoMXrpwPcmnrF0C5rU7I1QTNh-jRP4KRFT-vlhAW09L9LGIYoI_rR20v2YTNWP_GXEkha7k78ljmy-McrTXl8C_cvfT5XJ2fXogTN51hfpi3qM/s0/PhotoRoom-20230305_193905_2.png,,0x0,fuitwashere.gr,
ast_0787,ev_113,blogs,https://blogger.googleusercontent.com/img/b/R29vZ2xl/AVvXsEheiSPDUTUtCMc3lusjh8c19zUQYopoyQfj7oQMWoY1_sDqnLS1ZSm7fJsqU-DRH14wJ88U0ZsoRotXulghcL4NJ9QQz6c2O-_iPt6QZi-uGL915kETexe79CnqTf5VxWNI8BXMM6H_FLz2rVlpEtOE7DcYBZPe_kyu6Ir3UyR_6nVVihjBNwIZbkHv/s0/PhotoRoom-20230305_193939_2.png,,0x0,fuitwashere.gr,
ast_0788,ev_113,blogs,https://blogger.googleusercontent.com/img/b/R29vZ2xl/AVvXsEjdVqYZXth9qrAR_7YYahXCt_KJnH-loN59IaAsXIkr636K_obpGm9aglp6A3hsS8psfLpUfnItaNLUD0JpvU2x6UjzwuuKcbSDISSkL23cjViOItYsC8SV6i7Oxqvt_2mhqTD2POti17WOReG79A3k5BwsieRKpur80rkH-mrSNXZJzVNaGt0DW6_R/s0/PXL_20230218_091613975.PORTRAIT.jpg,,0x0,fuitwashere.gr,
ast_0789,ev_113,blogs,https://blogger.googleusercontent.com/img/b/R29vZ2xl/AVvXsEjXFXo-2I3MOaCB-qb-el8K5UvNMhx19DlVio9zjZCbJHELoLqk0WywnIpljAIMH7KxHtT4uzYe9bHk-OwaN_e0fIvhSPl_KSg2W9Jx-zSqVaLiJdKi6oLk4lIaBdyVRcvxdfWdVbggvWllRm5iVNkSr3JkXtVjuzcUijCHPrRp6yxo6xgXiUwWKzeC/s0/PXL_20230218_092222863.PORTRAIT.jpg,,0x0,fuitwashere.gr,
ast_0790,ev_113,blogs,https://blogger.googleusercontent.com/img/b/R29vZ2xl/AVvXsEgCjr1vESXxHnVqsSRLjYddJBBpAUeIN0TFxO0LXvJZG0ARpV1z8aXAbWKybRp_tDJULAhoi3dxcAfs9ikATEe-kjeM1wtAIMonA_0ZBMtqnjaQTqImM9nVv9P10DmkQkJOImmyqsTMlpNARFGqkokMggGcLXdcLbgATn5qd-d_TFkc4R7aWjolhtAs/s0/PXL_20230218_092305564.PORTRAIT.jpg,,0x0,fuitwashere.gr,
ast_0791,ev_113,blogs,https://blogger.googleusercontent.com/img/b/R29vZ2xl/AVvXsEjkD2aUT5ROwQsKhLJXiauCRcYfRu4FoAautDSNxZA2KgglihEy4vO-k_WHSm5g8DjtgHx5ELuq_Acz12UNgea5AG2udRl0Qm5Ii9H_dFKrKe5wG_xsSdELjRIqTffXSNqFzpvphB7WN0RVJo3F8Umt4Bon9ydWPTTT9Vq3FSY13l9oLrUNz0rxOsnu/s0/PXL_20230219_122311374.PORTRAIT-EFFECTS.jpg,,0x0,fuitwashere.gr,
ast_0792,ev_113,blogs,https://blogger.googleusercontent.com/img/b/R29vZ2xl/AVvXsEiJ9QAw65Lyy_gpAPsxxj-T7Ddeoj1KW7CVTHGNaLZOojM8aJBJR2Z0GBvSQJfaqO8WVPyUJ2z6X-1X-nHWk7irbzDg2AGg4DHCpMAErH86zhpbFHj6L3GYS-gHnLpl9O7JcFTbafBu3TFZffaVMEvjOjB7guqhzEKhv9KTLQyuoobGm-hNLo2_psV7/s0/received_959089288435081~3.jpeg,,0x0,fuitwashere.gr,
ast_0793,ev_113,blogs,https://blogger.googleusercontent.com/img/b/R29vZ2xl/AVvXsEj7CdfB1bRAT1rGPbbCqOxMWgkxZYVDo_osNTZxJeRx0MftoIt9Z0SEwzpNSn-6NKxuvYkPrXPw1zXS78AaXSutSS4LvQwS9zOclQkbgB2PQtbQN5dpURRm1T3uAXpCMoUaMsJeKSYTB-CQf8FcAvUIDhZGDnyPkk_dYD0QOAhF1wgwsfdJ_KSlBxEm/s0/PXL_20230219_122441042.PORTRAIT~2.jpg,,0x0,fuitwashere.gr,
ast_0794,ev_113,blogs,https://blogger.googleusercontent.com/img/b/R29vZ2xl/AVvXsEhl-aUHHzlhjs4hxZf0UMYNOWZeiZcNG6XyPdUD83tHGsLpS2Lq7tugUP2sapWtOF3jBUuaXrC5HkB1gsjSaE5bwIxFh-ZNTMELy8r4EU655WPJ-qI94uSfC5XleuB2W_hqh5F4GyWr82FOO3NVLGSDArBMWiqUuOYBUYY2NjjQbQcPmoCx53S-Rlk3/s0/IMG_20230221_180822_566.jpg,,0x0,fuitwashere.gr,
ast_0795,ev_113,blogs,https://blogger.googleusercontent.com/img/b/R29vZ2xl/AVvXsEit4ItgnovPEUkcZMkJb18rzWVWhARrcePgEisduRqh1D9FwDPjqJNEJvJU7NKWeVy6-uKZg6QvQBOFplSORVQxn7DpYCcJLKH_h2hYDmLoxccTCXvFu2krs0I_D0f55szeffc6MKLMeOaBzgft7TDkXNTlTUORXc2ZfdTlCrVVWFAMF8P_kwutm_p-/s0/PXL_20230219_122506671.PORTRAIT.jpg,,0x0,fuitwashere.gr,
ast_0796,ev_114,blogs,https://blogger.googleusercontent.com/img/b/R29vZ2xl/AVvXsEiZAAd68zD1V5HTBPXmAreEb3BMAMd49oDBapMlbCAaZDIIZ1SLx82srlF48-ZrpdksGVdFsI-7Zm9cpnvhQBdPyjhEioRSHtcHI-FCeK1BSMteJXfvfgTSLho_wv1mJfcZrU8vRhY3-LOPgikNmL823_fJpPbGzxbM60qawjMYCzi-1d4da3qaQqQ/s0/Screenshot_20221014-131946.png,,0x0,fuitwashere.gr,
ast_0797,ev_115,blogs,https://blogger.googleusercontent.com/img/a/AVvXsEiJZQ3cAiT8-Rx8lOslma7YLU5q9AdrzGlRQWbz7k48Up2Q9xrUaYLSg1Ytjv0BAY4VErSghQVKCe5hSyjN8mFXRif9oPUfdt0qrqVlX1KdfxIOrZEVWJiEYpQtRPf8jhA8zqSu183QUmaPPFsFq8_b_NVBij3r8ywBO5_jjowZIVNnU0e4i48MGkw=s16000,/Users/graogro/Dropbox/vlax-archive/raw/blogs/media/2023-01-01_About_Us_0.jpg,0x0,fuitwashere.gr,a897ce9d0b3f38b72e6a1df76b0975971767c4b8d59ec1f0b41e050dd63dd3f2
ast_0798,ev_116,youtube,https://img.youtube.com/vi/xn4L7PU5ojw/maxresdefault.jpg,,0x0,youtube,
ast_0799,ev_117,youtube,https://img.youtube.com/vi/rdjKJ8n9Xao/maxresdefault.jpg,,0x0,youtube,
ast_0800,ev_118,youtube,https://img.youtube.com/vi/8c9jAMPYcqM/maxresdefault.jpg,,0x0,youtube,
ast_0801,ev_119,youtube,https://img.youtube.com/vi/4n0dkSR27HU/maxresdefault.jpg,,0x0,youtube,
ast_0802,ev_120,youtube,https://img.youtube.com/vi/u15W78Ak5sk/maxresdefault.jpg,,0x0,youtube,
ast_0803,ev_121,youtube,https://img.youtube.com/vi/c6f7JAUqv8c/maxresdefault.jpg,,0x0,youtube,
ast_0804,ev_122,youtube,https://img.youtube.com/vi/G6PK3kCBg-Y/maxresdefault.jpg,,0x0,youtube,
ast_0805,ev_123,youtube,https://img.youtube.com/vi/qbChPsvFshA/maxresdefault.jpg,,0x0,youtube,
ast_0806,ev_124,youtube,https://img.youtube.com/vi/16KcuzINFpI/maxresdefault.jpg,,0x0,youtube,
ast_0807,ev_125,youtube,https://img.youtube.com/vi/N3TQSokzKUw/maxresdefault.jpg,,0x0,youtube,
ast_0808,ev_126,youtube,https://img.youtube.com/vi/dNjDtK1u2lg/maxresdefault.jpg,,0x0,youtube,
ast_0809,ev_127,youtube,https://img.youtube.com/vi/qyFbnfN0Nas/maxresdefault.jpg,,0x0,youtube,
ast_0810,ev_128,youtube,https://img.youtube.com/vi/F1Sv6_pswGQ/maxresdefault.jpg,,0x0,youtube,
ast_0811,ev_129,youtube,https://i.ytimg.com/vi_webp/Mqv6h2eb98Q/maxresdefault.webp,,1920x1080,youtube,
ast_0812,ev_130,youtube,https://i.ytimg.com/vi_webp/VUylKr6kZuI/maxresdefault.webp,,1920x1080,youtube,
ast_0813,ev_131,youtube,https://i.ytimg.com/vi_webp/vl-KqghWBm8/maxresdefault.webp,,1920x1080,youtube,
ast_0814,ev_132,youtube,https://img.youtube.com/vi/SoO1puPjzs0/maxresdefault.jpg,,0x0,youtube,
ast_0815,ev_133,youtube,https://img.youtube.com/vi/sAk8JoAKJSc/maxresdefault.jpg,,0x0,youtube,
ast_0816,ev_134,youtube,https://img.youtube.com/vi/nW9oS7CFZFE/maxresdefault.jpg,,0x0,youtube,
ast_0817,ev_135,youtube,https://img.youtube.com/vi/PhANeHMk7ew/maxresdefault.jpg,,0x0,youtube,
ast_0818,ev_136,youtube,https://img.youtube.com/vi/xmUAiIbKVIw/maxresdefault.jpg,,0x0,youtube,
ast_0819,ev_137,youtube,https://img.youtube.com/vi/u6e7Amftuhc/maxresdefault.jpg,,0x0,youtube,
ast_0820,ev_138,youtube,https://img.youtube.com/vi/gLdtS6XC-P4/maxresdefault.jpg,,0x0,youtube,
ast_0821,ev_139,youtube,https://img.youtube.com/vi/I1V1rpIVOMw/maxresdefault.jpg,,0x0,youtube,
ast_0822,ev_140,youtube,https://img.youtube.com/vi/WZCOeRMXK9s/maxresdefault.jpg,,0x0,youtube,
ast_0823,ev_141,youtube,https://img.youtube.com/vi/a7Xf7MyarPw/maxresdefault.jpg,,0x0,youtube,
ast_0824,ev_142,youtube,https://img.youtube.com/vi/z1ZZYrVcGH8/maxresdefault.jpg,,0x0,youtube,
ast_0825,ev_143,youtube,https://img.youtube.com/vi/ncKWbpJr10c/maxresdefault.jpg,,0x0,youtube,
